date,symbol,yahoo_ticker,adjusted_close,close,volume,data_source
2026-01-30,ABB,ABB.NS,5491.133301,5578.5,634906,YAHOO_FINANCE_VIA_YFINANCE
2026-01-30,APLAPOLLO,APLAPOLLO.NS,2045.699951,2045.699951,1175836,YAHOO_FINANCE_VIA_YFINANCE
2026-01-30,APOLLOHOSP,APOLLOHOSP.NS,6943.188965,6960.5,489138,YAHOO_FINANCE_VIA_YFINANCE
2026-01-30,ASIANPAINT,ASIANPAINT.NS,2407.41333,2428.300049,2048843,YAHOO_FINANCE_VIA_YFINANCE
2026-01-30,ASTRAL,ASTRAL.NS,1474.28125,1476.599976,371018,YAHOO_FINANCE_VIA_YFINANCE
2026-01-30,AXISBANK,AXISBANK.NS,1369.343994,1370.400024,14758482,YAHOO_FINANCE_VIA_YFINANCE
2026-01-30,BAJFINANCE,BAJFINANCE.NS,924.1688843,929.8499756,10151379,YAHOO_FINANCE_VIA_YFINANCE
2026-01-30,BALKRISIND,BALKRISIND.NS,2293.820068,2305.800049,606036,YAHOO_FINANCE_VIA_YFINANCE
2026-01-30,BANKBARODA,BANKBARODA.NS,290.0195923,299.3999939,11708481,YAHOO_FINANCE_VIA_YFINANCE
2026-01-30,BANKNIFTY,^NSEBANK,59610.44922,59610.44922,317800,YAHOO_FINANCE_VIA_YFINANCE
2026-01-30,BEL,BEL.NS,446.4904785,449,36684903,YAHOO_FINANCE_VIA_YFINANCE
2026-01-30,BHARTIARTL,BHARTIARTL.NS,1944.231323,1968.699951,7683747,YAHOO_FINANCE_VIA_YFINANCE
2026-01-30,CIPLA,CIPLA.NS,1311.694336,1324,2157826,YAHOO_FINANCE_VIA_YFINANCE
2026-01-30,COFORGE,COFORGE.NS,1646.178223,1653.800049,1487848,YAHOO_FINANCE_VIA_YFINANCE
2026-01-30,CROMPTON,CROMPTON.NS,218.8183899,221.4499969,4231737,YAHOO_FINANCE_VIA_YFINANCE
2026-01-30,CUMMINSIND,CUMMINSIND.NS,4060.207764,4112.5,718670,YAHOO_FINANCE_VIA_YFINANCE
2026-01-30,DEEPAKNTR,DEEPAKNTR.NS,1635.032227,1642.5,247998,YAHOO_FINANCE_VIA_YFINANCE
2026-01-30,DIXON,DIXON.NS,10446,10446,1996677,YAHOO_FINANCE_VIA_YFINANCE
2026-01-30,DRREDDY,DRREDDY.NS,1210.423828,1218.099976,1672460,YAHOO_FINANCE_VIA_YFINANCE
2026-01-30,ESCORTS,ESCORTS.NS,3326.196045,3380.800049,142539,YAHOO_FINANCE_VIA_YFINANCE
2026-01-30,FEDERALBNK,FEDERALBNK.NS,286.7702942,287.75,4286394,YAHOO_FINANCE_VIA_YFINANCE
2026-01-30,HAL,HAL.NS,4572.071777,4619.399902,1582165,YAHOO_FINANCE_VIA_YFINANCE
2026-01-30,HDFCBANK,HDFCBANK.NS,914.1307983,929.25,29691233,YAHOO_FINANCE_VIA_YFINANCE
2026-01-30,HINDUNILVR,HINDUNILVR.NS,2349.105957,2373,2090462,YAHOO_FINANCE_VIA_YFINANCE
2026-01-30,ICICIBANK,ICICIBANK.NS,1343.672119,1355,24013717,YAHOO_FINANCE_VIA_YFINANCE
2026-01-30,IDFCFIRSTB,IDFCFIRSTB.NS,83.33518982,83.58000183,42058731,YAHOO_FINANCE_VIA_YFINANCE
2026-01-30,INDUSINDBK,INDUSINDBK.NS,894.6509399,896.0999756,2867342,YAHOO_FINANCE_VIA_YFINANCE
2026-01-30,INFY,INFY.NS,1606.241943,1641,9207926,YAHOO_FINANCE_VIA_YFINANCE
2026-01-30,KAYNES,KAYNES.NS,3475.399902,3475.399902,1691171,YAHOO_FINANCE_VIA_YFINANCE
2026-01-30,KEI,KEI.NS,4021.100098,4021.100098,430431,YAHOO_FINANCE_VIA_YFINANCE
2026-01-30,KOTAKBANK,KOTAKBANK.NS,407.296814,408,20681886,YAHOO_FINANCE_VIA_YFINANCE
2026-01-30,KPITTECH,KPITTECH.NS,1030.827393,1041.900024,2183053,YAHOO_FINANCE_VIA_YFINANCE
2026-01-30,LALPATHLAB,LALPATHLAB.NS,1398.880127,1409.5,434875,YAHOO_FINANCE_VIA_YFINANCE
2026-01-30,LT,LT.NS,3894.263428,3932.300049,2208465,YAHOO_FINANCE_VIA_YFINANCE
2026-01-30,M&M,M&M.NS,3396.135498,3431.800049,5291090,YAHOO_FINANCE_VIA_YFINANCE
2026-01-30,MARUTI,MARUTI.NS,14453.83984,14599,946509,YAHOO_FINANCE_VIA_YFINANCE
2026-01-30,MAXHEALTH,MAXHEALTH.NS,955.1026001,956.7999878,5638365,YAHOO_FINANCE_VIA_YFINANCE
2026-01-30,NIFTY,^NSEI,25320.65039,25320.65039,508400,YAHOO_FINANCE_VIA_YFINANCE
2026-01-30,PERSISTENT,PERSISTENT.NS,6014.111816,6035,486262,YAHOO_FINANCE_VIA_YFINANCE
2026-01-30,PIIND,PIIND.NS,3178.748291,3195.399902,185708,YAHOO_FINANCE_VIA_YFINANCE
2026-01-30,POLYCAB,POLYCAB.NS,6980.379395,7013.5,396287,YAHOO_FINANCE_VIA_YFINANCE
2026-01-30,RELIANCE,RELIANCE.NS,1388.977905,1395.400024,11239835,YAHOO_FINANCE_VIA_YFINANCE
2026-01-30,SBIN,SBIN.NS,1058.078125,1077.150024,9480769,YAHOO_FINANCE_VIA_YFINANCE
2026-01-30,SIEMENS,SIEMENS.NS,3086.134766,3101.300049,242521,YAHOO_FINANCE_VIA_YFINANCE
2026-01-30,SUNPHARMA,SUNPHARMA.NS,1580.861084,1595.300049,3962196,YAHOO_FINANCE_VIA_YFINANCE
2026-01-30,SUPREMEIND,SUPREMEIND.NS,3488.829346,3513.5,578316,YAHOO_FINANCE_VIA_YFINANCE
2026-01-30,TATAMOTORS,TMPV.NS,347.170105,350.0499878,9910289,YAHOO_FINANCE_VIA_YFINANCE
2026-01-30,TCS,TCS.NS,3065.302734,3123.899902,3022068,YAHOO_FINANCE_VIA_YFINANCE
2026-01-30,TITAN,TITAN.NS,3964.391602,3977.399902,1427639,YAHOO_FINANCE_VIA_YFINANCE
2026-01-30,TRENT,TRENT.NS,2519.943115,2523.666748,1605357,YAHOO_FINANCE_VIA_YFINANCE
2026-01-30,ULTRACEMCO,ULTRACEMCO.NS,12440.07812,12694,296876,YAHOO_FINANCE_VIA_YFINANCE
2026-01-30,VOLTAS,VOLTAS.NS,1323.741577,1327.900024,1448958,YAHOO_FINANCE_VIA_YFINANCE
2026-02-02,ABB,ABB.NS,5382.36377,5468,156864,YAHOO_FINANCE_VIA_YFINANCE
2026-02-02,APLAPOLLO,APLAPOLLO.NS,2079.300049,2079.300049,629971,YAHOO_FINANCE_VIA_YFINANCE
2026-02-02,APOLLOHOSP,APOLLOHOSP.NS,6916.255859,6933.5,343776,YAHOO_FINANCE_VIA_YFINANCE
2026-02-02,ASIANPAINT,ASIANPAINT.NS,2381.3396,2402,1183482,YAHOO_FINANCE_VIA_YFINANCE
2026-02-02,ASTRAL,ASTRAL.NS,1465.295288,1467.599976,243894,YAHOO_FINANCE_VIA_YFINANCE
2026-02-02,AXISBANK,AXISBANK.NS,1310.48938,1311.5,8647298,YAHOO_FINANCE_VIA_YFINANCE
2026-02-02,BAJFINANCE,BAJFINANCE.NS,898.1787109,903.7000122,11874989,YAHOO_FINANCE_VIA_YFINANCE
2026-02-02,BALKRISIND,BALKRISIND.NS,2285.8479,2293.800049,173624,YAHOO_FINANCE_VIA_YFINANCE
2026-02-02,BANKBARODA,BANKBARODA.NS,268.9026184,277.6000061,16234606,YAHOO_FINANCE_VIA_YFINANCE
2026-02-02,BANKNIFTY,^NSEBANK,58619,58619,282500,YAHOO_FINANCE_VIA_YFINANCE
2026-02-02,BEL,BEL.NS,436.645813,439.1000061,43652893,YAHOO_FINANCE_VIA_YFINANCE
2026-02-02,BHARTIARTL,BHARTIARTL.NS,1940.972412,1965.400024,5326225,YAHOO_FINANCE_VIA_YFINANCE
2026-02-02,CIPLA,CIPLA.NS,1299.409546,1311.599976,1832963,YAHOO_FINANCE_VIA_YFINANCE
2026-02-02,COFORGE,COFORGE.NS,1660.511719,1668.199951,790021,YAHOO_FINANCE_VIA_YFINANCE
2026-02-02,CROMPTON,CROMPTON.NS,222.7313385,225.4100037,3743357,YAHOO_FINANCE_VIA_YFINANCE
2026-02-02,CUMMINSIND,CUMMINSIND.NS,4040.264893,4092.300049,498551,YAHOO_FINANCE_VIA_YFINANCE
2026-02-02,DEEPAKNTR,DEEPAKNTR.NS,1612.236328,1619.599976,87567,YAHOO_FINANCE_VIA_YFINANCE
2026-02-02,DIXON,DIXON.NS,10339,10339,822592,YAHOO_FINANCE_VIA_YFINANCE
2026-02-02,DRREDDY,DRREDDY.NS,1175.048218,1182.5,1207638,YAHOO_FINANCE_VIA_YFINANCE
2026-02-02,ESCORTS,ESCORTS.NS,3444.749756,3501.300049,88940,YAHOO_FINANCE_VIA_YFINANCE
2026-02-02,FEDERALBNK,FEDERALBNK.NS,280.3422241,281.2999878,7143698,YAHOO_FINANCE_VIA_YFINANCE
2026-02-02,HAL,HAL.NS,4294.248047,4338.700195,2563637,YAHOO_FINANCE_VIA_YFINANCE
2026-02-02,HDFCBANK,HDFCBANK.NS,912.9994507,928.0999756,28032106,YAHOO_FINANCE_VIA_YFINANCE
2026-02-02,HINDUNILVR,HINDUNILVR.NS,2333.563965,2357.300049,1375089,YAHOO_FINANCE_VIA_YFINANCE
2026-02-02,ICICIBANK,ICICIBANK.NS,1341.490601,1352.800049,12800245,YAHOO_FINANCE_VIA_YFINANCE
2026-02-02,IDFCFIRSTB,IDFCFIRSTB.NS,80.97212982,81.20999908,35455846,YAHOO_FINANCE_VIA_YFINANCE
2026-02-02,INDUSINDBK,INDUSINDBK.NS,908.7780762,910.25,3762702,YAHOO_FINANCE_VIA_YFINANCE
2026-02-02,INFY,INFY.NS,1594.887573,1629.400024,6784887,YAHOO_FINANCE_VIA_YFINANCE
2026-02-02,KAYNES,KAYNES.NS,3471.100098,3471.100098,2325340,YAHOO_FINANCE_VIA_YFINANCE
2026-02-02,KEI,KEI.NS,4079.800049,4079.800049,360527,YAHOO_FINANCE_VIA_YFINANCE
2026-02-02,KOTAKBANK,KOTAKBANK.NS,407.4964905,408.2000122,15422034,YAHOO_FINANCE_VIA_YFINANCE
2026-02-02,KPITTECH,KPITTECH.NS,987.8886108,998.5,1616312,YAHOO_FINANCE_VIA_YFINANCE
2026-02-02,LALPATHLAB,LALPATHLAB.NS,1407.018188,1417.699951,222114,YAHOO_FINANCE_VIA_YFINANCE
2026-02-02,LT,LT.NS,3883.369873,3921.300049,3034613,YAHOO_FINANCE_VIA_YFINANCE
2026-02-02,M&M,M&M.NS,3427.208984,3463.199951,2950641,YAHOO_FINANCE_VIA_YFINANCE
2026-02-02,MARUTI,MARUTI.NS,14240.97754,14384,621514,YAHOO_FINANCE_VIA_YFINANCE
2026-02-02,MAXHEALTH,MAXHEALTH.NS,956.4002686,958.0999756,2926581,YAHOO_FINANCE_VIA_YFINANCE
2026-02-02,NIFTY,^NSEI,25088.40039,25088.40039,449200,YAHOO_FINANCE_VIA_YFINANCE
2026-02-02,PERSISTENT,PERSISTENT.NS,6061.447266,6082.5,180834,YAHOO_FINANCE_VIA_YFINANCE
2026-02-02,PIIND,PIIND.NS,3075.290283,3091.399902,335538,YAHOO_FINANCE_VIA_YFINANCE
2026-02-02,POLYCAB,POLYCAB.NS,7003.270508,7036.5,292881,YAHOO_FINANCE_VIA_YFINANCE
2026-02-02,RELIANCE,RELIANCE.NS,1384.000977,1390.400024,15711165,YAHOO_FINANCE_VIA_YFINANCE
2026-02-02,SBIN,SBIN.NS,1010.485901,1028.699951,14434549,YAHOO_FINANCE_VIA_YFINANCE
2026-02-02,SIEMENS,SIEMENS.NS,3074.790283,3089.899902,211371,YAHOO_FINANCE_VIA_YFINANCE
2026-02-02,SUNPHARMA,SUNPHARMA.NS,1613.166016,1627.900024,2721280,YAHOO_FINANCE_VIA_YFINANCE
2026-02-02,SUPREMEIND,SUPREMEIND.NS,3575.516357,3600.800049,148477,YAHOO_FINANCE_VIA_YFINANCE
2026-02-02,TATAMOTORS,TMPV.NS,359.9143982,362.8999939,19654613,YAHOO_FINANCE_VIA_YFINANCE
2026-02-02,TCS,TCS.NS,3110.145508,3169.600098,2636272,YAHOO_FINANCE_VIA_YFINANCE
2026-02-02,TITAN,TITAN.NS,3940.270752,3953.199951,1273196,YAHOO_FINANCE_VIA_YFINANCE
2026-02-02,TRENT,TRENT.NS,2476.939941,2480.600098,1570212,YAHOO_FINANCE_VIA_YFINANCE
2026-02-02,ULTRACEMCO,ULTRACEMCO.NS,12284.25879,12535,259656,YAHOO_FINANCE_VIA_YFINANCE
2026-02-02,VOLTAS,VOLTAS.NS,1322.64502,1326.800049,804266,YAHOO_FINANCE_VIA_YFINANCE
2026-02-03,ABB,ABB.NS,5579.723633,5668.5,646658,YAHOO_FINANCE_VIA_YFINANCE
2026-02-03,APLAPOLLO,APLAPOLLO.NS,2137.5,2137.5,1273084,YAHOO_FINANCE_VIA_YFINANCE
2026-02-03,APOLLOHOSP,APOLLOHOSP.NS,7070.870117,7088.5,438009,YAHOO_FINANCE_VIA_YFINANCE
2026-02-03,ASIANPAINT,ASIANPAINT.NS,2405.133057,2426,2233860,YAHOO_FINANCE_VIA_YFINANCE
2026-02-03,ASTRAL,ASTRAL.NS,1501.139038,1503.5,460248,YAHOO_FINANCE_VIA_YFINANCE
2026-02-03,AXISBANK,AXISBANK.NS,1355.154785,1356.199951,10384723,YAHOO_FINANCE_VIA_YFINANCE
2026-02-03,BAJFINANCE,BAJFINANCE.NS,958.5078735,964.4000244,15261370,YAHOO_FINANCE_VIA_YFINANCE
2026-02-03,BALKRISIND,BALKRISIND.NS,2562.983398,2571.899902,2320342,YAHOO_FINANCE_VIA_YFINANCE
2026-02-03,BANKBARODA,BANKBARODA.NS,276.4582214,285.3999939,15500999,YAHOO_FINANCE_VIA_YFINANCE
2026-02-03,BANKNIFTY,^NSEBANK,60041.30078,60041.30078,368300,YAHOO_FINANCE_VIA_YFINANCE
2026-02-03,BEL,BEL.NS,436.4966736,438.9500122,26696516,YAHOO_FINANCE_VIA_YFINANCE
2026-02-03,BHARTIARTL,BHARTIARTL.NS,1972.475952,1997.300049,6915795,YAHOO_FINANCE_VIA_YFINANCE
2026-02-03,CIPLA,CIPLA.NS,1310.505493,1322.800049,2711571,YAHOO_FINANCE_VIA_YFINANCE
2026-02-03,COFORGE,COFORGE.NS,1704.209473,1712.099976,1260061,YAHOO_FINANCE_VIA_YFINANCE
2026-02-03,CROMPTON,CROMPTON.NS,229.9248199,232.6900024,4511140,YAHOO_FINANCE_VIA_YFINANCE
2026-02-03,CUMMINSIND,CUMMINSIND.NS,4112.830078,4165.799805,689244,YAHOO_FINANCE_VIA_YFINANCE
2026-02-03,DEEPAKNTR,DEEPAKNTR.NS,1649.665405,1657.199951,124811,YAHOO_FINANCE_VIA_YFINANCE
2026-02-03,DIXON,DIXON.NS,11031,11031,1584528,YAHOO_FINANCE_VIA_YFINANCE
2026-02-03,DRREDDY,DRREDDY.NS,1227.614868,1235.400024,1521425,YAHOO_FINANCE_VIA_YFINANCE
2026-02-03,ESCORTS,ESCORTS.NS,3542.642822,3600.800049,421228,YAHOO_FINANCE_VIA_YFINANCE
2026-02-03,FEDERALBNK,FEDERALBNK.NS,284.5279541,285.5,8832776,YAHOO_FINANCE_VIA_YFINANCE
2026-02-03,HAL,HAL.NS,4424.598145,4470.399902,1450873,YAHOO_FINANCE_VIA_YFINANCE
2026-02-03,HDFCBANK,HDFCBANK.NS,933.2643433,948.7000122,50336968,YAHOO_FINANCE_VIA_YFINANCE
2026-02-03,HINDUNILVR,HINDUNILVR.NS,2344.750244,2368.600098,1553270,YAHOO_FINANCE_VIA_YFINANCE
2026-02-03,ICICIBANK,ICICIBANK.NS,1378.082031,1389.699951,24896698,YAHOO_FINANCE_VIA_YFINANCE
2026-02-03,IDFCFIRSTB,IDFCFIRSTB.NS,84.60146332,84.84999847,34975303,YAHOO_FINANCE_VIA_YFINANCE
2026-02-03,INDUSINDBK,INDUSINDBK.NS,920.9084473,922.4000244,9608114,YAHOO_FINANCE_VIA_YFINANCE
2026-02-03,INFY,INFY.NS,1620.924194,1656,8805868,YAHOO_FINANCE_VIA_YFINANCE
2026-02-03,KAYNES,KAYNES.NS,3550.300049,3550.300049,1966185,YAHOO_FINANCE_VIA_YFINANCE
2026-02-03,KEI,KEI.NS,4367,4367,969623,YAHOO_FINANCE_VIA_YFINANCE
2026-02-03,KOTAKBANK,KOTAKBANK.NS,415.083374,415.7999878,35396945,YAHOO_FINANCE_VIA_YFINANCE
2026-02-03,KPITTECH,KPITTECH.NS,979.2810059,989.7999878,1343955,YAHOO_FINANCE_VIA_YFINANCE
2026-02-03,LALPATHLAB,LALPATHLAB.NS,1395.208008,1405.800049,291370,YAHOO_FINANCE_VIA_YFINANCE
2026-02-03,LT,LT.NS,3999.733154,4038.800049,3742190,YAHOO_FINANCE_VIA_YFINANCE
2026-02-03,M&M,M&M.NS,3491.236572,3527.899902,5492214,YAHOO_FINANCE_VIA_YFINANCE
2026-02-03,MARUTI,MARUTI.NS,14635.01953,14782,638870,YAHOO_FINANCE_VIA_YFINANCE
2026-02-03,MAXHEALTH,MAXHEALTH.NS,1001.719788,1003.5,4528070,YAHOO_FINANCE_VIA_YFINANCE
2026-02-03,NIFTY,^NSEI,25727.55078,25727.55078,637300,YAHOO_FINANCE_VIA_YFINANCE
2026-02-03,PERSISTENT,PERSISTENT.NS,6256.769043,6278.5,353120,YAHOO_FINANCE_VIA_YFINANCE
2026-02-03,PIIND,PIIND.NS,3150.993896,3167.5,495072,YAHOO_FINANCE_VIA_YFINANCE
2026-02-03,POLYCAB,POLYCAB.NS,7469.558105,7505,916405,YAHOO_FINANCE_VIA_YFINANCE
2026-02-03,RELIANCE,RELIANCE.NS,1430.485962,1437.099976,25456171,YAHOO_FINANCE_VIA_YFINANCE
2026-02-03,SBIN,SBIN.NS,1045.3573,1064.199951,16129381,YAHOO_FINANCE_VIA_YFINANCE
2026-02-03,SIEMENS,SIEMENS.NS,3195.994873,3211.699951,555228,YAHOO_FINANCE_VIA_YFINANCE
2026-02-03,SUNPHARMA,SUNPHARMA.NS,1686.694336,1702.099976,8520586,YAHOO_FINANCE_VIA_YFINANCE
2026-02-03,SUPREMEIND,SUPREMEIND.NS,3654.160156,3680,511008,YAHOO_FINANCE_VIA_YFINANCE
2026-02-03,TATAMOTORS,TMPV.NS,368.9891052,372.0499878,16720225,YAHOO_FINANCE_VIA_YFINANCE
2026-02-03,TCS,TCS.NS,3164.800781,3225.300049,4366060,YAHOO_FINANCE_VIA_YFINANCE
2026-02-03,TITAN,TITAN.NS,4055.293457,4068.600098,1043274,YAHOO_FINANCE_VIA_YFINANCE
2026-02-03,TRENT,TRENT.NS,2544.772949,2548.533447,1116022,YAHOO_FINANCE_VIA_YFINANCE
2026-02-03,ULTRACEMCO,ULTRACEMCO.NS,12338.1582,12590,296810,YAHOO_FINANCE_VIA_YFINANCE
2026-02-03,VOLTAS,VOLTAS.NS,1362.619385,1366.900024,885505,YAHOO_FINANCE_VIA_YFINANCE
2026-02-04,ABB,ABB.NS,5664.869141,5755,509746,YAHOO_FINANCE_VIA_YFINANCE
2026-02-04,APLAPOLLO,APLAPOLLO.NS,2174.199951,2174.199951,1134262,YAHOO_FINANCE_VIA_YFINANCE
2026-02-04,APOLLOHOSP,APOLLOHOSP.NS,7098.302246,7116,216137,YAHOO_FINANCE_VIA_YFINANCE
2026-02-04,ASIANPAINT,ASIANPAINT.NS,2431.603271,2452.699951,970973,YAHOO_FINANCE_VIA_YFINANCE
2026-02-04,ASTRAL,ASTRAL.NS,1499.042358,1501.400024,738217,YAHOO_FINANCE_VIA_YFINANCE
2026-02-04,AXISBANK,AXISBANK.NS,1337.668335,1338.699951,6672251,YAHOO_FINANCE_VIA_YFINANCE
2026-02-04,BAJFINANCE,BAJFINANCE.NS,957.4145508,963.2999878,17489015,YAHOO_FINANCE_VIA_YFINANCE
2026-02-04,BALKRISIND,BALKRISIND.NS,2654.266113,2663.5,325950,YAHOO_FINANCE_VIA_YFINANCE
2026-02-04,BANKBARODA,BANKBARODA.NS,281.7374878,290.8500061,9434395,YAHOO_FINANCE_VIA_YFINANCE
2026-02-04,BANKNIFTY,^NSEBANK,60238.14844,60238.14844,255600,YAHOO_FINANCE_VIA_YFINANCE
2026-02-04,BEL,BEL.NS,436.7453003,439.2000122,12400181,YAHOO_FINANCE_VIA_YFINANCE
2026-02-04,BHARTIARTL,BHARTIARTL.NS,2000.621704,2025.800049,7464725,YAHOO_FINANCE_VIA_YFINANCE
2026-02-04,CIPLA,CIPLA.NS,1314.369141,1326.699951,1590247,YAHOO_FINANCE_VIA_YFINANCE
2026-02-04,COFORGE,COFORGE.NS,1606.462158,1613.900024,4759330,YAHOO_FINANCE_VIA_YFINANCE
2026-02-04,CROMPTON,CROMPTON.NS,241.1596985,244.0599976,9631168,YAHOO_FINANCE_VIA_YFINANCE
2026-02-04,CUMMINSIND,CUMMINSIND.NS,4148.865723,4202.299805,415811,YAHOO_FINANCE_VIA_YFINANCE
2026-02-04,DEEPAKNTR,DEEPAKNTR.NS,1618.706787,1626.099976,123960,YAHOO_FINANCE_VIA_YFINANCE
2026-02-04,DIXON,DIXON.NS,11678,11678,1509099,YAHOO_FINANCE_VIA_YFINANCE
2026-02-04,DRREDDY,DRREDDY.NS,1232.384521,1240.199951,947684,YAHOO_FINANCE_VIA_YFINANCE
2026-02-04,ESCORTS,ESCORTS.NS,3541.658691,3599.800049,306622,YAHOO_FINANCE_VIA_YFINANCE
2026-02-04,FEDERALBNK,FEDERALBNK.NS,286.4214783,287.3999939,3498764,YAHOO_FINANCE_VIA_YFINANCE
2026-02-04,HAL,HAL.NS,4173.893555,4217.100098,5290920,YAHOO_FINANCE_VIA_YFINANCE
2026-02-04,HDFCBANK,HDFCBANK.NS,937.5927124,953.0999756,24366770,YAHOO_FINANCE_VIA_YFINANCE
2026-02-04,HINDUNILVR,HINDUNILVR.NS,2347.125977,2371,1232755,YAHOO_FINANCE_VIA_YFINANCE
2026-02-04,ICICIBANK,ICICIBANK.NS,1396.625732,1408.400024,11080683,YAHOO_FINANCE_VIA_YFINANCE
2026-02-04,IDFCFIRSTB,IDFCFIRSTB.NS,84.89061737,85.13999939,23063205,YAHOO_FINANCE_VIA_YFINANCE
2026-02-04,INDUSINDBK,INDUSINDBK.NS,919.8101807,921.2999878,2883259,YAHOO_FINANCE_VIA_YFINANCE
2026-02-04,INFY,INFY.NS,1503.270142,1535.800049,28828622,YAHOO_FINANCE_VIA_YFINANCE
2026-02-04,KAYNES,KAYNES.NS,3779.399902,3779.399902,2778461,YAHOO_FINANCE_VIA_YFINANCE
2026-02-04,KEI,KEI.NS,4423.299805,4423.299805,312397,YAHOO_FINANCE_VIA_YFINANCE
2026-02-04,KOTAKBANK,KOTAKBANK.NS,411.6393433,412.3500061,14948177,YAHOO_FINANCE_VIA_YFINANCE
2026-02-04,KPITTECH,KPITTECH.NS,973.1825562,981.4000244,1305703,YAHOO_FINANCE_VIA_YFINANCE
2026-02-04,LALPATHLAB,LALPATHLAB.NS,1396.200317,1406.800049,326387,YAHOO_FINANCE_VIA_YFINANCE
2026-02-04,LT,LT.NS,4047.566162,4087.100098,1403373,YAHOO_FINANCE_VIA_YFINANCE
2026-02-04,M&M,M&M.NS,3536.857666,3574,2395062,YAHOO_FINANCE_VIA_YFINANCE
2026-02-04,MARUTI,MARUTI.NS,14921.14648,15071,451065,YAHOO_FINANCE_VIA_YFINANCE
2026-02-04,MAXHEALTH,MAXHEALTH.NS,1023.630798,1025.449951,1588624,YAHOO_FINANCE_VIA_YFINANCE
2026-02-04,NIFTY,^NSEI,25776,25776,429800,YAHOO_FINANCE_VIA_YFINANCE
2026-02-04,PERSISTENT,PERSISTENT.NS,5965.28125,5986,1427211,YAHOO_FINANCE_VIA_YFINANCE
2026-02-04,PIIND,PIIND.NS,3139.65332,3156.100098,98921,YAHOO_FINANCE_VIA_YFINANCE
2026-02-04,POLYCAB,POLYCAB.NS,7593.967773,7630,354745,YAHOO_FINANCE_VIA_YFINANCE
2026-02-04,RELIANCE,RELIANCE.NS,1450.095459,1456.800049,8333387,YAHOO_FINANCE_VIA_YFINANCE
2026-02-04,SBIN,SBIN.NS,1049.286499,1068.199951,7312276,YAHOO_FINANCE_VIA_YFINANCE
2026-02-04,SIEMENS,SIEMENS.NS,3274.409668,3290.5,466540,YAHOO_FINANCE_VIA_YFINANCE
2026-02-04,SUNPHARMA,SUNPHARMA.NS,1688.973633,1704.400024,3952775,YAHOO_FINANCE_VIA_YFINANCE
2026-02-04,SUPREMEIND,SUPREMEIND.NS,3714.731934,3741,367285,YAHOO_FINANCE_VIA_YFINANCE
2026-02-04,TATAMOTORS,TMPV.NS,372.3611755,375.4500122,10142353,YAHOO_FINANCE_VIA_YFINANCE
2026-02-04,TCS,TCS.NS,2942.84375,2999.100098,10852595,YAHOO_FINANCE_VIA_YFINANCE
2026-02-04,TITAN,TITAN.NS,4130.446777,4144,917279,YAHOO_FINANCE_VIA_YFINANCE
2026-02-04,TRENT,TRENT.NS,2671.119629,2675.06665,2888310,YAHOO_FINANCE_VIA_YFINANCE
2026-02-04,ULTRACEMCO,ULTRACEMCO.NS,12549.83789,12806,159977,YAHOO_FINANCE_VIA_YFINANCE
2026-02-04,VOLTAS,VOLTAS.NS,1415.054688,1419.5,598049,YAHOO_FINANCE_VIA_YFINANCE
2026-02-05,ABB,ABB.NS,5679.634277,5770,205411,YAHOO_FINANCE_VIA_YFINANCE
2026-02-05,APLAPOLLO,APLAPOLLO.NS,2182.100098,2182.100098,1043338,YAHOO_FINANCE_VIA_YFINANCE
2026-02-05,APOLLOHOSP,APOLLOHOSP.NS,7104.287109,7122,234707,YAHOO_FINANCE_VIA_YFINANCE
2026-02-05,ASIANPAINT,ASIANPAINT.NS,2411.180664,2432.100098,1047405,YAHOO_FINANCE_VIA_YFINANCE
2026-02-05,ASTRAL,ASTRAL.NS,1501.23877,1503.599976,298047,YAHOO_FINANCE_VIA_YFINANCE
2026-02-05,AXISBANK,AXISBANK.NS,1329.574585,1330.599976,3766488,YAHOO_FINANCE_VIA_YFINANCE
2026-02-05,BAJFINANCE,BAJFINANCE.NS,958.8557129,964.75,6020258,YAHOO_FINANCE_VIA_YFINANCE
2026-02-05,BALKRISIND,BALKRISIND.NS,2678.481934,2687.800049,511866,YAHOO_FINANCE_VIA_YFINANCE
2026-02-05,BANKBARODA,BANKBARODA.NS,281.3500366,290.4500122,4970798,YAHOO_FINANCE_VIA_YFINANCE
2026-02-05,BANKNIFTY,^NSEBANK,60063.64844,60063.64844,200,YAHOO_FINANCE_VIA_YFINANCE
2026-02-05,BEL,BEL.NS,430.4804688,432.8999939,14345511,YAHOO_FINANCE_VIA_YFINANCE
2026-02-05,BHARTIARTL,BHARTIARTL.NS,1967.636841,1992.400024,7708690,YAHOO_FINANCE_VIA_YFINANCE
2026-02-05,CIPLA,CIPLA.NS,1320.907959,1333.300049,999810,YAHOO_FINANCE_VIA_YFINANCE
2026-02-05,COFORGE,COFORGE.NS,1592.427002,1599.800049,1684388,YAHOO_FINANCE_VIA_YFINANCE
2026-02-05,CROMPTON,CROMPTON.NS,243.6991577,246.6300049,3565459,YAHOO_FINANCE_VIA_YFINANCE
2026-02-05,CUMMINSIND,CUMMINSIND.NS,4335.561035,4391.399902,1692136,YAHOO_FINANCE_VIA_YFINANCE
2026-02-05,DEEPAKNTR,DEEPAKNTR.NS,1599.494629,1606.800049,58975,YAHOO_FINANCE_VIA_YFINANCE
2026-02-05,DIXON,DIXON.NS,11376,11376,1047347,YAHOO_FINANCE_VIA_YFINANCE
2026-02-05,DRREDDY,DRREDDY.NS,1237.055054,1244.900024,953241,YAHOO_FINANCE_VIA_YFINANCE
2026-02-05,ESCORTS,ESCORTS.NS,3654.112549,3714.100098,168164,YAHOO_FINANCE_VIA_YFINANCE
2026-02-05,FEDERALBNK,FEDERALBNK.NS,286.6208191,287.6000061,2481799,YAHOO_FINANCE_VIA_YFINANCE
2026-02-05,HAL,HAL.NS,3994.154053,4035.5,6343724,YAHOO_FINANCE_VIA_YFINANCE
2026-02-05,HDFCBANK,HDFCBANK.NS,934.2480469,949.7000122,28103169,YAHOO_FINANCE_VIA_YFINANCE
2026-02-05,HINDUNILVR,HINDUNILVR.NS,2330.693115,2354.399902,1962066,YAHOO_FINANCE_VIA_YFINANCE
2026-02-05,ICICIBANK,ICICIBANK.NS,1384.825195,1396.5,8982761,YAHOO_FINANCE_VIA_YFINANCE
2026-02-05,IDFCFIRSTB,IDFCFIRSTB.NS,85.22962189,85.48000336,27129853,YAHOO_FINANCE_VIA_YFINANCE
2026-02-05,INDUSINDBK,INDUSINDBK.NS,912.9213867,914.4000244,2552518,YAHOO_FINANCE_VIA_YFINANCE
2026-02-05,INFY,INFY.NS,1488.000488,1520.199951,10628127,YAHOO_FINANCE_VIA_YFINANCE
2026-02-05,KAYNES,KAYNES.NS,3616.100098,3616.100098,2568106,YAHOO_FINANCE_VIA_YFINANCE
2026-02-05,KEI,KEI.NS,4443,4443,252191,YAHOO_FINANCE_VIA_YFINANCE
2026-02-05,KOTAKBANK,KOTAKBANK.NS,408.0455322,408.75,24814864,YAHOO_FINANCE_VIA_YFINANCE
2026-02-05,KPITTECH,KPITTECH.NS,951.4659424,959.5,891033,YAHOO_FINANCE_VIA_YFINANCE
2026-02-05,LALPATHLAB,LALPATHLAB.NS,1403.861328,1411,213161,YAHOO_FINANCE_VIA_YFINANCE
2026-02-05,LT,LT.NS,4023.996338,4063.300049,1433240,YAHOO_FINANCE_VIA_YFINANCE
2026-02-05,M&M,M&M.NS,3534.878418,3572,1251428,YAHOO_FINANCE_VIA_YFINANCE
2026-02-05,MARUTI,MARUTI.NS,14909.26562,15059,374759,YAHOO_FINANCE_VIA_YFINANCE
2026-02-05,MAXHEALTH,MAXHEALTH.NS,1038.953613,1040.800049,3842206,YAHOO_FINANCE_VIA_YFINANCE
2026-02-05,NIFTY,^NSEI,25642.80078,25642.80078,343800,YAHOO_FINANCE_VIA_YFINANCE
2026-02-05,PERSISTENT,PERSISTENT.NS,5959.800293,5980.5,1381637,YAHOO_FINANCE_VIA_YFINANCE
2026-02-05,PIIND,PIIND.NS,3125.427734,3141.800049,214116,YAHOO_FINANCE_VIA_YFINANCE
2026-02-05,POLYCAB,POLYCAB.NS,7500.909668,7536.5,194719,YAHOO_FINANCE_VIA_YFINANCE
2026-02-05,RELIANCE,RELIANCE.NS,1436.75708,1443.400024,11763658,YAHOO_FINANCE_VIA_YFINANCE
2026-02-05,SBIN,SBIN.NS,1054.492676,1073.5,9551567,YAHOO_FINANCE_VIA_YFINANCE
2026-02-05,SIEMENS,SIEMENS.NS,3283.863037,3300,205714,YAHOO_FINANCE_VIA_YFINANCE
2026-02-05,SUNPHARMA,SUNPHARMA.NS,1698.149414,1702.599976,3074842,YAHOO_FINANCE_VIA_YFINANCE
2026-02-05,SUPREMEIND,SUPREMEIND.NS,3714.632568,3740.899902,153458,YAHOO_FINANCE_VIA_YFINANCE
2026-02-05,TATAMOTORS,TMPV.NS,371.0718384,374.1499939,14013838,YAHOO_FINANCE_VIA_YFINANCE
2026-02-05,TCS,TCS.NS,2935.38623,2991.5,3521545,YAHOO_FINANCE_VIA_YFINANCE
2026-02-05,TITAN,TITAN.NS,4084.19873,4097.600098,693637,YAHOO_FINANCE_VIA_YFINANCE
2026-02-05,TRENT,TRENT.NS,2750.135986,2754.199951,5756748,YAHOO_FINANCE_VIA_YFINANCE
2026-02-05,ULTRACEMCO,ULTRACEMCO.NS,12517.49805,12773,172331,YAHOO_FINANCE_VIA_YFINANCE
2026-02-05,VOLTAS,VOLTAS.NS,1422.331787,1426.800049,392029,YAHOO_FINANCE_VIA_YFINANCE
2026-02-06,ABB,ABB.NS,5724.914062,5816,304093,YAHOO_FINANCE_VIA_YFINANCE
2026-02-06,APLAPOLLO,APLAPOLLO.NS,2198,2198,1580478,YAHOO_FINANCE_VIA_YFINANCE
2026-02-06,APOLLOHOSP,APOLLOHOSP.NS,7134.711426,7152.5,668962,YAHOO_FINANCE_VIA_YFINANCE
2026-02-06,ASIANPAINT,ASIANPAINT.NS,2380.447266,2401.100098,1043982,YAHOO_FINANCE_VIA_YFINANCE
2026-02-06,ASTRAL,ASTRAL.NS,1469.888062,1472.199951,998285,YAHOO_FINANCE_VIA_YFINANCE
2026-02-06,AXISBANK,AXISBANK.NS,1340.56604,1341.599976,5876574,YAHOO_FINANCE_VIA_YFINANCE
2026-02-06,BAJFINANCE,BAJFINANCE.NS,975.7021484,981.7000122,13742927,YAHOO_FINANCE_VIA_YFINANCE
2026-02-06,BALKRISIND,BALKRISIND.NS,2695.422852,2704.800049,178896,YAHOO_FINANCE_VIA_YFINANCE
2026-02-06,BANKBARODA,BANKBARODA.NS,280.1391907,289.2000122,4988298,YAHOO_FINANCE_VIA_YFINANCE
2026-02-06,BANKNIFTY,^NSEBANK,60120.55078,60120.55078,204800,YAHOO_FINANCE_VIA_YFINANCE
2026-02-06,BEL,BEL.NS,427.2486267,429.6499939,11078888,YAHOO_FINANCE_VIA_YFINANCE
2026-02-06,BHARTIARTL,BHARTIARTL.NS,2013.065063,2038.400024,13870403,YAHOO_FINANCE_VIA_YFINANCE
2026-02-06,CIPLA,CIPLA.NS,1317.63855,1330,1457970,YAHOO_FINANCE_VIA_YFINANCE
2026-02-06,COFORGE,COFORGE.NS,1538.875,1546,2751610,YAHOO_FINANCE_VIA_YFINANCE
2026-02-06,CROMPTON,CROMPTON.NS,242.1181641,245.0299988,2074085,YAHOO_FINANCE_VIA_YFINANCE
2026-02-06,CUMMINSIND,CUMMINSIND.NS,4312.854004,4368.399902,575249,YAHOO_FINANCE_VIA_YFINANCE
2026-02-06,DEEPAKNTR,DEEPAKNTR.NS,1609.946899,1617.300049,68055,YAHOO_FINANCE_VIA_YFINANCE
2026-02-06,DIXON,DIXON.NS,11502,11502,477648,YAHOO_FINANCE_VIA_YFINANCE
2026-02-06,DRREDDY,DRREDDY.NS,1233.378296,1241.199951,1324651,YAHOO_FINANCE_VIA_YFINANCE
2026-02-06,ESCORTS,ESCORTS.NS,3702.911621,3763.699951,91708,YAHOO_FINANCE_VIA_YFINANCE
2026-02-06,FEDERALBNK,FEDERALBNK.NS,285.8235168,286.7999878,5682140,YAHOO_FINANCE_VIA_YFINANCE
2026-02-06,HAL,HAL.NS,4025.826416,4067.5,2094080,YAHOO_FINANCE_VIA_YFINANCE
2026-02-06,HDFCBANK,HDFCBANK.NS,925.7879639,941.0999756,18120272,YAHOO_FINANCE_VIA_YFINANCE
2026-02-06,HINDUNILVR,HINDUNILVR.NS,2399.790283,2424.199951,1421995,YAHOO_FINANCE_VIA_YFINANCE
2026-02-06,ICICIBANK,ICICIBANK.NS,1394.344971,1406.099976,10851190,YAHOO_FINANCE_VIA_YFINANCE
2026-02-06,IDFCFIRSTB,IDFCFIRSTB.NS,84.86070251,85.11000061,17886315,YAHOO_FINANCE_VIA_YFINANCE
2026-02-06,INDUSINDBK,INDUSINDBK.NS,902.1387939,903.5999756,2711855,YAHOO_FINANCE_VIA_YFINANCE
2026-02-06,INFY,INFY.NS,1475.177979,1507.099976,13900866,YAHOO_FINANCE_VIA_YFINANCE
2026-02-06,KAYNES,KAYNES.NS,3700.300049,3700.300049,6979879,YAHOO_FINANCE_VIA_YFINANCE
2026-02-06,KEI,KEI.NS,4462.600098,4462.600098,204878,YAHOO_FINANCE_VIA_YFINANCE
2026-02-06,KOTAKBANK,KOTAKBANK.NS,421.6221008,422.3500061,21228778,YAHOO_FINANCE_VIA_YFINANCE
2026-02-06,KPITTECH,KPITTECH.NS,950.3751221,958.4000244,887854,YAHOO_FINANCE_VIA_YFINANCE
2026-02-06,LALPATHLAB,LALPATHLAB.NS,1436.097534,1443.400024,195854,YAHOO_FINANCE_VIA_YFINANCE
2026-02-06,LT,LT.NS,4028.749756,4068.100098,1630836,YAHOO_FINANCE_VIA_YFINANCE
2026-02-06,M&M,M&M.NS,3540.816162,3578,1462031,YAHOO_FINANCE_VIA_YFINANCE
2026-02-06,MARUTI,MARUTI.NS,14847.88184,14997,276529,YAHOO_FINANCE_VIA_YFINANCE
2026-02-06,MAXHEALTH,MAXHEALTH.NS,1038.005249,1039.849976,3384955,YAHOO_FINANCE_VIA_YFINANCE
2026-02-06,NIFTY,^NSEI,25693.69922,25693.69922,375500,YAHOO_FINANCE_VIA_YFINANCE
2026-02-06,PERSISTENT,PERSISTENT.NS,5831.745117,5852,601645,YAHOO_FINANCE_VIA_YFINANCE
2026-02-06,PIIND,PIIND.NS,3112.99292,3129.300049,67954,YAHOO_FINANCE_VIA_YFINANCE
2026-02-06,POLYCAB,POLYCAB.NS,7587.498535,7623.5,142827,YAHOO_FINANCE_VIA_YFINANCE
2026-02-06,RELIANCE,RELIANCE.NS,1444.123047,1450.800049,8277304,YAHOO_FINANCE_VIA_YFINANCE
2026-02-06,SBIN,SBIN.NS,1047.518433,1066.400024,7041557,YAHOO_FINANCE_VIA_YFINANCE
2026-02-06,SIEMENS,SIEMENS.NS,3160.668457,3176.199951,851068,YAHOO_FINANCE_VIA_YFINANCE
2026-02-06,SUNPHARMA,SUNPHARMA.NS,1690.669067,1695.099976,1277116,YAHOO_FINANCE_VIA_YFINANCE
2026-02-06,SUPREMEIND,SUPREMEIND.NS,3652.770264,3678.600098,116106,YAHOO_FINANCE_VIA_YFINANCE
2026-02-06,TATAMOTORS,TMPV.NS,366.4601135,369.5,23116970,YAHOO_FINANCE_VIA_YFINANCE
2026-02-06,TCS,TCS.NS,2886.422119,2941.600098,4687389,YAHOO_FINANCE_VIA_YFINANCE
2026-02-06,TITAN,TITAN.NS,4127.456543,4141,888701,YAHOO_FINANCE_VIA_YFINANCE
2026-02-06,TRENT,TRENT.NS,2738.486816,2742.533447,1673695,YAHOO_FINANCE_VIA_YFINANCE
2026-02-06,ULTRACEMCO,ULTRACEMCO.NS,12467.51758,12722,124704,YAHOO_FINANCE_VIA_YFINANCE
2026-02-06,VOLTAS,VOLTAS.NS,1430.506104,1435,458866,YAHOO_FINANCE_VIA_YFINANCE
2026-02-09,ABB,ABB.NS,5724.421387,5815.5,137449,YAHOO_FINANCE_VIA_YFINANCE
2026-02-09,APLAPOLLO,APLAPOLLO.NS,2234.600098,2234.600098,974447,YAHOO_FINANCE_VIA_YFINANCE
2026-02-09,APOLLOHOSP,APOLLOHOSP.NS,7193.065918,7211,412161,YAHOO_FINANCE_VIA_YFINANCE
2026-02-09,ASIANPAINT,ASIANPAINT.NS,2396.606934,2417.399902,669839,YAHOO_FINANCE_VIA_YFINANCE
2026-02-09,ASTRAL,ASTRAL.NS,1488.359009,1490.699951,452579,YAHOO_FINANCE_VIA_YFINANCE
2026-02-09,AXISBANK,AXISBANK.NS,1340.366333,1341.400024,4077536,YAHOO_FINANCE_VIA_YFINANCE
2026-02-09,BAJFINANCE,BAJFINANCE.NS,977.1433105,983.1500244,4852548,YAHOO_FINANCE_VIA_YFINANCE
2026-02-09,BALKRISIND,BALKRISIND.NS,2669.313721,2678.600098,233651,YAHOO_FINANCE_VIA_YFINANCE
2026-02-09,BANKBARODA,BANKBARODA.NS,281.4953308,290.6000061,8780025,YAHOO_FINANCE_VIA_YFINANCE
2026-02-09,BANKNIFTY,^NSEBANK,60669.35156,60669.35156,263400,YAHOO_FINANCE_VIA_YFINANCE
2026-02-09,BEL,BEL.NS,434.8558655,437.2999878,12162696,YAHOO_FINANCE_VIA_YFINANCE
2026-02-09,BHARTIARTL,BHARTIARTL.NS,2012.867554,2038.199951,7570161,YAHOO_FINANCE_VIA_YFINANCE
2026-02-09,CIPLA,CIPLA.NS,1330.022339,1342.5,1936551,YAHOO_FINANCE_VIA_YFINANCE
2026-02-09,COFORGE,COFORGE.NS,1542.159912,1549.300049,1542877,YAHOO_FINANCE_VIA_YFINANCE
2026-02-09,CROMPTON,CROMPTON.NS,259.7955933,262.9200134,8983263,YAHOO_FINANCE_VIA_YFINANCE
2026-02-09,CUMMINSIND,CUMMINSIND.NS,4371.202148,4427.5,531637,YAHOO_FINANCE_VIA_YFINANCE
2026-02-09,DEEPAKNTR,DEEPAKNTR.NS,1670.37085,1678,201968,YAHOO_FINANCE_VIA_YFINANCE
2026-02-09,DIXON,DIXON.NS,11757,11757,485574,YAHOO_FINANCE_VIA_YFINANCE
2026-02-09,DRREDDY,DRREDDY.NS,1267.462158,1275.5,2111316,YAHOO_FINANCE_VIA_YFINANCE
2026-02-09,ESCORTS,ESCORTS.NS,3716.587158,3777.600098,95553,YAHOO_FINANCE_VIA_YFINANCE
2026-02-09,FEDERALBNK,FEDERALBNK.NS,285.6740112,286.6499939,3613561,YAHOO_FINANCE_VIA_YFINANCE
2026-02-09,HAL,HAL.NS,4088.675781,4131,1664057,YAHOO_FINANCE_VIA_YFINANCE
2026-02-09,HDFCBANK,HDFCBANK.NS,922.0006104,937.25,23947829,YAHOO_FINANCE_VIA_YFINANCE
2026-02-09,HINDUNILVR,HINDUNILVR.NS,2410.481689,2435,958484,YAHOO_FINANCE_VIA_YFINANCE
2026-02-09,ICICIBANK,ICICIBANK.NS,1384.626953,1396.300049,7889742,YAHOO_FINANCE_VIA_YFINANCE
2026-02-09,IDFCFIRSTB,IDFCFIRSTB.NS,84.51173401,84.76000214,17020935,YAHOO_FINANCE_VIA_YFINANCE
2026-02-09,INDUSINDBK,INDUSINDBK.NS,926.3995361,927.9000244,6863941,YAHOO_FINANCE_VIA_YFINANCE
2026-02-09,INFY,INFY.NS,1465.487671,1497.199951,8294615,YAHOO_FINANCE_VIA_YFINANCE
2026-02-09,KAYNES,KAYNES.NS,3943.699951,3943.699951,3687383,YAHOO_FINANCE_VIA_YFINANCE
2026-02-09,KEI,KEI.NS,4599.100098,4599.100098,212259,YAHOO_FINANCE_VIA_YFINANCE
2026-02-09,KOTAKBANK,KOTAKBANK.NS,428.0609741,428.7999878,22538542,YAHOO_FINANCE_VIA_YFINANCE
2026-02-09,KPITTECH,KPITTECH.NS,955.9282227,964,960204,YAHOO_FINANCE_VIA_YFINANCE
2026-02-09,LALPATHLAB,LALPATHLAB.NS,1437.589844,1444.900024,181613,YAHOO_FINANCE_VIA_YFINANCE
2026-02-09,LT,LT.NS,4073.809814,4113.600098,1830267,YAHOO_FINANCE_VIA_YFINANCE
2026-02-09,M&M,M&M.NS,3572.087891,3609.600098,1294690,YAHOO_FINANCE_VIA_YFINANCE
2026-02-09,MARUTI,MARUTI.NS,14829.07129,14978,200034,YAHOO_FINANCE_VIA_YFINANCE
2026-02-09,MAXHEALTH,MAXHEALTH.NS,1008.208252,1010,3235020,YAHOO_FINANCE_VIA_YFINANCE
2026-02-09,NIFTY,^NSEI,25867.30078,25867.30078,359400,YAHOO_FINANCE_VIA_YFINANCE
2026-02-09,PERSISTENT,PERSISTENT.NS,5854.665527,5875,328310,YAHOO_FINANCE_VIA_YFINANCE
2026-02-09,PIIND,PIIND.NS,3199.241211,3216,160744,YAHOO_FINANCE_VIA_YFINANCE
2026-02-09,POLYCAB,POLYCAB.NS,7751.22168,7788,262430,YAHOO_FINANCE_VIA_YFINANCE
2026-02-09,RELIANCE,RELIANCE.NS,1454.873291,1461.599976,5775864,YAHOO_FINANCE_VIA_YFINANCE
2026-02-09,SBIN,SBIN.NS,1125.708984,1146,40852966,YAHOO_FINANCE_VIA_YFINANCE
2026-02-09,SIEMENS,SIEMENS.NS,3093.797119,3109,643425,YAHOO_FINANCE_VIA_YFINANCE
2026-02-09,SUNPHARMA,SUNPHARMA.NS,1700.144165,1704.599976,2647031,YAHOO_FINANCE_VIA_YFINANCE
2026-02-09,SUPREMEIND,SUPREMEIND.NS,3678.885254,3704.899902,236674,YAHOO_FINANCE_VIA_YFINANCE
2026-02-09,TATAMOTORS,TMPV.NS,374.295105,377.3999939,8800284,YAHOO_FINANCE_VIA_YFINANCE
2026-02-09,TCS,TCS.NS,2892.898438,2948.199951,2380318,YAHOO_FINANCE_VIA_YFINANCE
2026-02-09,TITAN,TITAN.NS,4243.874512,4257.799805,1092387,YAHOO_FINANCE_VIA_YFINANCE
2026-02-09,TRENT,TRENT.NS,2776.697021,2780.800049,1492629,YAHOO_FINANCE_VIA_YFINANCE
2026-02-09,ULTRACEMCO,ULTRACEMCO.NS,12786.99707,13048,235298,YAHOO_FINANCE_VIA_YFINANCE
2026-02-09,VOLTAS,VOLTAS.NS,1498.193481,1502.900024,769229,YAHOO_FINANCE_VIA_YFINANCE
2026-02-10,ABB,ABB.NS,5778.068359,5870,155125,YAHOO_FINANCE_VIA_YFINANCE
2026-02-10,APLAPOLLO,APLAPOLLO.NS,2238.699951,2238.699951,962439,YAHOO_FINANCE_VIA_YFINANCE
2026-02-10,APOLLOHOSP,APOLLOHOSP.NS,7201.045898,7219,277132,YAHOO_FINANCE_VIA_YFINANCE
2026-02-10,ASIANPAINT,ASIANPAINT.NS,2373.011963,2393.600098,1513620,YAHOO_FINANCE_VIA_YFINANCE
2026-02-10,ASTRAL,ASTRAL.NS,1529.793823,1532.199951,883095,YAHOO_FINANCE_VIA_YFINANCE
2026-02-10,AXISBANK,AXISBANK.NS,1355.654419,1356.699951,5478998,YAHOO_FINANCE_VIA_YFINANCE
2026-02-10,BAJFINANCE,BAJFINANCE.NS,959.7005005,965.5999756,6166752,YAHOO_FINANCE_VIA_YFINANCE
2026-02-10,BALKRISIND,BALKRISIND.NS,2706.883057,2716.300049,236311,YAHOO_FINANCE_VIA_YFINANCE
2026-02-10,BANKBARODA,BANKBARODA.NS,281.2531433,290.3500061,7522576,YAHOO_FINANCE_VIA_YFINANCE
2026-02-10,BANKNIFTY,^NSEBANK,60626.39844,60626.39844,215900,YAHOO_FINANCE_VIA_YFINANCE
2026-02-10,BEL,BEL.NS,434.8558655,437.2999878,10878065,YAHOO_FINANCE_VIA_YFINANCE
2026-02-10,BHARTIARTL,BHARTIARTL.NS,1986.302002,2011.300049,9077763,YAHOO_FINANCE_VIA_YFINANCE
2026-02-10,CIPLA,CIPLA.NS,1329.626099,1342.099976,1053439,YAHOO_FINANCE_VIA_YFINANCE
2026-02-10,COFORGE,COFORGE.NS,1543.852051,1551,3139868,YAHOO_FINANCE_VIA_YFINANCE
2026-02-10,CROMPTON,CROMPTON.NS,258.5505371,261.6600037,5938522,YAHOO_FINANCE_VIA_YFINANCE
2026-02-10,CUMMINSIND,CUMMINSIND.NS,4362.119141,4418.299805,660042,YAHOO_FINANCE_VIA_YFINANCE
2026-02-10,DEEPAKNTR,DEEPAKNTR.NS,1701.926636,1709.699951,182522,YAHOO_FINANCE_VIA_YFINANCE
2026-02-10,DIXON,DIXON.NS,11609,11609,546495,YAHOO_FINANCE_VIA_YFINANCE
2026-02-10,DRREDDY,DRREDDY.NS,1248.085083,1256,1412804,YAHOO_FINANCE_VIA_YFINANCE
2026-02-10,ESCORTS,ESCORTS.NS,3761.844238,3823.600098,337295,YAHOO_FINANCE_VIA_YFINANCE
2026-02-10,FEDERALBNK,FEDERALBNK.NS,281.2890015,282.25,5142766,YAHOO_FINANCE_VIA_YFINANCE
2026-02-10,HAL,HAL.NS,4125.59375,4168.299805,1000376,YAHOO_FINANCE_VIA_YFINANCE
2026-02-10,HDFCBANK,HDFCBANK.NS,917.2295532,932.4000244,31525385,YAHOO_FINANCE_VIA_YFINANCE
2026-02-10,HINDUNILVR,HINDUNILVR.NS,2428.894531,2453.600098,792532,YAHOO_FINANCE_VIA_YFINANCE
2026-02-10,ICICIBANK,ICICIBANK.NS,1394.741577,1406.5,16497628,YAHOO_FINANCE_VIA_YFINANCE
2026-02-10,IDFCFIRSTB,IDFCFIRSTB.NS,83.52462769,83.76999664,16522740,YAHOO_FINANCE_VIA_YFINANCE
2026-02-10,INDUSINDBK,INDUSINDBK.NS,926.0999756,927.5999756,2768617,YAHOO_FINANCE_VIA_YFINANCE
2026-02-10,INFY,INFY.NS,1466.075073,1497.800049,8657000,YAHOO_FINANCE_VIA_YFINANCE
2026-02-10,KAYNES,KAYNES.NS,3957.600098,3957.600098,2764396,YAHOO_FINANCE_VIA_YFINANCE
2026-02-10,KEI,KEI.NS,4590.600098,4590.600098,147718,YAHOO_FINANCE_VIA_YFINANCE
2026-02-10,KOTAKBANK,KOTAKBANK.NS,428.5600891,429.2999878,18428055,YAHOO_FINANCE_VIA_YFINANCE
2026-02-10,KPITTECH,KPITTECH.NS,965.4478149,973.5999756,1028511,YAHOO_FINANCE_VIA_YFINANCE
2026-02-10,LALPATHLAB,LALPATHLAB.NS,1448.434814,1455.800049,282978,YAHOO_FINANCE_VIA_YFINANCE
2026-02-10,LT,LT.NS,4128.673828,4169,1890409,YAHOO_FINANCE_VIA_YFINANCE
2026-02-10,M&M,M&M.NS,3637.599854,3675.800049,1917432,YAHOO_FINANCE_VIA_YFINANCE
2026-02-10,MARUTI,MARUTI.NS,14995.40039,15146,360240,YAHOO_FINANCE_VIA_YFINANCE
2026-02-10,MAXHEALTH,MAXHEALTH.NS,1019.687866,1021.5,4458942,YAHOO_FINANCE_VIA_YFINANCE
2026-02-10,NIFTY,^NSEI,25935.15039,25935.15039,460900,YAHOO_FINANCE_VIA_YFINANCE
2026-02-10,PERSISTENT,PERSISTENT.NS,5852.174316,5872.5,347608,YAHOO_FINANCE_VIA_YFINANCE
2026-02-10,PIIND,PIIND.NS,3173.973633,3190.600098,350115,YAHOO_FINANCE_VIA_YFINANCE
2026-02-10,POLYCAB,POLYCAB.NS,7705.936523,7742.5,131347,YAHOO_FINANCE_VIA_YFINANCE
2026-02-10,RELIANCE,RELIANCE.NS,1451.787476,1458.5,10259630,YAHOO_FINANCE_VIA_YFINANCE
2026-02-10,SBIN,SBIN.NS,1123.842651,1144.099976,17280036,YAHOO_FINANCE_VIA_YFINANCE
2026-02-10,SIEMENS,SIEMENS.NS,3096.284912,3111.5,223168,YAHOO_FINANCE_VIA_YFINANCE
2026-02-10,SUNPHARMA,SUNPHARMA.NS,1703.335938,1707.800049,1869988,YAHOO_FINANCE_VIA_YFINANCE
2026-02-10,SUPREMEIND,SUPREMEIND.NS,3664.785156,3690.699951,439128,YAHOO_FINANCE_VIA_YFINANCE
2026-02-10,TATAMOTORS,TMPV.NS,376.2290649,379.3500061,8921719,YAHOO_FINANCE_VIA_YFINANCE
2026-02-10,TCS,TCS.NS,2928.615723,2984.600098,3547763,YAHOO_FINANCE_VIA_YFINANCE
2026-02-10,TITAN,TITAN.NS,4255.137695,4269.100098,1713633,YAHOO_FINANCE_VIA_YFINANCE
2026-02-10,TRENT,TRENT.NS,2785.483887,2789.600098,974880,YAHOO_FINANCE_VIA_YFINANCE
2026-02-10,ULTRACEMCO,ULTRACEMCO.NS,12762.49707,13023,167157,YAHOO_FINANCE_VIA_YFINANCE
2026-02-10,VOLTAS,VOLTAS.NS,1470.979004,1475.599976,1416129,YAHOO_FINANCE_VIA_YFINANCE
2026-02-11,ABB,ABB.NS,5734.265137,5825.5,91365,YAHOO_FINANCE_VIA_YFINANCE
2026-02-11,APLAPOLLO,APLAPOLLO.NS,2280.800049,2280.800049,668687,YAHOO_FINANCE_VIA_YFINANCE
2026-02-11,APOLLOHOSP,APOLLOHOSP.NS,7488.32959,7507,1496488,YAHOO_FINANCE_VIA_YFINANCE
2026-02-11,ASIANPAINT,ASIANPAINT.NS,2371.921143,2392.5,3177710,YAHOO_FINANCE_VIA_YFINANCE
2026-02-11,ASTRAL,ASTRAL.NS,1589.599854,1592.099976,1584163,YAHOO_FINANCE_VIA_YFINANCE
2026-02-11,AXISBANK,AXISBANK.NS,1346.261841,1347.300049,3866272,YAHOO_FINANCE_VIA_YFINANCE
2026-02-11,BAJFINANCE,BAJFINANCE.NS,963.0300903,968.9500122,3597342,YAHOO_FINANCE_VIA_YFINANCE
2026-02-11,BALKRISIND,BALKRISIND.NS,2670.310547,2679.600098,100643,YAHOO_FINANCE_VIA_YFINANCE
2026-02-11,BANKBARODA,BANKBARODA.NS,282.0765381,291.2000122,7047693,YAHOO_FINANCE_VIA_YFINANCE
2026-02-11,BANKNIFTY,^NSEBANK,60745.35156,60745.35156,235100,YAHOO_FINANCE_VIA_YFINANCE
2026-02-11,BEL,BEL.NS,435.1044922,437.5499878,8274702,YAHOO_FINANCE_VIA_YFINANCE
2026-02-11,BHARTIARTL,BHARTIARTL.NS,1987.091919,2012.099976,7423601,YAHOO_FINANCE_VIA_YFINANCE
2026-02-11,CIPLA,CIPLA.NS,1337.353638,1349.900024,830695,YAHOO_FINANCE_VIA_YFINANCE
2026-02-11,COFORGE,COFORGE.NS,1513.393066,1520.400024,1685032,YAHOO_FINANCE_VIA_YFINANCE
2026-02-11,CROMPTON,CROMPTON.NS,262.8785095,266.0400085,2779422,YAHOO_FINANCE_VIA_YFINANCE
2026-02-11,CUMMINSIND,CUMMINSIND.NS,4327.308105,4363.200195,291346,YAHOO_FINANCE_VIA_YFINANCE
2026-02-11,DEEPAKNTR,DEEPAKNTR.NS,1665.19458,1672.800049,122536,YAHOO_FINANCE_VIA_YFINANCE
2026-02-11,DIXON,DIXON.NS,11741,11741,448093,YAHOO_FINANCE_VIA_YFINANCE
2026-02-11,DRREDDY,DRREDDY.NS,1262.295044,1270.300049,855888,YAHOO_FINANCE_VIA_YFINANCE
2026-02-11,ESCORTS,ESCORTS.NS,3635.321045,3695,229437,YAHOO_FINANCE_VIA_YFINANCE
2026-02-11,FEDERALBNK,FEDERALBNK.NS,289.5109253,290.5,16329588,YAHOO_FINANCE_VIA_YFINANCE
2026-02-11,HAL,HAL.NS,4090.655273,4133,916944,YAHOO_FINANCE_VIA_YFINANCE
2026-02-11,HDFCBANK,HDFCBANK.NS,912.0157471,927.0999756,24869804,YAHOO_FINANCE_VIA_YFINANCE
2026-02-11,HINDUNILVR,HINDUNILVR.NS,2438.100586,2462.899902,1137856,YAHOO_FINANCE_VIA_YFINANCE
2026-02-11,ICICIBANK,ICICIBANK.NS,1394.344971,1406.099976,8551341,YAHOO_FINANCE_VIA_YFINANCE
2026-02-11,IDFCFIRSTB,IDFCFIRSTB.NS,82.31816864,82.55999756,21018851,YAHOO_FINANCE_VIA_YFINANCE
2026-02-11,INDUSINDBK,INDUSINDBK.NS,923.5042114,925,2473671,YAHOO_FINANCE_VIA_YFINANCE
2026-02-11,INFY,INFY.NS,1440.723633,1471.900024,7934411,YAHOO_FINANCE_VIA_YFINANCE
2026-02-11,KAYNES,KAYNES.NS,4154.700195,4154.700195,3568986,YAHOO_FINANCE_VIA_YFINANCE
2026-02-11,KEI,KEI.NS,4605.899902,4605.899902,175173,YAHOO_FINANCE_VIA_YFINANCE
2026-02-11,KOTAKBANK,KOTAKBANK.NS,428.8096619,429.5499878,12299205,YAHOO_FINANCE_VIA_YFINANCE
2026-02-11,KPITTECH,KPITTECH.NS,951.3667603,959.4000244,632882,YAHOO_FINANCE_VIA_YFINANCE
2026-02-11,LALPATHLAB,LALPATHLAB.NS,1436.495483,1443.800049,121088,YAHOO_FINANCE_VIA_YFINANCE
2026-02-11,LT,LT.NS,4130.060059,4170.399902,1689489,YAHOO_FINANCE_VIA_YFINANCE
2026-02-11,M&M,M&M.NS,3636.708984,3674.899902,4787745,YAHOO_FINANCE_VIA_YFINANCE
2026-02-11,MARUTI,MARUTI.NS,15258.75586,15412,360742,YAHOO_FINANCE_VIA_YFINANCE
2026-02-11,MAXHEALTH,MAXHEALTH.NS,1053.278198,1055.150024,4114147,YAHOO_FINANCE_VIA_YFINANCE
2026-02-11,NIFTY,^NSEI,25953.84961,25953.84961,331400,YAHOO_FINANCE_VIA_YFINANCE
2026-02-11,PERSISTENT,PERSISTENT.NS,5704.187988,5724,741167,YAHOO_FINANCE_VIA_YFINANCE
2026-02-11,PIIND,PIIND.NS,3264.002197,3281.100098,528541,YAHOO_FINANCE_VIA_YFINANCE
2026-02-11,POLYCAB,POLYCAB.NS,7777.099121,7814,119349,YAHOO_FINANCE_VIA_YFINANCE
2026-02-11,RELIANCE,RELIANCE.NS,1461.940552,1468.699951,7106877,YAHOO_FINANCE_VIA_YFINANCE
2026-02-11,SBIN,SBIN.NS,1161.955688,1182.900024,29491859,YAHOO_FINANCE_VIA_YFINANCE
2026-02-11,SIEMENS,SIEMENS.NS,3136.188965,3151.600098,191571,YAHOO_FINANCE_VIA_YFINANCE
2026-02-11,SUNPHARMA,SUNPHARMA.NS,1706.627197,1711.099976,1175501,YAHOO_FINANCE_VIA_YFINANCE
2026-02-11,SUPREMEIND,SUPREMEIND.NS,3822.370605,3849.399902,597885,YAHOO_FINANCE_VIA_YFINANCE
2026-02-11,TATAMOTORS,TMPV.NS,381.5350647,384.7000122,10933658,YAHOO_FINANCE_VIA_YFINANCE
2026-02-11,TCS,TCS.NS,2855.21875,2909.800049,3363513,YAHOO_FINANCE_VIA_YFINANCE
2026-02-11,TITAN,TITAN.NS,4235.203125,4249.100098,3342226,YAHOO_FINANCE_VIA_YFINANCE
2026-02-11,TRENT,TRENT.NS,2808.449951,2812.600098,850761,YAHOO_FINANCE_VIA_YFINANCE
2026-02-11,ULTRACEMCO,ULTRACEMCO.NS,12709.57715,12969,92473,YAHOO_FINANCE_VIA_YFINANCE
2026-02-11,VOLTAS,VOLTAS.NS,1501.782227,1506.5,633002,YAHOO_FINANCE_VIA_YFINANCE
2026-02-12,ABB,ABB.NS,5697.844727,5788.5,169801,YAHOO_FINANCE_VIA_YFINANCE
2026-02-12,APLAPOLLO,APLAPOLLO.NS,2272.899902,2272.899902,2136876,YAHOO_FINANCE_VIA_YFINANCE
2026-02-12,APOLLOHOSP,APOLLOHOSP.NS,7520.25,7539,434146,YAHOO_FINANCE_VIA_YFINANCE
2026-02-12,ASIANPAINT,ASIANPAINT.NS,2389.766357,2410.5,607767,YAHOO_FINANCE_VIA_YFINANCE
2026-02-12,ASTRAL,ASTRAL.NS,1589.100586,1591.599976,1241019,YAHOO_FINANCE_VIA_YFINANCE
2026-02-12,AXISBANK,AXISBANK.NS,1338.967407,1340,4152620,YAHOO_FINANCE_VIA_YFINANCE
2026-02-12,BAJFINANCE,BAJFINANCE.NS,992.9958496,999.0999756,10346853,YAHOO_FINANCE_VIA_YFINANCE
2026-02-12,BALKRISIND,BALKRISIND.NS,2632.143066,2641.300049,111780,YAHOO_FINANCE_VIA_YFINANCE
2026-02-12,BANKBARODA,BANKBARODA.NS,280.7688293,289.8500061,6441099,YAHOO_FINANCE_VIA_YFINANCE
2026-02-12,BANKNIFTY,^NSEBANK,60739.75,60739.75,267000,YAHOO_FINANCE_VIA_YFINANCE
2026-02-12,BEL,BEL.NS,441.4190063,443.8999939,16140306,YAHOO_FINANCE_VIA_YFINANCE
2026-02-12,BHARTIARTL,BHARTIARTL.NS,1989.462158,2014.5,7437690,YAHOO_FINANCE_VIA_YFINANCE
2026-02-12,CIPLA,CIPLA.NS,1317.63855,1330,1613374,YAHOO_FINANCE_VIA_YFINANCE
2026-02-12,COFORGE,COFORGE.NS,1414.948853,1421.5,5303522,YAHOO_FINANCE_VIA_YFINANCE
2026-02-12,CROMPTON,CROMPTON.NS,261.2579956,264.3999939,3035533,YAHOO_FINANCE_VIA_YFINANCE
2026-02-12,CUMMINSIND,CUMMINSIND.NS,4392.864258,4429.299805,360796,YAHOO_FINANCE_VIA_YFINANCE
2026-02-12,DEEPAKNTR,DEEPAKNTR.NS,1649.765015,1657.300049,100761,YAHOO_FINANCE_VIA_YFINANCE
2026-02-12,DIXON,DIXON.NS,11626,11626,288312,YAHOO_FINANCE_VIA_YFINANCE
2026-02-12,DRREDDY,DRREDDY.NS,1266.865967,1274.900024,981247,YAHOO_FINANCE_VIA_YFINANCE
2026-02-12,ESCORTS,ESCORTS.NS,3577.077393,3635.800049,158033,YAHOO_FINANCE_VIA_YFINANCE
2026-02-12,FEDERALBNK,FEDERALBNK.NS,286.1224976,287.1000061,9229784,YAHOO_FINANCE_VIA_YFINANCE
2026-02-12,HAL,HAL.NS,4116.289551,4158.899902,2759493,YAHOO_FINANCE_VIA_YFINANCE
2026-02-12,HDFCBANK,HDFCBANK.NS,905.621521,920.5999756,33872203,YAHOO_FINANCE_VIA_YFINANCE
2026-02-12,HINDUNILVR,HINDUNILVR.NS,2385.436279,2409.699951,4656164,YAHOO_FINANCE_VIA_YFINANCE
2026-02-12,ICICIBANK,ICICIBANK.NS,1418.045166,1430,19646265,YAHOO_FINANCE_VIA_YFINANCE
2026-02-12,IDFCFIRSTB,IDFCFIRSTB.NS,81.90937805,82.15000153,12367406,YAHOO_FINANCE_VIA_YFINANCE
2026-02-12,INDUSINDBK,INDUSINDBK.NS,921.2079468,922.7000122,3082642,YAHOO_FINANCE_VIA_YFINANCE
2026-02-12,INFY,INFY.NS,1356.643066,1386,26048896,YAHOO_FINANCE_VIA_YFINANCE
2026-02-12,KAYNES,KAYNES.NS,4086.600098,4086.600098,1664611,YAHOO_FINANCE_VIA_YFINANCE
2026-02-12,KEI,KEI.NS,4591.299805,4591.299805,158260,YAHOO_FINANCE_VIA_YFINANCE
2026-02-12,KOTAKBANK,KOTAKBANK.NS,425.5153809,426.25,14003384,YAHOO_FINANCE_VIA_YFINANCE
2026-02-12,KPITTECH,KPITTECH.NS,884.0352783,891.5,3179727,YAHOO_FINANCE_VIA_YFINANCE
2026-02-12,LALPATHLAB,LALPATHLAB.NS,1428.038574,1435.300049,156744,YAHOO_FINANCE_VIA_YFINANCE
2026-02-12,LT,LT.NS,4145.410156,4185.899902,2006458,YAHOO_FINANCE_VIA_YFINANCE
2026-02-12,M&M,M&M.NS,3555.759277,3593.100098,2554236,YAHOO_FINANCE_VIA_YFINANCE
2026-02-12,MARUTI,MARUTI.NS,15173.61035,15326,201895,YAHOO_FINANCE_VIA_YFINANCE
2026-02-12,MAXHEALTH,MAXHEALTH.NS,1061.014404,1062.900024,3354447,YAHOO_FINANCE_VIA_YFINANCE
2026-02-12,NIFTY,^NSEI,25807.19922,25807.19922,419400,YAHOO_FINANCE_VIA_YFINANCE
2026-02-12,PERSISTENT,PERSISTENT.NS,5433.129395,5452,1360770,YAHOO_FINANCE_VIA_YFINANCE
2026-02-12,PIIND,PIIND.NS,3205.508545,3222.300049,363590,YAHOO_FINANCE_VIA_YFINANCE
2026-02-12,POLYCAB,POLYCAB.NS,7731.316406,7768,145735,YAHOO_FINANCE_VIA_YFINANCE
2026-02-12,RELIANCE,RELIANCE.NS,1442.231689,1448.900024,11135399,YAHOO_FINANCE_VIA_YFINANCE
2026-02-12,SBIN,SBIN.NS,1171.287476,1192.400024,33214985,YAHOO_FINANCE_VIA_YFINANCE
2026-02-12,SIEMENS,SIEMENS.NS,3133.104004,3148.5,410311,YAHOO_FINANCE_VIA_YFINANCE
2026-02-12,SUNPHARMA,SUNPHARMA.NS,1710.417358,1714.900024,1359444,YAHOO_FINANCE_VIA_YFINANCE
2026-02-12,SUPREMEIND,SUPREMEIND.NS,3817.207275,3844.199951,193500,YAHOO_FINANCE_VIA_YFINANCE
2026-02-12,TATAMOTORS,TMPV.NS,380.2953491,383.4500122,8324442,YAHOO_FINANCE_VIA_YFINANCE
2026-02-12,TCS,TCS.NS,2698.514404,2750.100098,10612156,YAHOO_FINANCE_VIA_YFINANCE
2026-02-12,TITAN,TITAN.NS,4261.81543,4275.799805,998509,YAHOO_FINANCE_VIA_YFINANCE
2026-02-12,TRENT,TRENT.NS,2852.851074,2857.06665,1421169,YAHOO_FINANCE_VIA_YFINANCE
2026-02-12,ULTRACEMCO,ULTRACEMCO.NS,12768.37695,13029,179716,YAHOO_FINANCE_VIA_YFINANCE
2026-02-12,VOLTAS,VOLTAS.NS,1530.990479,1535.800049,1343371,YAHOO_FINANCE_VIA_YFINANCE
2026-02-13,ABB,ABB.NS,5689.969727,5780.5,152957,YAHOO_FINANCE_VIA_YFINANCE
2026-02-13,APLAPOLLO,APLAPOLLO.NS,2245.899902,2245.899902,374996,YAHOO_FINANCE_VIA_YFINANCE
2026-02-13,APOLLOHOSP,APOLLOHOSP.NS,7523.741211,7542.5,431623,YAHOO_FINANCE_VIA_YFINANCE
2026-02-13,ASIANPAINT,ASIANPAINT.NS,2346.045654,2366.399902,675635,YAHOO_FINANCE_VIA_YFINANCE
2026-02-13,ASTRAL,ASTRAL.NS,1593.99292,1596.5,585825,YAHOO_FINANCE_VIA_YFINANCE
2026-02-13,AXISBANK,AXISBANK.NS,1331.273315,1332.300049,4624549,YAHOO_FINANCE_VIA_YFINANCE
2026-02-13,BAJFINANCE,BAJFINANCE.NS,1018.489136,1024.75,21613987,YAHOO_FINANCE_VIA_YFINANCE
2026-02-13,BALKRISIND,BALKRISIND.NS,2602.745361,2611.800049,200893,YAHOO_FINANCE_VIA_YFINANCE
2026-02-13,BANKBARODA,BANKBARODA.NS,278.4440308,287.4500122,6295039,YAHOO_FINANCE_VIA_YFINANCE
2026-02-13,BANKNIFTY,^NSEBANK,60186.64844,60186.64844,236600,YAHOO_FINANCE_VIA_YFINANCE
2026-02-13,BEL,BEL.NS,433.1156616,435.5499878,14086068,YAHOO_FINANCE_VIA_YFINANCE
2026-02-13,BHARTIARTL,BHARTIARTL.NS,1979.783936,2004.699951,4808543,YAHOO_FINANCE_VIA_YFINANCE
2026-02-13,CIPLA,CIPLA.NS,1319.124634,1331.5,1236946,YAHOO_FINANCE_VIA_YFINANCE
2026-02-13,COFORGE,COFORGE.NS,1355.524048,1361.800049,12847607,YAHOO_FINANCE_VIA_YFINANCE
2026-02-13,CROMPTON,CROMPTON.NS,264.3409119,267.519989,4504154,YAHOO_FINANCE_VIA_YFINANCE
2026-02-13,CUMMINSIND,CUMMINSIND.NS,4376.103516,4412.399902,512643,YAHOO_FINANCE_VIA_YFINANCE
2026-02-13,DEEPAKNTR,DEEPAKNTR.NS,1634.335449,1641.800049,156667,YAHOO_FINANCE_VIA_YFINANCE
2026-02-13,DIXON,DIXON.NS,11417,11417,446533,YAHOO_FINANCE_VIA_YFINANCE
2026-02-13,DRREDDY,DRREDDY.NS,1260.108765,1268.099976,838946,YAHOO_FINANCE_VIA_YFINANCE
2026-02-13,ESCORTS,ESCORTS.NS,3528.671875,3586.600098,173264,YAHOO_FINANCE_VIA_YFINANCE
2026-02-13,FEDERALBNK,FEDERALBNK.NS,287.3183899,288.2999878,6202181,YAHOO_FINANCE_VIA_YFINANCE
2026-02-13,HAL,HAL.NS,4169.241699,4212.399902,3532180,YAHOO_FINANCE_VIA_YFINANCE
2026-02-13,HDFCBANK,HDFCBANK.NS,889.1932373,903.9000244,50188359,YAHOO_FINANCE_VIA_YFINANCE
2026-02-13,HINDUNILVR,HINDUNILVR.NS,2281.988525,2305.199951,2791519,YAHOO_FINANCE_VIA_YFINANCE
2026-02-13,ICICIBANK,ICICIBANK.NS,1402.773926,1414.599976,12228083,YAHOO_FINANCE_VIA_YFINANCE
2026-02-13,IDFCFIRSTB,IDFCFIRSTB.NS,81.30116272,81.54000092,14207864,YAHOO_FINANCE_VIA_YFINANCE
2026-02-13,INDUSINDBK,INDUSINDBK.NS,924.5524902,926.0499878,2860622,YAHOO_FINANCE_VIA_YFINANCE
2026-02-13,INFY,INFY.NS,1340.100952,1369.099976,45785709,YAHOO_FINANCE_VIA_YFINANCE
2026-02-13,KAYNES,KAYNES.NS,3942.5,3942.5,1889857,YAHOO_FINANCE_VIA_YFINANCE
2026-02-13,KEI,KEI.NS,4566.799805,4566.799805,184007,YAHOO_FINANCE_VIA_YFINANCE
2026-02-13,KOTAKBANK,KOTAKBANK.NS,419.9250183,420.6499939,23233320,YAHOO_FINANCE_VIA_YFINANCE
2026-02-13,KPITTECH,KPITTECH.NS,854.4848022,861.7000122,6026791,YAHOO_FINANCE_VIA_YFINANCE
2026-02-13,LALPATHLAB,LALPATHLAB.NS,1391.623535,1398.699951,137684,YAHOO_FINANCE_VIA_YFINANCE
2026-02-13,LT,LT.NS,4133.526367,4173.899902,2234376,YAHOO_FINANCE_VIA_YFINANCE
2026-02-13,M&M,M&M.NS,3496.679443,3533.399902,1632115,YAHOO_FINANCE_VIA_YFINANCE
2026-02-13,MARUTI,MARUTI.NS,15085.49609,15237,208645,YAHOO_FINANCE_VIA_YFINANCE
2026-02-13,MAXHEALTH,MAXHEALTH.NS,1051.730835,1053.599976,2745794,YAHOO_FINANCE_VIA_YFINANCE
2026-02-13,NIFTY,^NSEI,25471.09961,25471.09961,453500,YAHOO_FINANCE_VIA_YFINANCE
2026-02-13,PERSISTENT,PERSISTENT.NS,5460.036133,5479,1806431,YAHOO_FINANCE_VIA_YFINANCE
2026-02-13,PIIND,PIIND.NS,3134.181885,3150.600098,1327261,YAHOO_FINANCE_VIA_YFINANCE
2026-02-13,POLYCAB,POLYCAB.NS,7551.668457,7587.5,160046,YAHOO_FINANCE_VIA_YFINANCE
2026-02-13,RELIANCE,RELIANCE.NS,1413.066528,1419.599976,10755693,YAHOO_FINANCE_VIA_YFINANCE
2026-02-13,SBIN,SBIN.NS,1177.377686,1198.599976,18141390,YAHOO_FINANCE_VIA_YFINANCE
2026-02-13,SIEMENS,SIEMENS.NS,3101.260498,3116.5,411114,YAHOO_FINANCE_VIA_YFINANCE
2026-02-13,SUNPHARMA,SUNPHARMA.NS,1693.062744,1697.5,1148165,YAHOO_FINANCE_VIA_YFINANCE
2026-02-13,SUPREMEIND,SUPREMEIND.NS,3748.393799,3774.899902,82044,YAHOO_FINANCE_VIA_YFINANCE
2026-02-13,TATAMOTORS,TMPV.NS,377.1216736,380.25,15565868,YAHOO_FINANCE_VIA_YFINANCE
2026-02-13,TCS,TCS.NS,2641.700439,2692.199951,11168735,YAHOO_FINANCE_VIA_YFINANCE
2026-02-13,TITAN,TITAN.NS,4165.531738,4179.200195,524758,YAHOO_FINANCE_VIA_YFINANCE
2026-02-13,TRENT,TRENT.NS,2830.484131,2834.666748,997642,YAHOO_FINANCE_VIA_YFINANCE
2026-02-13,ULTRACEMCO,ULTRACEMCO.NS,12703.69727,12963,178236,YAHOO_FINANCE_VIA_YFINANCE
2026-02-13,VOLTAS,VOLTAS.NS,1520.623047,1525.400024,534253,YAHOO_FINANCE_VIA_YFINANCE
2026-02-16,ABB,ABB.NS,5795.786621,5888,188248,YAHOO_FINANCE_VIA_YFINANCE
2026-02-16,APLAPOLLO,APLAPOLLO.NS,2217.399902,2217.399902,712795,YAHOO_FINANCE_VIA_YFINANCE
2026-02-16,APOLLOHOSP,APOLLOHOSP.NS,7609.14209,7618,494924,YAHOO_FINANCE_VIA_YFINANCE
2026-02-16,ASIANPAINT,ASIANPAINT.NS,2376.580811,2397.199951,683108,YAHOO_FINANCE_VIA_YFINANCE
2026-02-16,ASTRAL,ASTRAL.NS,1637.224976,1639.800049,1221002,YAHOO_FINANCE_VIA_YFINANCE
2026-02-16,AXISBANK,AXISBANK.NS,1357.253296,1358.300049,5082167,YAHOO_FINANCE_VIA_YFINANCE
2026-02-16,BAJFINANCE,BAJFINANCE.NS,1006.562439,1012.75,4460636,YAHOO_FINANCE_VIA_YFINANCE
2026-02-16,BALKRISIND,BALKRISIND.NS,2566.770264,2575.699951,130560,YAHOO_FINANCE_VIA_YFINANCE
2026-02-16,BANKBARODA,BANKBARODA.NS,283.3842163,292.5499878,6149012,YAHOO_FINANCE_VIA_YFINANCE
2026-02-16,BANKNIFTY,^NSEBANK,60949.10156,60949.10156,168600,YAHOO_FINANCE_VIA_YFINANCE
2026-02-16,BEL,BEL.NS,435.5519714,438,8156650,YAHOO_FINANCE_VIA_YFINANCE
2026-02-16,BHARTIARTL,BHARTIARTL.NS,2004.177002,2029.400024,3455964,YAHOO_FINANCE_VIA_YFINANCE
2026-02-16,CIPLA,CIPLA.NS,1343.793213,1356.400024,1616868,YAHOO_FINANCE_VIA_YFINANCE
2026-02-16,COFORGE,COFORGE.NS,1386.082397,1392.5,5116779,YAHOO_FINANCE_VIA_YFINANCE
2026-02-16,CROMPTON,CROMPTON.NS,269.4198303,272.6600037,5983086,YAHOO_FINANCE_VIA_YFINANCE
2026-02-16,CUMMINSIND,CUMMINSIND.NS,4487.578613,4524.799805,346855,YAHOO_FINANCE_VIA_YFINANCE
2026-02-16,DEEPAKNTR,DEEPAKNTR.NS,1615.421875,1622.800049,78997,YAHOO_FINANCE_VIA_YFINANCE
2026-02-16,DIXON,DIXON.NS,11751,11751,600256,YAHOO_FINANCE_VIA_YFINANCE
2026-02-16,DRREDDY,DRREDDY.NS,1261.400635,1269.400024,469592,YAHOO_FINANCE_VIA_YFINANCE
2026-02-16,ESCORTS,ESCORTS.NS,3481.604492,3521,85081,YAHOO_FINANCE_VIA_YFINANCE
2026-02-16,FEDERALBNK,FEDERALBNK.NS,288.0160217,289,4743148,YAHOO_FINANCE_VIA_YFINANCE
2026-02-16,HAL,HAL.NS,4182.80127,4226.100098,1126991,YAHOO_FINANCE_VIA_YFINANCE
2026-02-16,HDFCBANK,HDFCBANK.NS,910.7368774,925.7999878,18806989,YAHOO_FINANCE_VIA_YFINANCE
2026-02-16,HINDUNILVR,HINDUNILVR.NS,2295.649658,2319,2036833,YAHOO_FINANCE_VIA_YFINANCE
2026-02-16,ICICIBANK,ICICIBANK.NS,1399.79895,1411.599976,5000042,YAHOO_FINANCE_VIA_YFINANCE
2026-02-16,IDFCFIRSTB,IDFCFIRSTB.NS,82.6671524,82.91000366,11738223,YAHOO_FINANCE_VIA_YFINANCE
2026-02-16,INDUSINDBK,INDUSINDBK.NS,930.3930664,931.9000244,2098887,YAHOO_FINANCE_VIA_YFINANCE
2026-02-16,INFY,INFY.NS,1336.675171,1365.599976,14621891,YAHOO_FINANCE_VIA_YFINANCE
2026-02-16,KAYNES,KAYNES.NS,3966.600098,3966.600098,1266480,YAHOO_FINANCE_VIA_YFINANCE
2026-02-16,KEI,KEI.NS,4483.600098,4483.600098,111473,YAHOO_FINANCE_VIA_YFINANCE
2026-02-16,KOTAKBANK,KOTAKBANK.NS,424.8664856,425.6000061,12403028,YAHOO_FINANCE_VIA_YFINANCE
2026-02-16,KPITTECH,KPITTECH.NS,872.9290771,880.2999878,1230784,YAHOO_FINANCE_VIA_YFINANCE
2026-02-16,LALPATHLAB,LALPATHLAB.NS,1413.611816,1420.800049,141058,YAHOO_FINANCE_VIA_YFINANCE
2026-02-16,LT,LT.NS,4160.859375,4201.5,852552,YAHOO_FINANCE_VIA_YFINANCE
2026-02-16,M&M,M&M.NS,3473.22583,3509.699951,1562001,YAHOO_FINANCE_VIA_YFINANCE
2026-02-16,MARUTI,MARUTI.NS,14901.34473,15051,210175,YAHOO_FINANCE_VIA_YFINANCE
2026-02-16,MAXHEALTH,MAXHEALTH.NS,1073.941406,1075.849976,2524162,YAHOO_FINANCE_VIA_YFINANCE
2026-02-16,NIFTY,^NSEI,25682.75,25682.75,275800,YAHOO_FINANCE_VIA_YFINANCE
2026-02-16,PERSISTENT,PERSISTENT.NS,5562.679688,5582,501990,YAHOO_FINANCE_VIA_YFINANCE
2026-02-16,PIIND,PIIND.NS,3038.582764,3054.5,600277,YAHOO_FINANCE_VIA_YFINANCE
2026-02-16,POLYCAB,POLYCAB.NS,7599.939453,7636,107865,YAHOO_FINANCE_VIA_YFINANCE
2026-02-16,RELIANCE,RELIANCE.NS,1430.485962,1437.099976,5896514,YAHOO_FINANCE_VIA_YFINANCE
2026-02-16,SBIN,SBIN.NS,1186.709473,1208.099976,14972739,YAHOO_FINANCE_VIA_YFINANCE
2026-02-16,SIEMENS,SIEMENS.NS,3199.875977,3215.600098,293293,YAHOO_FINANCE_VIA_YFINANCE
2026-02-16,SUNPHARMA,SUNPHARMA.NS,1696.054932,1700.5,1247403,YAHOO_FINANCE_VIA_YFINANCE
2026-02-16,SUPREMEIND,SUPREMEIND.NS,3858.515381,3885.800049,171503,YAHOO_FINANCE_VIA_YFINANCE
2026-02-16,TATAMOTORS,TMPV.NS,374.1463318,377.25,5004467,YAHOO_FINANCE_VIA_YFINANCE
2026-02-16,TCS,TCS.NS,2655.830322,2706.600098,2918730,YAHOO_FINANCE_VIA_YFINANCE
2026-02-16,TITAN,TITAN.NS,4167.425293,4181.100098,500349,YAHOO_FINANCE_VIA_YFINANCE
2026-02-16,TRENT,TRENT.NS,2815.506348,2819.666748,1048090,YAHOO_FINANCE_VIA_YFINANCE
2026-02-16,ULTRACEMCO,ULTRACEMCO.NS,12721.33691,12981,81768,YAHOO_FINANCE_VIA_YFINANCE
2026-02-16,VOLTAS,VOLTAS.NS,1525.806763,1530.599976,300771,YAHOO_FINANCE_VIA_YFINANCE
2026-02-17,ABB,ABB.NS,5744.600586,5836,116120,YAHOO_FINANCE_VIA_YFINANCE
2026-02-17,APLAPOLLO,APLAPOLLO.NS,2224.5,2224.5,914557,YAHOO_FINANCE_VIA_YFINANCE
2026-02-17,APOLLOHOSP,APOLLOHOSP.NS,7592.661133,7601.5,525344,YAHOO_FINANCE_VIA_YFINANCE
2026-02-17,ASIANPAINT,ASIANPAINT.NS,2416.434814,2437.399902,1004356,YAHOO_FINANCE_VIA_YFINANCE
2026-02-17,ASTRAL,ASTRAL.NS,1643.115601,1645.699951,490265,YAHOO_FINANCE_VIA_YFINANCE
2026-02-17,AXISBANK,AXISBANK.NS,1356.154053,1357.199951,4513065,YAHOO_FINANCE_VIA_YFINANCE
2026-02-17,BAJFINANCE,BAJFINANCE.NS,1007.953918,1014.150024,2913899,YAHOO_FINANCE_VIA_YFINANCE
2026-02-17,BALKRISIND,BALKRISIND.NS,2538.568359,2547.399902,114832,YAHOO_FINANCE_VIA_YFINANCE
2026-02-17,BANKBARODA,BANKBARODA.NS,293.7489929,303.25,17496015,YAHOO_FINANCE_VIA_YFINANCE
2026-02-17,BANKNIFTY,^NSEBANK,61174,61174,264000,YAHOO_FINANCE_VIA_YFINANCE
2026-02-17,BEL,BEL.NS,444.3525085,446.8500061,17963084,YAHOO_FINANCE_VIA_YFINANCE
2026-02-17,BHARTIARTL,BHARTIARTL.NS,1995.190063,2020.300049,4471158,YAHOO_FINANCE_VIA_YFINANCE
2026-02-17,CIPLA,CIPLA.NS,1331.409424,1343.900024,1413727,YAHOO_FINANCE_VIA_YFINANCE
2026-02-17,COFORGE,COFORGE.NS,1372.445679,1378.800049,3467546,YAHOO_FINANCE_VIA_YFINANCE
2026-02-17,CROMPTON,CROMPTON.NS,267.3348999,270.5499878,4061488,YAHOO_FINANCE_VIA_YFINANCE
2026-02-17,CUMMINSIND,CUMMINSIND.NS,4559.978027,4597.799805,482521,YAHOO_FINANCE_VIA_YFINANCE
2026-02-17,DEEPAKNTR,DEEPAKNTR.NS,1643.59314,1651.099976,89957,YAHOO_FINANCE_VIA_YFINANCE
2026-02-17,DIXON,DIXON.NS,11637,11637,286065,YAHOO_FINANCE_VIA_YFINANCE
2026-02-17,DRREDDY,DRREDDY.NS,1276.703613,1284.800049,687326,YAHOO_FINANCE_VIA_YFINANCE
2026-02-17,ESCORTS,ESCORTS.NS,3465.981201,3505.199951,168495,YAHOO_FINANCE_VIA_YFINANCE
2026-02-17,FEDERALBNK,FEDERALBNK.NS,287.8665466,288.8500061,7052510,YAHOO_FINANCE_VIA_YFINANCE
2026-02-17,HAL,HAL.NS,4204.081055,4247.600098,1033811,YAHOO_FINANCE_VIA_YFINANCE
2026-02-17,HDFCBANK,HDFCBANK.NS,910.6385498,925.7000122,22599629,YAHOO_FINANCE_VIA_YFINANCE
2026-02-17,HINDUNILVR,HINDUNILVR.NS,2289.01709,2312.300049,1233244,YAHOO_FINANCE_VIA_YFINANCE
2026-02-17,ICICIBANK,ICICIBANK.NS,1395.733276,1407.5,11756187,YAHOO_FINANCE_VIA_YFINANCE
2026-02-17,IDFCFIRSTB,IDFCFIRSTB.NS,83.10585785,83.34999847,19451127,YAHOO_FINANCE_VIA_YFINANCE
2026-02-17,INDUSINDBK,INDUSINDBK.NS,942.2738037,943.7999878,6284594,YAHOO_FINANCE_VIA_YFINANCE
2026-02-17,INFY,INFY.NS,1361.73291,1391.199951,25347684,YAHOO_FINANCE_VIA_YFINANCE
2026-02-17,KAYNES,KAYNES.NS,3950.399902,3950.399902,863254,YAHOO_FINANCE_VIA_YFINANCE
2026-02-17,KEI,KEI.NS,4567.799805,4567.799805,274597,YAHOO_FINANCE_VIA_YFINANCE
2026-02-17,KOTAKBANK,KOTAKBANK.NS,423.7184753,424.4500122,6427007,YAHOO_FINANCE_VIA_YFINANCE
2026-02-17,KPITTECH,KPITTECH.NS,871.937439,879.2999878,1167303,YAHOO_FINANCE_VIA_YFINANCE
2026-02-17,LALPATHLAB,LALPATHLAB.NS,1431.719727,1439,140237,YAHOO_FINANCE_VIA_YFINANCE
2026-02-17,LT,LT.NS,4238.401855,4279.799805,1763048,YAHOO_FINANCE_VIA_YFINANCE
2026-02-17,M&M,M&M.NS,3452.938965,3489.199951,1991583,YAHOO_FINANCE_VIA_YFINANCE
2026-02-17,MARUTI,MARUTI.NS,15028.07227,15179,166765,YAHOO_FINANCE_VIA_YFINANCE
2026-02-17,MAXHEALTH,MAXHEALTH.NS,1074.240967,1076.150024,1701396,YAHOO_FINANCE_VIA_YFINANCE
2026-02-17,NIFTY,^NSEI,25725.40039,25725.40039,344100,YAHOO_FINANCE_VIA_YFINANCE
2026-02-17,PERSISTENT,PERSISTENT.NS,5608.520508,5628,834096,YAHOO_FINANCE_VIA_YFINANCE
2026-02-17,PIIND,PIIND.NS,3048.729736,3064.699951,287746,YAHOO_FINANCE_VIA_YFINANCE
2026-02-17,POLYCAB,POLYCAB.NS,7705.438965,7742,90445,YAHOO_FINANCE_VIA_YFINANCE
2026-02-17,RELIANCE,RELIANCE.NS,1416.450928,1423,10731630,YAHOO_FINANCE_VIA_YFINANCE
2026-02-17,SBIN,SBIN.NS,1191.915649,1213.400024,20107196,YAHOO_FINANCE_VIA_YFINANCE
2026-02-17,SIEMENS,SIEMENS.NS,3170.818604,3186.399902,274307,YAHOO_FINANCE_VIA_YFINANCE
2026-02-17,SUNPHARMA,SUNPHARMA.NS,1712.611572,1717.099976,1053855,YAHOO_FINANCE_VIA_YFINANCE
2026-02-17,SUPREMEIND,SUPREMEIND.NS,3892.077881,3919.600098,256640,YAHOO_FINANCE_VIA_YFINANCE
2026-02-17,TATAMOTORS,TMPV.NS,379.7002869,382.8500061,7843059,YAHOO_FINANCE_VIA_YFINANCE
2026-02-17,TCS,TCS.NS,2666.42749,2717.399902,4209118,YAHOO_FINANCE_VIA_YFINANCE
2026-02-17,TITAN,TITAN.NS,4222.544434,4236.399902,464123,YAHOO_FINANCE_VIA_YFINANCE
2026-02-17,TRENT,TRENT.NS,2777.162842,2781.266602,589263,YAHOO_FINANCE_VIA_YFINANCE
2026-02-17,ULTRACEMCO,ULTRACEMCO.NS,12724.27734,12984,136174,YAHOO_FINANCE_VIA_YFINANCE
2026-02-17,VOLTAS,VOLTAS.NS,1524.909546,1529.699951,444923,YAHOO_FINANCE_VIA_YFINANCE
2026-02-18,ABB,ABB.NS,5789.388184,5881.5,178419,YAHOO_FINANCE_VIA_YFINANCE
2026-02-18,APLAPOLLO,APLAPOLLO.NS,2243.899902,2243.899902,496080,YAHOO_FINANCE_VIA_YFINANCE
2026-02-18,APOLLOHOSP,APOLLOHOSP.NS,7638.60791,7647.5,385965,YAHOO_FINANCE_VIA_YFINANCE
2026-02-18,ASIANPAINT,ASIANPAINT.NS,2411.180664,2432.100098,551809,YAHOO_FINANCE_VIA_YFINANCE
2026-02-18,ASTRAL,ASTRAL.NS,1634.029907,1636.599976,357889,YAHOO_FINANCE_VIA_YFINANCE
2026-02-18,AXISBANK,AXISBANK.NS,1375.938843,1377,5556076,YAHOO_FINANCE_VIA_YFINANCE
2026-02-18,BAJFINANCE,BAJFINANCE.NS,1017.544922,1023.799988,4929647,YAHOO_FINANCE_VIA_YFINANCE
2026-02-18,BALKRISIND,BALKRISIND.NS,2530.496582,2539.300049,71073,YAHOO_FINANCE_VIA_YFINANCE
2026-02-18,BANKBARODA,BANKBARODA.NS,295.589447,305.1499939,7867687,YAHOO_FINANCE_VIA_YFINANCE
2026-02-18,BANKNIFTY,^NSEBANK,61550.80078,61550.80078,218100,YAHOO_FINANCE_VIA_YFINANCE
2026-02-18,BEL,BEL.NS,445.1977844,447.7000122,14341134,YAHOO_FINANCE_VIA_YFINANCE
2026-02-18,BHARTIARTL,BHARTIARTL.NS,1996.671509,2021.800049,2182669,YAHOO_FINANCE_VIA_YFINANCE
2026-02-18,CIPLA,CIPLA.NS,1337.254517,1349.800049,1119159,YAHOO_FINANCE_VIA_YFINANCE
2026-02-18,COFORGE,COFORGE.NS,1366.473267,1372.800049,2353241,YAHOO_FINANCE_VIA_YFINANCE
2026-02-18,CROMPTON,CROMPTON.NS,269.2814941,272.519989,1942687,YAHOO_FINANCE_VIA_YFINANCE
2026-02-18,CUMMINSIND,CUMMINSIND.NS,4686.925293,4725.799805,1146625,YAHOO_FINANCE_VIA_YFINANCE
2026-02-18,DEEPAKNTR,DEEPAKNTR.NS,1637.222168,1644.699951,50312,YAHOO_FINANCE_VIA_YFINANCE
2026-02-18,DIXON,DIXON.NS,11517,11517,548081,YAHOO_FINANCE_VIA_YFINANCE
2026-02-18,DRREDDY,DRREDDY.NS,1272.231934,1280.300049,689997,YAHOO_FINANCE_VIA_YFINANCE
2026-02-18,ESCORTS,ESCORTS.NS,3507.51123,3547.199951,99711,YAHOO_FINANCE_VIA_YFINANCE
2026-02-18,FEDERALBNK,FEDERALBNK.NS,289.8597412,290.8500061,5124162,YAHOO_FINANCE_VIA_YFINANCE
2026-02-18,HAL,HAL.NS,4242.503418,4251.100098,821047,YAHOO_FINANCE_VIA_YFINANCE
2026-02-18,HDFCBANK,HDFCBANK.NS,909.6548462,924.7000122,12738702,YAHOO_FINANCE_VIA_YFINANCE
2026-02-18,HINDUNILVR,HINDUNILVR.NS,2300.104492,2323.5,830787,YAHOO_FINANCE_VIA_YFINANCE
2026-02-18,ICICIBANK,ICICIBANK.NS,1396.427368,1408.199951,4758071,YAHOO_FINANCE_VIA_YFINANCE
2026-02-18,IDFCFIRSTB,IDFCFIRSTB.NS,84.36216736,84.61000061,27410289,YAHOO_FINANCE_VIA_YFINANCE
2026-02-18,INDUSINDBK,INDUSINDBK.NS,943.1224365,944.6500244,3474257,YAHOO_FINANCE_VIA_YFINANCE
2026-02-18,INFY,INFY.NS,1344.603516,1373.699951,20241373,YAHOO_FINANCE_VIA_YFINANCE
2026-02-18,KAYNES,KAYNES.NS,4057.5,4057.5,1341272,YAHOO_FINANCE_VIA_YFINANCE
2026-02-18,KEI,KEI.NS,4606.899902,4606.899902,222240,YAHOO_FINANCE_VIA_YFINANCE
2026-02-18,KOTAKBANK,KOTAKBANK.NS,425.6152039,426.3500061,7333331,YAHOO_FINANCE_VIA_YFINANCE
2026-02-18,KPITTECH,KPITTECH.NS,854.3856201,861.5999756,987144,YAHOO_FINANCE_VIA_YFINANCE
2026-02-18,LALPATHLAB,LALPATHLAB.NS,1398.38916,1405.5,180612,YAHOO_FINANCE_VIA_YFINANCE
2026-02-18,LT,LT.NS,4284.056152,4325.899902,2042626,YAHOO_FINANCE_VIA_YFINANCE
2026-02-18,M&M,M&M.NS,3493.809814,3530.5,1682427,YAHOO_FINANCE_VIA_YFINANCE
2026-02-18,MARUTI,MARUTI.NS,15013.22168,15164,280772,YAHOO_FINANCE_VIA_YFINANCE
2026-02-18,MAXHEALTH,MAXHEALTH.NS,1084.322998,1086.25,680966,YAHOO_FINANCE_VIA_YFINANCE
2026-02-18,NIFTY,^NSEI,25819.34961,25819.34961,310200,YAHOO_FINANCE_VIA_YFINANCE
2026-02-18,PERSISTENT,PERSISTENT.NS,5501.890625,5521,592720,YAHOO_FINANCE_VIA_YFINANCE
2026-02-18,PIIND,PIIND.NS,3012.916992,3028.699951,170173,YAHOO_FINANCE_VIA_YFINANCE
2026-02-18,POLYCAB,POLYCAB.NS,7793.023438,7830,162110,YAHOO_FINANCE_VIA_YFINANCE
2026-02-18,RELIANCE,RELIANCE.NS,1434.666748,1441.300049,5521096,YAHOO_FINANCE_VIA_YFINANCE
2026-02-18,SBIN,SBIN.NS,1197.318237,1218.900024,10417264,YAHOO_FINANCE_VIA_YFINANCE
2026-02-18,SIEMENS,SIEMENS.NS,3172.311279,3187.899902,159481,YAHOO_FINANCE_VIA_YFINANCE
2026-02-18,SUNPHARMA,SUNPHARMA.NS,1719.892456,1724.400024,1262429,YAHOO_FINANCE_VIA_YFINANCE
2026-02-18,SUPREMEIND,SUPREMEIND.NS,3907.171143,3934.800049,179069,YAHOO_FINANCE_VIA_YFINANCE
2026-02-18,TATAMOTORS,TMPV.NS,379.7002869,382.8500061,4796850,YAHOO_FINANCE_VIA_YFINANCE
2026-02-18,TCS,TCS.NS,2644.349609,2694.899902,2950820,YAHOO_FINANCE_VIA_YFINANCE
2026-02-18,TITAN,TITAN.NS,4234.70459,4248.600098,387328,YAHOO_FINANCE_VIA_YFINANCE
2026-02-18,TRENT,TRENT.NS,2787.347656,2791.466553,559431,YAHOO_FINANCE_VIA_YFINANCE
2026-02-18,ULTRACEMCO,ULTRACEMCO.NS,12790.91699,13052,161603,YAHOO_FINANCE_VIA_YFINANCE
2026-02-18,VOLTAS,VOLTAS.NS,1538.56665,1543.400024,1073285,YAHOO_FINANCE_VIA_YFINANCE
2026-02-19,ABB,ABB.NS,5629.925293,5719.5,136031,YAHOO_FINANCE_VIA_YFINANCE
2026-02-19,APLAPOLLO,APLAPOLLO.NS,2203,2203,268013,YAHOO_FINANCE_VIA_YFINANCE
2026-02-19,APOLLOHOSP,APOLLOHOSP.NS,7583.671875,7592.5,186713,YAHOO_FINANCE_VIA_YFINANCE
2026-02-19,ASIANPAINT,ASIANPAINT.NS,2380.149902,2400.800049,971600,YAHOO_FINANCE_VIA_YFINANCE
2026-02-19,ASTRAL,ASTRAL.NS,1618.454468,1621,525038,YAHOO_FINANCE_VIA_YFINANCE
2026-02-19,AXISBANK,AXISBANK.NS,1355.554565,1356.599976,2744704,YAHOO_FINANCE_VIA_YFINANCE
2026-02-19,BAJFINANCE,BAJFINANCE.NS,1010.836182,1017.049988,9866245,YAHOO_FINANCE_VIA_YFINANCE
2026-02-19,BALKRISIND,BALKRISIND.NS,2525.314697,2534.100098,172303,YAHOO_FINANCE_VIA_YFINANCE
2026-02-19,BANKBARODA,BANKBARODA.NS,294.9114075,304.4500122,7342206,YAHOO_FINANCE_VIA_YFINANCE
2026-02-19,BANKNIFTY,^NSEBANK,60739.55078,60739.55078,190600,YAHOO_FINANCE_VIA_YFINANCE
2026-02-19,BEL,BEL.NS,432.9167786,435.3500061,9791516,YAHOO_FINANCE_VIA_YFINANCE
2026-02-19,BHARTIARTL,BHARTIARTL.NS,1963.884033,1988.599976,4712417,YAHOO_FINANCE_VIA_YFINANCE
2026-02-19,CIPLA,CIPLA.NS,1316.548828,1328.900024,587384,YAHOO_FINANCE_VIA_YFINANCE
2026-02-19,COFORGE,COFORGE.NS,1354.727661,1361,3014508,YAHOO_FINANCE_VIA_YFINANCE
2026-02-19,CROMPTON,CROMPTON.NS,262.7401428,265.8999939,1943913,YAHOO_FINANCE_VIA_YFINANCE
2026-02-19,CUMMINSIND,CUMMINSIND.NS,4607.781738,4646,455504,YAHOO_FINANCE_VIA_YFINANCE
2026-02-19,DEEPAKNTR,DEEPAKNTR.NS,1632.344604,1639.800049,71493,YAHOO_FINANCE_VIA_YFINANCE
2026-02-19,DIXON,DIXON.NS,11237,11237,686002,YAHOO_FINANCE_VIA_YFINANCE
2026-02-19,DRREDDY,DRREDDY.NS,1274.21936,1282.300049,1333838,YAHOO_FINANCE_VIA_YFINANCE
2026-02-19,ESCORTS,ESCORTS.NS,3421.78125,3460.5,81475,YAHOO_FINANCE_VIA_YFINANCE
2026-02-19,FEDERALBNK,FEDERALBNK.NS,287.3183899,288.2999878,3644333,YAHOO_FINANCE_VIA_YFINANCE
2026-02-19,HAL,HAL.NS,4124.242676,4132.600098,1020581,YAHOO_FINANCE_VIA_YFINANCE
2026-02-19,HDFCBANK,HDFCBANK.NS,900.7028809,915.5999756,21209234,YAHOO_FINANCE_VIA_YFINANCE
2026-02-19,HINDUNILVR,HINDUNILVR.NS,2256.349365,2279.300049,940180,YAHOO_FINANCE_VIA_YFINANCE
2026-02-19,ICICIBANK,ICICIBANK.NS,1377.189697,1388.800049,14323091,YAHOO_FINANCE_VIA_YFINANCE
2026-02-19,IDFCFIRSTB,IDFCFIRSTB.NS,82.73694611,82.98000336,29470408,YAHOO_FINANCE_VIA_YFINANCE
2026-02-19,INDUSINDBK,INDUSINDBK.NS,925.8504028,927.3499756,2641817,YAHOO_FINANCE_VIA_YFINANCE
2026-02-19,INFY,INFY.NS,1341.471436,1370.5,14574228,YAHOO_FINANCE_VIA_YFINANCE
2026-02-19,KAYNES,KAYNES.NS,3878.399902,3878.399902,1376723,YAHOO_FINANCE_VIA_YFINANCE
2026-02-19,KEI,KEI.NS,4568.600098,4568.600098,99931,YAHOO_FINANCE_VIA_YFINANCE
2026-02-19,KOTAKBANK,KOTAKBANK.NS,415.6823425,416.3999939,6473423,YAHOO_FINANCE_VIA_YFINANCE
2026-02-19,KPITTECH,KPITTECH.NS,840.4036865,847.5,987912,YAHOO_FINANCE_VIA_YFINANCE
2026-02-19,LALPATHLAB,LALPATHLAB.NS,1401.473511,1408.599976,192376,YAHOO_FINANCE_VIA_YFINANCE
2026-02-19,LT,LT.NS,4239.095215,4280.5,2007080,YAHOO_FINANCE_VIA_YFINANCE
2026-02-19,M&M,M&M.NS,3396.135498,3431.800049,2479531,YAHOO_FINANCE_VIA_YFINANCE
2026-02-19,MARUTI,MARUTI.NS,14754.81641,14903,152788,YAHOO_FINANCE_VIA_YFINANCE
2026-02-19,MAXHEALTH,MAXHEALTH.NS,1079.531494,1081.449951,2336050,YAHOO_FINANCE_VIA_YFINANCE
2026-02-19,NIFTY,^NSEI,25454.34961,25454.34961,298200,YAHOO_FINANCE_VIA_YFINANCE
2026-02-19,PERSISTENT,PERSISTENT.NS,5247.773438,5266,1036955,YAHOO_FINANCE_VIA_YFINANCE
2026-02-19,PIIND,PIIND.NS,3000.681152,3016.399902,288791,YAHOO_FINANCE_VIA_YFINANCE
2026-02-19,POLYCAB,POLYCAB.NS,7741.269043,7778,264268,YAHOO_FINANCE_VIA_YFINANCE
2026-02-19,RELIANCE,RELIANCE.NS,1403.013062,1409.5,11884664,YAHOO_FINANCE_VIA_YFINANCE
2026-02-19,SBIN,SBIN.NS,1184.351929,1205.699951,9630899,YAHOO_FINANCE_VIA_YFINANCE
2026-02-19,SIEMENS,SIEMENS.NS,3091.906494,3107.100098,176679,YAHOO_FINANCE_VIA_YFINANCE
2026-02-19,SUNPHARMA,SUNPHARMA.NS,1708.921265,1713.400024,1143429,YAHOO_FINANCE_VIA_YFINANCE
2026-02-19,SUPREMEIND,SUPREMEIND.NS,3846.003662,3873.199951,155016,YAHOO_FINANCE_VIA_YFINANCE
2026-02-19,TATAMOTORS,TMPV.NS,372.6091003,375.7000122,6910527,YAHOO_FINANCE_VIA_YFINANCE
2026-02-19,TCS,TCS.NS,2627.668457,2677.899902,3238849,YAHOO_FINANCE_VIA_YFINANCE
2026-02-19,TITAN,TITAN.NS,4184.469727,4198.200195,406232,YAHOO_FINANCE_VIA_YFINANCE
2026-02-19,TRENT,TRENT.NS,2707.931885,2711.93335,880942,YAHOO_FINANCE_VIA_YFINANCE
2026-02-19,ULTRACEMCO,ULTRACEMCO.NS,12434.19824,12688,195303,YAHOO_FINANCE_VIA_YFINANCE
2026-02-19,VOLTAS,VOLTAS.NS,1507.962769,1512.699951,657967,YAHOO_FINANCE_VIA_YFINANCE
2026-02-20,ABB,ABB.NS,5893.23584,5987,4034978,YAHOO_FINANCE_VIA_YFINANCE
2026-02-20,APLAPOLLO,APLAPOLLO.NS,2187.5,2187.5,390445,YAHOO_FINANCE_VIA_YFINANCE
2026-02-20,APOLLOHOSP,APOLLOHOSP.NS,7606.64502,7615.5,256304,YAHOO_FINANCE_VIA_YFINANCE
2026-02-20,ASIANPAINT,ASIANPAINT.NS,2407.215088,2428.100098,790329,YAHOO_FINANCE_VIA_YFINANCE
2026-02-20,ASTRAL,ASTRAL.NS,1634.029907,1636.599976,679027,YAHOO_FINANCE_VIA_YFINANCE
2026-02-20,AXISBANK,AXISBANK.NS,1367.245605,1368.300049,3791536,YAHOO_FINANCE_VIA_YFINANCE
2026-02-20,BAJFINANCE,BAJFINANCE.NS,1023.905762,1030.199951,6922705,YAHOO_FINANCE_VIA_YFINANCE
2026-02-20,BALKRISIND,BALKRISIND.NS,2486.150879,2494.800049,65423,YAHOO_FINANCE_VIA_YFINANCE
2026-02-20,BANKBARODA,BANKBARODA.NS,299.3672485,309.0499878,14797240,YAHOO_FINANCE_VIA_YFINANCE
2026-02-20,BANKNIFTY,^NSEBANK,61172,61172,219800,YAHOO_FINANCE_VIA_YFINANCE
2026-02-20,BEL,BEL.NS,438.6843872,441.1499939,9533724,YAHOO_FINANCE_VIA_YFINANCE
2026-02-20,BHARTIARTL,BHARTIARTL.NS,1952.823242,1977.400024,5180301,YAHOO_FINANCE_VIA_YFINANCE
2026-02-20,CIPLA,CIPLA.NS,1328.635376,1341.099976,1551722,YAHOO_FINANCE_VIA_YFINANCE
2026-02-20,COFORGE,COFORGE.NS,1334.421509,1340.599976,2423179,YAHOO_FINANCE_VIA_YFINANCE
2026-02-20,CROMPTON,CROMPTON.NS,262.2757263,265.4299927,1924449,YAHOO_FINANCE_VIA_YFINANCE
2026-02-20,CUMMINSIND,CUMMINSIND.NS,4694.958496,4733.899902,779559,YAHOO_FINANCE_VIA_YFINANCE
2026-02-20,DEEPAKNTR,DEEPAKNTR.NS,1596.707275,1604,55745,YAHOO_FINANCE_VIA_YFINANCE
2026-02-20,DIXON,DIXON.NS,11072,11072,485095,YAHOO_FINANCE_VIA_YFINANCE
2026-02-20,DRREDDY,DRREDDY.NS,1272.331299,1280.400024,1753200,YAHOO_FINANCE_VIA_YFINANCE
2026-02-20,ESCORTS,ESCORTS.NS,3379.559082,3417.800049,72696,YAHOO_FINANCE_VIA_YFINANCE
2026-02-20,FEDERALBNK,FEDERALBNK.NS,291.6037903,292.6000061,5030819,YAHOO_FINANCE_VIA_YFINANCE
2026-02-20,HAL,HAL.NS,4161.567383,4170,960630,YAHOO_FINANCE_VIA_YFINANCE
2026-02-20,HDFCBANK,HDFCBANK.NS,897.013855,911.8499756,22654907,YAHOO_FINANCE_VIA_YFINANCE
2026-02-20,HINDUNILVR,HINDUNILVR.NS,2291.195068,2314.5,1716316,YAHOO_FINANCE_VIA_YFINANCE
2026-02-20,ICICIBANK,ICICIBANK.NS,1382.841919,1394.5,10337877,YAHOO_FINANCE_VIA_YFINANCE
2026-02-20,IDFCFIRSTB,IDFCFIRSTB.NS,83.26539612,83.51000214,11974786,YAHOO_FINANCE_VIA_YFINANCE
2026-02-20,INDUSINDBK,INDUSINDBK.NS,924.5524902,926.0499878,6462199,YAHOO_FINANCE_VIA_YFINANCE
2026-02-20,INFY,INFY.NS,1324.53772,1353.199951,12633552,YAHOO_FINANCE_VIA_YFINANCE
2026-02-20,KAYNES,KAYNES.NS,3870.899902,3870.899902,1365881,YAHOO_FINANCE_VIA_YFINANCE
2026-02-20,KEI,KEI.NS,4756,4756,410082,YAHOO_FINANCE_VIA_YFINANCE
2026-02-20,KOTAKBANK,KOTAKBANK.NS,420.6238098,421.3500061,6603883,YAHOO_FINANCE_VIA_YFINANCE
2026-02-20,KPITTECH,KPITTECH.NS,828.4050293,835.4000244,1311329,YAHOO_FINANCE_VIA_YFINANCE
2026-02-20,LALPATHLAB,LALPATHLAB.NS,1395.205444,1402.300049,132907,YAHOO_FINANCE_VIA_YFINANCE
2026-02-20,LT,LT.NS,4338.227051,4380.600098,2542442,YAHOO_FINANCE_VIA_YFINANCE
2026-02-20,M&M,M&M.NS,3377.333008,3412.800049,2260853,YAHOO_FINANCE_VIA_YFINANCE
2026-02-20,MARUTI,MARUTI.NS,14828.08105,14977,515847,YAHOO_FINANCE_VIA_YFINANCE
2026-02-20,MAXHEALTH,MAXHEALTH.NS,1085.970093,1087.900024,2083868,YAHOO_FINANCE_VIA_YFINANCE
2026-02-20,NIFTY,^NSEI,25571.25,25571.25,296600,YAHOO_FINANCE_VIA_YFINANCE
2026-02-20,PERSISTENT,PERSISTENT.NS,5074.375488,5092,1666625,YAHOO_FINANCE_VIA_YFINANCE
2026-02-20,PIIND,PIIND.NS,3032.116699,3048,282164,YAHOO_FINANCE_VIA_YFINANCE
2026-02-20,POLYCAB,POLYCAB.NS,7831.839355,7869,393536,YAHOO_FINANCE_VIA_YFINANCE
2026-02-20,RELIANCE,RELIANCE.NS,1412.867554,1419.400024,8177670,YAHOO_FINANCE_VIA_YFINANCE
2026-02-20,SBIN,SBIN.NS,1194.567749,1216.099976,9958162,YAHOO_FINANCE_VIA_YFINANCE
2026-02-20,SIEMENS,SIEMENS.NS,3190.521729,3206.199951,1339800,YAHOO_FINANCE_VIA_YFINANCE
2026-02-20,SUNPHARMA,SUNPHARMA.NS,1719.892456,1724.400024,1203988,YAHOO_FINANCE_VIA_YFINANCE
2026-02-20,SUPREMEIND,SUPREMEIND.NS,3890.787109,3918.300049,455886,YAHOO_FINANCE_VIA_YFINANCE
2026-02-20,TATAMOTORS,TMPV.NS,374.8901672,378,6324165,YAHOO_FINANCE_VIA_YFINANCE
2026-02-20,TCS,TCS.NS,2635.812988,2686.199951,2293482,YAHOO_FINANCE_VIA_YFINANCE
2026-02-20,TITAN,TITAN.NS,4222.544434,4236.399902,532169,YAHOO_FINANCE_VIA_YFINANCE
2026-02-20,TRENT,TRENT.NS,2723.309082,2727.333252,507846,YAHOO_FINANCE_VIA_YFINANCE
2026-02-20,ULTRACEMCO,ULTRACEMCO.NS,12510.6377,12766,120589,YAHOO_FINANCE_VIA_YFINANCE
2026-02-20,VOLTAS,VOLTAS.NS,1542.055664,1546.900024,935468,YAHOO_FINANCE_VIA_YFINANCE
2026-02-23,ABB,ABB.NS,5824.824219,5917.5,831004,YAHOO_FINANCE_VIA_YFINANCE
2026-02-23,APLAPOLLO,APLAPOLLO.NS,2191.5,2191.5,377562,YAHOO_FINANCE_VIA_YFINANCE
2026-02-23,APOLLOHOSP,APOLLOHOSP.NS,7684.054688,7693,399710,YAHOO_FINANCE_VIA_YFINANCE
2026-02-23,ASIANPAINT,ASIANPAINT.NS,2408.80127,2429.699951,634365,YAHOO_FINANCE_VIA_YFINANCE
2026-02-23,ASTRAL,ASTRAL.NS,1632.532349,1635.099976,489915,YAHOO_FINANCE_VIA_YFINANCE
2026-02-23,AXISBANK,AXISBANK.NS,1385.631348,1386.699951,6160153,YAHOO_FINANCE_VIA_YFINANCE
2026-02-23,BAJFINANCE,BAJFINANCE.NS,1024.700928,1031,9452225,YAHOO_FINANCE_VIA_YFINANCE
2026-02-23,BALKRISIND,BALKRISIND.NS,2500.301758,2509,187765,YAHOO_FINANCE_VIA_YFINANCE
2026-02-23,BANKBARODA,BANKBARODA.NS,303.5325623,313.3500061,10075556,YAHOO_FINANCE_VIA_YFINANCE
2026-02-23,BANKNIFTY,^NSEBANK,61264.25,61264.25,841900,YAHOO_FINANCE_VIA_YFINANCE
2026-02-23,BEL,BEL.NS,437.2921753,439.75,12915631,YAHOO_FINANCE_VIA_YFINANCE
2026-02-23,BHARTIARTL,BHARTIARTL.NS,1972.475952,1997.300049,3728878,YAHOO_FINANCE_VIA_YFINANCE
2026-02-23,CIPLA,CIPLA.NS,1314.171021,1326.5,2435610,YAHOO_FINANCE_VIA_YFINANCE
2026-02-23,COFORGE,COFORGE.NS,1283.059448,1289,4790112,YAHOO_FINANCE_VIA_YFINANCE
2026-02-23,CROMPTON,CROMPTON.NS,262.3053894,265.4599915,1685792,YAHOO_FINANCE_VIA_YFINANCE
2026-02-23,CUMMINSIND,CUMMINSIND.NS,4844.121582,4884.299805,1570603,YAHOO_FINANCE_VIA_YFINANCE
2026-02-23,DEEPAKNTR,DEEPAKNTR.NS,1609.25,1616.599976,63649,YAHOO_FINANCE_VIA_YFINANCE
2026-02-23,DIXON,DIXON.NS,10599,10599,644642,YAHOO_FINANCE_VIA_YFINANCE
2026-02-23,DRREDDY,DRREDDY.NS,1299.161133,1307.400024,1849756,YAHOO_FINANCE_VIA_YFINANCE
2026-02-23,ESCORTS,ESCORTS.NS,3444.919434,3483.899902,152786,YAHOO_FINANCE_VIA_YFINANCE
2026-02-23,FEDERALBNK,FEDERALBNK.NS,295.1915283,296.2000122,6561111,YAHOO_FINANCE_VIA_YFINANCE
2026-02-23,HAL,HAL.NS,4017.259521,4025.399902,3750121,YAHOO_FINANCE_VIA_YFINANCE
2026-02-23,HDFCBANK,HDFCBANK.NS,908.5726929,923.5999756,23270122,YAHOO_FINANCE_VIA_YFINANCE
2026-02-23,HINDUNILVR,HINDUNILVR.NS,2321.783691,2345.399902,1300035,YAHOO_FINANCE_VIA_YFINANCE
2026-02-23,ICICIBANK,ICICIBANK.NS,1387.70105,1399.400024,10728445,YAHOO_FINANCE_VIA_YFINANCE
2026-02-23,IDFCFIRSTB,IDFCFIRSTB.NS,69.8348465,70.04000092,621433698,YAHOO_FINANCE_VIA_YFINANCE
2026-02-23,INDUSINDBK,INDUSINDBK.NS,918.2626953,919.75,4217172,YAHOO_FINANCE_VIA_YFINANCE
2026-02-23,INFY,INFY.NS,1299.382202,1327.5,12887826,YAHOO_FINANCE_VIA_YFINANCE
2026-02-23,KAYNES,KAYNES.NS,3799.5,3799.5,985892,YAHOO_FINANCE_VIA_YFINANCE
2026-02-23,KEI,KEI.NS,4765.700195,4765.700195,448451,YAHOO_FINANCE_VIA_YFINANCE
2026-02-23,KOTAKBANK,KOTAKBANK.NS,429.9577026,430.7000122,10399627,YAHOO_FINANCE_VIA_YFINANCE
2026-02-23,KPITTECH,KPITTECH.NS,805.8951416,812.7000122,2364931,YAHOO_FINANCE_VIA_YFINANCE
2026-02-23,LALPATHLAB,LALPATHLAB.NS,1388.937256,1396,145096,YAHOO_FINANCE_VIA_YFINANCE
2026-02-23,LT,LT.NS,4375.364258,4418.100098,2122782,YAHOO_FINANCE_VIA_YFINANCE
2026-02-23,M&M,M&M.NS,3411.276611,3447.100098,1789276,YAHOO_FINANCE_VIA_YFINANCE
2026-02-23,MARUTI,MARUTI.NS,14922.13672,15072,242968,YAHOO_FINANCE_VIA_YFINANCE
2026-02-23,MAXHEALTH,MAXHEALTH.NS,1081.677612,1083.599976,2027109,YAHOO_FINANCE_VIA_YFINANCE
2026-02-23,NIFTY,^NSEI,25713,25713,313700,YAHOO_FINANCE_VIA_YFINANCE
2026-02-23,PERSISTENT,PERSISTENT.NS,4960.271973,4977.5,835461,YAHOO_FINANCE_VIA_YFINANCE
2026-02-23,PIIND,PIIND.NS,3108.343018,3119.5,286156,YAHOO_FINANCE_VIA_YFINANCE
2026-02-23,POLYCAB,POLYCAB.NS,7936.343262,7974,328097,YAHOO_FINANCE_VIA_YFINANCE
2026-02-23,RELIANCE,RELIANCE.NS,1421.427856,1428,7758856,YAHOO_FINANCE_VIA_YFINANCE
2026-02-23,SBIN,SBIN.NS,1206.060669,1227.800049,9733835,YAHOO_FINANCE_VIA_YFINANCE
2026-02-23,SIEMENS,SIEMENS.NS,3286.052246,3302.199951,756804,YAHOO_FINANCE_VIA_YFINANCE
2026-02-23,SUNPHARMA,SUNPHARMA.NS,1727.771851,1732.300049,1550400,YAHOO_FINANCE_VIA_YFINANCE
2026-02-23,SUPREMEIND,SUPREMEIND.NS,3912.93042,3940.600098,186576,YAHOO_FINANCE_VIA_YFINANCE
2026-02-23,TATAMOTORS,TMPV.NS,376.8241577,379.9500122,11701520,YAHOO_FINANCE_VIA_YFINANCE
2026-02-23,TCS,TCS.NS,2626.098633,2676.300049,4699596,YAHOO_FINANCE_VIA_YFINANCE
2026-02-23,TITAN,TITAN.NS,4258.726074,4272.700195,516387,YAHOO_FINANCE_VIA_YFINANCE
2026-02-23,TRENT,TRENT.NS,2699.277832,2703.266602,1011306,YAHOO_FINANCE_VIA_YFINANCE
2026-02-23,ULTRACEMCO,ULTRACEMCO.NS,12716.43652,12976,134369,YAHOO_FINANCE_VIA_YFINANCE
2026-02-23,VOLTAS,VOLTAS.NS,1533.382935,1538.199951,555656,YAHOO_FINANCE_VIA_YFINANCE
2026-02-24,ABB,ABB.NS,5961.154785,6056,782563,YAHOO_FINANCE_VIA_YFINANCE
2026-02-24,APLAPOLLO,APLAPOLLO.NS,2195.600098,2195.600098,1362267,YAHOO_FINANCE_VIA_YFINANCE
2026-02-24,APOLLOHOSP,APOLLOHOSP.NS,7711.522949,7720.5,377143,YAHOO_FINANCE_VIA_YFINANCE
2026-02-24,ASIANPAINT,ASIANPAINT.NS,2392.344238,2413.100098,499660,YAHOO_FINANCE_VIA_YFINANCE
2026-02-24,ASTRAL,ASTRAL.NS,1661.386963,1664,659604,YAHOO_FINANCE_VIA_YFINANCE
2026-02-24,AXISBANK,AXISBANK.NS,1386.53064,1387.599976,7888492,YAHOO_FINANCE_VIA_YFINANCE
2026-02-24,BAJFINANCE,BAJFINANCE.NS,1017.296448,1023.549988,6610984,YAHOO_FINANCE_VIA_YFINANCE
2026-02-24,BALKRISIND,BALKRISIND.NS,2509.768799,2518.5,544353,YAHOO_FINANCE_VIA_YFINANCE
2026-02-24,BANKBARODA,BANKBARODA.NS,303.2903748,313.1000061,12952576,YAHOO_FINANCE_VIA_YFINANCE
2026-02-24,BANKNIFTY,^NSEBANK,61047.30078,61047.30078,587700,YAHOO_FINANCE_VIA_YFINANCE
2026-02-24,BEL,BEL.NS,432.6184387,435.0499878,12223376,YAHOO_FINANCE_VIA_YFINANCE
2026-02-24,BHARTIARTL,BHARTIARTL.NS,1916.87561,1941,10006761,YAHOO_FINANCE_VIA_YFINANCE
2026-02-24,CIPLA,CIPLA.NS,1314.369141,1326.699951,2109672,YAHOO_FINANCE_VIA_YFINANCE
2026-02-24,COFORGE,COFORGE.NS,1206.613403,1212.199951,10454471,YAHOO_FINANCE_VIA_YFINANCE
2026-02-24,CROMPTON,CROMPTON.NS,259.3114014,262.4299927,1381957,YAHOO_FINANCE_VIA_YFINANCE
2026-02-24,CUMMINSIND,CUMMINSIND.NS,4870.006836,4910.399902,672139,YAHOO_FINANCE_VIA_YFINANCE
2026-02-24,DEEPAKNTR,DEEPAKNTR.NS,1581.178223,1588.400024,63380,YAHOO_FINANCE_VIA_YFINANCE
2026-02-24,DIXON,DIXON.NS,10525,10525,512955,YAHOO_FINANCE_VIA_YFINANCE
2026-02-24,DRREDDY,DRREDDY.NS,1292.00647,1300.199951,1803242,YAHOO_FINANCE_VIA_YFINANCE
2026-02-24,ESCORTS,ESCORTS.NS,3525.507568,3565.399902,135907,YAHOO_FINANCE_VIA_YFINANCE
2026-02-24,FEDERALBNK,FEDERALBNK.NS,294.6433716,295.6499939,9095061,YAHOO_FINANCE_VIA_YFINANCE
2026-02-24,HAL,HAL.NS,3944.606934,3952.600098,1605651,YAHOO_FINANCE_VIA_YFINANCE
2026-02-24,HDFCBANK,HDFCBANK.NS,895.6858521,910.5,31313985,YAHOO_FINANCE_VIA_YFINANCE
2026-02-24,HINDUNILVR,HINDUNILVR.NS,2334.851074,2358.600098,1544803,YAHOO_FINANCE_VIA_YFINANCE
2026-02-24,ICICIBANK,ICICIBANK.NS,1373.223022,1384.800049,18274784,YAHOO_FINANCE_VIA_YFINANCE
2026-02-24,IDFCFIRSTB,IDFCFIRSTB.NS,70.76212311,70.97000122,321537145,YAHOO_FINANCE_VIA_YFINANCE
2026-02-24,INDUSINDBK,INDUSINDBK.NS,929.8938599,931.4000244,3079572,YAHOO_FINANCE_VIA_YFINANCE
2026-02-24,INFY,INFY.NS,1248.483521,1275.5,27839061,YAHOO_FINANCE_VIA_YFINANCE
2026-02-24,KAYNES,KAYNES.NS,3838.600098,3838.600098,893784,YAHOO_FINANCE_VIA_YFINANCE
2026-02-24,KEI,KEI.NS,4781,4781,309101,YAHOO_FINANCE_VIA_YFINANCE
2026-02-24,KOTAKBANK,KOTAKBANK.NS,426.9628906,427.7000122,15016915,YAHOO_FINANCE_VIA_YFINANCE
2026-02-24,KPITTECH,KPITTECH.NS,754.1322021,760.5,3617378,YAHOO_FINANCE_VIA_YFINANCE
2026-02-24,LALPATHLAB,LALPATHLAB.NS,1401.970947,1409.099976,252709,YAHOO_FINANCE_VIA_YFINANCE
2026-02-24,LT,LT.NS,4218.001465,4259.200195,3673070,YAHOO_FINANCE_VIA_YFINANCE
2026-02-24,M&M,M&M.NS,3397.520996,3433.199951,1929400,YAHOO_FINANCE_VIA_YFINANCE
2026-02-24,MARUTI,MARUTI.NS,14777.58789,14926,300991,YAHOO_FINANCE_VIA_YFINANCE
2026-02-24,MAXHEALTH,MAXHEALTH.NS,1084.472778,1086.400024,2375483,YAHOO_FINANCE_VIA_YFINANCE
2026-02-24,NIFTY,^NSEI,25424.65039,25424.65039,439100,YAHOO_FINANCE_VIA_YFINANCE
2026-02-24,PERSISTENT,PERSISTENT.NS,4645.86377,4662,2771545,YAHOO_FINANCE_VIA_YFINANCE
2026-02-24,PIIND,PIIND.NS,3096.086914,3107.199951,161311,YAHOO_FINANCE_VIA_YFINANCE
2026-02-24,POLYCAB,POLYCAB.NS,8082.151855,8120.5,858763,YAHOO_FINANCE_VIA_YFINANCE
2026-02-24,RELIANCE,RELIANCE.NS,1422.224243,1428.800049,12529409,YAHOO_FINANCE_VIA_YFINANCE
2026-02-24,SBIN,SBIN.NS,1201.640381,1223.300049,15788449,YAHOO_FINANCE_VIA_YFINANCE
2026-02-24,SIEMENS,SIEMENS.NS,3349.142334,3365.600098,532121,YAHOO_FINANCE_VIA_YFINANCE
2026-02-24,SUNPHARMA,SUNPHARMA.NS,1727.273193,1731.800049,2769363,YAHOO_FINANCE_VIA_YFINANCE
2026-02-24,SUPREMEIND,SUPREMEIND.NS,3933.584229,3961.399902,422784,YAHOO_FINANCE_VIA_YFINANCE
2026-02-24,TATAMOTORS,TMPV.NS,374.4438782,377.5499878,7213746,YAHOO_FINANCE_VIA_YFINANCE
2026-02-24,TCS,TCS.NS,2525.423096,2573.699951,7798833,YAHOO_FINANCE_VIA_YFINANCE
2026-02-24,TITAN,TITAN.NS,4280.45459,4294.5,491126,YAHOO_FINANCE_VIA_YFINANCE
2026-02-24,TRENT,TRENT.NS,2616.999512,2620.866699,1064977,YAHOO_FINANCE_VIA_YFINANCE
2026-02-24,ULTRACEMCO,ULTRACEMCO.NS,12700.75684,12960,332450,YAHOO_FINANCE_VIA_YFINANCE
2026-02-24,VOLTAS,VOLTAS.NS,1533.183594,1538,927647,YAHOO_FINANCE_VIA_YFINANCE
2026-02-25,ABB,ABB.NS,6070.90918,6167.5,363747,YAHOO_FINANCE_VIA_YFINANCE
2026-02-25,APLAPOLLO,APLAPOLLO.NS,2230.600098,2230.600098,627610,YAHOO_FINANCE_VIA_YFINANCE
2026-02-25,APOLLOHOSP,APOLLOHOSP.NS,7773.950195,7783,383833,YAHOO_FINANCE_VIA_YFINANCE
2026-02-25,ASIANPAINT,ASIANPAINT.NS,2395.615479,2416.399902,526764,YAHOO_FINANCE_VIA_YFINANCE
2026-02-25,ASTRAL,ASTRAL.NS,1680.556763,1683.199951,662060,YAHOO_FINANCE_VIA_YFINANCE
2026-02-25,AXISBANK,AXISBANK.NS,1401.918823,1403,4379373,YAHOO_FINANCE_VIA_YFINANCE
2026-02-25,BAJFINANCE,BAJFINANCE.NS,1014.811707,1021.049988,3182612,YAHOO_FINANCE_VIA_YFINANCE
2026-02-25,BALKRISIND,BALKRISIND.NS,2508.27417,2517,241035,YAHOO_FINANCE_VIA_YFINANCE
2026-02-25,BANKBARODA,BANKBARODA.NS,305.9542236,315.8500061,9318353,YAHOO_FINANCE_VIA_YFINANCE
2026-02-25,BANKNIFTY,^NSEBANK,61043.35156,61043.35156,321600,YAHOO_FINANCE_VIA_YFINANCE
2026-02-25,BEL,BEL.NS,436.844696,439.2999878,9469190,YAHOO_FINANCE_VIA_YFINANCE
2026-02-25,BHARTIARTL,BHARTIARTL.NS,1889.618774,1913.400024,8285195,YAHOO_FINANCE_VIA_YFINANCE
2026-02-25,CIPLA,CIPLA.NS,1333.588867,1346.099976,1018377,YAHOO_FINANCE_VIA_YFINANCE
2026-02-25,COFORGE,COFORGE.NS,1207.310181,1212.900024,5227982,YAHOO_FINANCE_VIA_YFINANCE
2026-02-25,CROMPTON,CROMPTON.NS,260.171051,263.2999878,1630052,YAHOO_FINANCE_VIA_YFINANCE
2026-02-25,CUMMINSIND,CUMMINSIND.NS,4878.040039,4918.5,708623,YAHOO_FINANCE_VIA_YFINANCE
2026-02-25,DEEPAKNTR,DEEPAKNTR.NS,1574.508667,1581.699951,45615,YAHOO_FINANCE_VIA_YFINANCE
2026-02-25,DIXON,DIXON.NS,10388,10388,384975,YAHOO_FINANCE_VIA_YFINANCE
2026-02-25,DRREDDY,DRREDDY.NS,1298.266846,1306.5,2296240,YAHOO_FINANCE_VIA_YFINANCE
2026-02-25,ESCORTS,ESCORTS.NS,3562.489258,3602.800049,84096,YAHOO_FINANCE_VIA_YFINANCE
2026-02-25,FEDERALBNK,FEDERALBNK.NS,298.0816345,299.1000061,5928219,YAHOO_FINANCE_VIA_YFINANCE
2026-02-25,HAL,HAL.NS,3976.941162,3985,1239941,YAHOO_FINANCE_VIA_YFINANCE
2026-02-25,HDFCBANK,HDFCBANK.NS,892.8330078,907.5999756,27884303,YAHOO_FINANCE_VIA_YFINANCE
2026-02-25,HINDUNILVR,HINDUNILVR.NS,2350.986816,2374.899902,1158620,YAHOO_FINANCE_VIA_YFINANCE
2026-02-25,ICICIBANK,ICICIBANK.NS,1388.791748,1400.5,16297015,YAHOO_FINANCE_VIA_YFINANCE
2026-02-25,IDFCFIRSTB,IDFCFIRSTB.NS,70.01432037,70.22000122,90865348,YAHOO_FINANCE_VIA_YFINANCE
2026-02-25,INDUSINDBK,INDUSINDBK.NS,935.8342285,937.3499756,1173030,YAHOO_FINANCE_VIA_YFINANCE
2026-02-25,INFY,INFY.NS,1262.774292,1290.099976,16669618,YAHOO_FINANCE_VIA_YFINANCE
2026-02-25,KAYNES,KAYNES.NS,3908.399902,3908.399902,1305141,YAHOO_FINANCE_VIA_YFINANCE
2026-02-25,KEI,KEI.NS,4944,4944,362593,YAHOO_FINANCE_VIA_YFINANCE
2026-02-25,KOTAKBANK,KOTAKBANK.NS,424.2176208,424.9500122,10192468,YAHOO_FINANCE_VIA_YFINANCE
2026-02-25,KPITTECH,KPITTECH.NS,782.0960693,788.7000122,5094300,YAHOO_FINANCE_VIA_YFINANCE
2026-02-25,LALPATHLAB,LALPATHLAB.NS,1417.790527,1425,99166,YAHOO_FINANCE_VIA_YFINANCE
2026-02-25,LT,LT.NS,4256.920898,4298.5,2481469,YAHOO_FINANCE_VIA_YFINANCE
2026-02-25,M&M,M&M.NS,3455.01709,3491.300049,2273269,YAHOO_FINANCE_VIA_YFINANCE
2026-02-25,MARUTI,MARUTI.NS,14920.15625,15070,356495,YAHOO_FINANCE_VIA_YFINANCE
2026-02-25,MAXHEALTH,MAXHEALTH.NS,1086.169678,1088.099976,1836316,YAHOO_FINANCE_VIA_YFINANCE
2026-02-25,NIFTY,^NSEI,25482.5,25482.5,414200,YAHOO_FINANCE_VIA_YFINANCE
2026-02-25,PERSISTENT,PERSISTENT.NS,4714.625,4731,1573003,YAHOO_FINANCE_VIA_YFINANCE
2026-02-25,PIIND,PIIND.NS,3082.436035,3093.5,123132,YAHOO_FINANCE_VIA_YFINANCE
2026-02-25,POLYCAB,POLYCAB.NS,8309.075195,8348.5,886874,YAHOO_FINANCE_VIA_YFINANCE
2026-02-25,RELIANCE,RELIANCE.NS,1392.063721,1398.5,10728792,YAHOO_FINANCE_VIA_YFINANCE
2026-02-25,SBIN,SBIN.NS,1178.851074,1200.099976,19581100,YAHOO_FINANCE_VIA_YFINANCE
2026-02-25,SIEMENS,SIEMENS.NS,3334.414795,3350.800049,386158,YAHOO_FINANCE_VIA_YFINANCE
2026-02-25,SUNPHARMA,SUNPHARMA.NS,1759.588379,1764.199951,1200997,YAHOO_FINANCE_VIA_YFINANCE
2026-02-25,SUPREMEIND,SUPREMEIND.NS,4024.144043,4052.600098,361416,YAHOO_FINANCE_VIA_YFINANCE
2026-02-25,TATAMOTORS,TMPV.NS,378.7084961,381.8500061,7748663,YAHOO_FINANCE_VIA_YFINANCE
2026-02-25,TCS,TCS.NS,2579.980225,2629.300049,3621285,YAHOO_FINANCE_VIA_YFINANCE
2026-02-25,TITAN,TITAN.NS,4310.85498,4325,586295,YAHOO_FINANCE_VIA_YFINANCE
2026-02-25,TRENT,TRENT.NS,2610.808838,2614.666748,593319,YAHOO_FINANCE_VIA_YFINANCE
2026-02-25,ULTRACEMCO,ULTRACEMCO.NS,12780.13672,13041,201537,YAHOO_FINANCE_VIA_YFINANCE
2026-02-25,VOLTAS,VOLTAS.NS,1517.632446,1522.400024,1200666,YAHOO_FINANCE_VIA_YFINANCE
2026-02-26,ABB,ABB.NS,6036.949707,6133,283878,YAHOO_FINANCE_VIA_YFINANCE
2026-02-26,APLAPOLLO,APLAPOLLO.NS,2226.399902,2226.399902,413834,YAHOO_FINANCE_VIA_YFINANCE
2026-02-26,APOLLOHOSP,APOLLOHOSP.NS,7765.959473,7775,361759,YAHOO_FINANCE_VIA_YFINANCE
2026-02-26,ASIANPAINT,ASIANPAINT.NS,2374.300537,2394.899902,588742,YAHOO_FINANCE_VIA_YFINANCE
2026-02-26,ASTRAL,ASTRAL.NS,1681.555176,1684.199951,615178,YAHOO_FINANCE_VIA_YFINANCE
2026-02-26,AXISBANK,AXISBANK.NS,1394.424561,1395.5,8979547,YAHOO_FINANCE_VIA_YFINANCE
2026-02-26,BAJFINANCE,BAJFINANCE.NS,1006.76123,1012.950012,4336261,YAHOO_FINANCE_VIA_YFINANCE
2026-02-26,BALKRISIND,BALKRISIND.NS,2453.863281,2462.399902,137623,YAHOO_FINANCE_VIA_YFINANCE
2026-02-26,BANKBARODA,BANKBARODA.NS,314.28479,324.4500122,20502406,YAHOO_FINANCE_VIA_YFINANCE
2026-02-26,BANKNIFTY,^NSEBANK,61187.69922,61187.69922,602700,YAHOO_FINANCE_VIA_YFINANCE
2026-02-26,BEL,BEL.NS,446.5401917,449.0499878,13738213,YAHOO_FINANCE_VIA_YFINANCE
2026-02-26,BHARTIARTL,BHARTIARTL.NS,1905.61731,1929.599976,10795028,YAHOO_FINANCE_VIA_YFINANCE
2026-02-26,CIPLA,CIPLA.NS,1345.477295,1358.099976,2013877,YAHOO_FINANCE_VIA_YFINANCE
2026-02-26,COFORGE,COFORGE.NS,1194.867798,1200.400024,6063557,YAHOO_FINANCE_VIA_YFINANCE
2026-02-26,CROMPTON,CROMPTON.NS,259.3805542,262.5,1643704,YAHOO_FINANCE_VIA_YFINANCE
2026-02-26,CUMMINSIND,CUMMINSIND.NS,4921.975586,4962.799805,346327,YAHOO_FINANCE_VIA_YFINANCE
2026-02-26,DEEPAKNTR,DEEPAKNTR.NS,1586.752808,1594,70237,YAHOO_FINANCE_VIA_YFINANCE
2026-02-26,DIXON,DIXON.NS,10116,10116,562899,YAHOO_FINANCE_VIA_YFINANCE
2026-02-26,DRREDDY,DRREDDY.NS,1310.986206,1319.300049,1511598,YAHOO_FINANCE_VIA_YFINANCE
2026-02-26,ESCORTS,ESCORTS.NS,3559.226074,3599.5,69575,YAHOO_FINANCE_VIA_YFINANCE
2026-02-26,FEDERALBNK,FEDERALBNK.NS,298.4802856,299.5,12490528,YAHOO_FINANCE_VIA_YFINANCE
2026-02-26,HAL,HAL.NS,4000.792725,4008.899902,1423043,YAHOO_FINANCE_VIA_YFINANCE
2026-02-26,HDFCBANK,HDFCBANK.NS,883.9794312,898.5999756,41165937,YAHOO_FINANCE_VIA_YFINANCE
2026-02-26,HINDUNILVR,HINDUNILVR.NS,2359.302246,2383.300049,1470677,YAHOO_FINANCE_VIA_YFINANCE
2026-02-26,ICICIBANK,ICICIBANK.NS,1393.155029,1404.900024,27288792,YAHOO_FINANCE_VIA_YFINANCE
2026-02-26,IDFCFIRSTB,IDFCFIRSTB.NS,72.59673309,72.80999756,142273285,YAHOO_FINANCE_VIA_YFINANCE
2026-02-26,INDUSINDBK,INDUSINDBK.NS,963.0401611,964.5999756,8974624,YAHOO_FINANCE_VIA_YFINANCE
2026-02-26,INFY,INFY.NS,1261.795532,1289.099976,11493914,YAHOO_FINANCE_VIA_YFINANCE
2026-02-26,KAYNES,KAYNES.NS,3916.399902,3916.399902,986604,YAHOO_FINANCE_VIA_YFINANCE
2026-02-26,KEI,KEI.NS,5009.100098,5009.100098,336133,YAHOO_FINANCE_VIA_YFINANCE
2026-02-26,KOTAKBANK,KOTAKBANK.NS,423.8182983,424.5499878,13417228,YAHOO_FINANCE_VIA_YFINANCE
2026-02-26,KPITTECH,KPITTECH.NS,787.0541992,793.7000122,1399625,YAHOO_FINANCE_VIA_YFINANCE
2026-02-26,LALPATHLAB,LALPATHLAB.NS,1398.787231,1405.900024,266623,YAHOO_FINANCE_VIA_YFINANCE
2026-02-26,LT,LT.NS,4245.037109,4286.5,2370148,YAHOO_FINANCE_VIA_YFINANCE
2026-02-26,M&M,M&M.NS,3448.386963,3484.600098,1998012,YAHOO_FINANCE_VIA_YFINANCE
2026-02-26,MARUTI,MARUTI.NS,15061.73438,15213,308213,YAHOO_FINANCE_VIA_YFINANCE
2026-02-26,MAXHEALTH,MAXHEALTH.NS,1107.93103,1109.900024,3383794,YAHOO_FINANCE_VIA_YFINANCE
2026-02-26,NIFTY,^NSEI,25496.55078,25496.55078,405200,YAHOO_FINANCE_VIA_YFINANCE
2026-02-26,PERSISTENT,PERSISTENT.NS,4764.950195,4781.5,1104877,YAHOO_FINANCE_VIA_YFINANCE
2026-02-26,PIIND,PIIND.NS,3122.990479,3134.199951,94505,YAHOO_FINANCE_VIA_YFINANCE
2026-02-26,POLYCAB,POLYCAB.NS,8465.831055,8506,629664,YAHOO_FINANCE_VIA_YFINANCE
2026-02-26,RELIANCE,RELIANCE.NS,1400.325562,1406.800049,16683858,YAHOO_FINANCE_VIA_YFINANCE
2026-02-26,SBIN,SBIN.NS,1188.084717,1209.5,16196052,YAHOO_FINANCE_VIA_YFINANCE
2026-02-26,SIEMENS,SIEMENS.NS,3320.58252,3336.899902,153440,YAHOO_FINANCE_VIA_YFINANCE
2026-02-26,SUNPHARMA,SUNPHARMA.NS,1781.032227,1785.699951,2076586,YAHOO_FINANCE_VIA_YFINANCE
2026-02-26,SUPREMEIND,SUPREMEIND.NS,3979.26123,4007.399902,197079,YAHOO_FINANCE_VIA_YFINANCE
2026-02-26,TATAMOTORS,TMPV.NS,388.3286743,391.5499878,14697484,YAHOO_FINANCE_VIA_YFINANCE
2026-02-26,TCS,TCS.NS,2598.035156,2647.699951,3464267,YAHOO_FINANCE_VIA_YFINANCE
2026-02-26,TITAN,TITAN.NS,4328.397461,4342.600098,520985,YAHOO_FINANCE_VIA_YFINANCE
2026-02-26,TRENT,TRENT.NS,2566.873779,2570.666748,1642408,YAHOO_FINANCE_VIA_YFINANCE
2026-02-26,ULTRACEMCO,ULTRACEMCO.NS,12678.2168,12937,209041,YAHOO_FINANCE_VIA_YFINANCE
2026-02-26,VOLTAS,VOLTAS.NS,1539.663208,1544.5,1229111,YAHOO_FINANCE_VIA_YFINANCE
2026-02-27,ABB,ABB.NS,5977.888672,6073,602254,YAHOO_FINANCE_VIA_YFINANCE
2026-02-27,APLAPOLLO,APLAPOLLO.NS,2234.600098,2234.600098,1301696,YAHOO_FINANCE_VIA_YFINANCE
2026-02-27,APOLLOHOSP,APOLLOHOSP.NS,7812.405273,7821.5,698131,YAHOO_FINANCE_VIA_YFINANCE
2026-02-27,ASIANPAINT,ASIANPAINT.NS,2355.761475,2376.199951,2531619,YAHOO_FINANCE_VIA_YFINANCE
2026-02-27,ASTRAL,ASTRAL.NS,1665.280884,1667.900024,730263,YAHOO_FINANCE_VIA_YFINANCE
2026-02-27,AXISBANK,AXISBANK.NS,1382.833496,1383.900024,5840317,YAHOO_FINANCE_VIA_YFINANCE
2026-02-27,BAJFINANCE,BAJFINANCE.NS,989.8154297,995.9000244,8145772,YAHOO_FINANCE_VIA_YFINANCE
2026-02-27,BALKRISIND,BALKRISIND.NS,2375.635254,2383.899902,169884,YAHOO_FINANCE_VIA_YFINANCE
2026-02-27,BANKBARODA,BANKBARODA.NS,311.8630981,321.9500122,14686416,YAHOO_FINANCE_VIA_YFINANCE
2026-02-27,BANKNIFTY,^NSEBANK,60529,60529,369200,YAHOO_FINANCE_VIA_YFINANCE
2026-02-27,BEL,BEL.NS,442.2145386,444.7000122,22732811,YAHOO_FINANCE_VIA_YFINANCE
2026-02-27,BHARTIARTL,BHARTIARTL.NS,1855.942627,1879.300049,13754648,YAHOO_FINANCE_VIA_YFINANCE
2026-02-27,CIPLA,CIPLA.NS,1335.669312,1348.199951,2609711,YAHOO_FINANCE_VIA_YFINANCE
2026-02-27,COFORGE,COFORGE.NS,1180.335083,1185.800049,3210664,YAHOO_FINANCE_VIA_YFINANCE
2026-02-27,CROMPTON,CROMPTON.NS,254.7858276,257.8500061,2045333,YAHOO_FINANCE_VIA_YFINANCE
2026-02-27,CUMMINSIND,CUMMINSIND.NS,4858.006348,4898.299805,944558,YAHOO_FINANCE_VIA_YFINANCE
2026-02-27,DEEPAKNTR,DEEPAKNTR.NS,1573.513184,1580.699951,112234,YAHOO_FINANCE_VIA_YFINANCE
2026-02-27,DIXON,DIXON.NS,10528,10528,1359438,YAHOO_FINANCE_VIA_YFINANCE
2026-02-27,DRREDDY,DRREDDY.NS,1278.194214,1286.300049,3510396,YAHOO_FINANCE_VIA_YFINANCE
2026-02-27,ESCORTS,ESCORTS.NS,3479.231445,3518.600098,54853,YAHOO_FINANCE_VIA_YFINANCE
2026-02-27,FEDERALBNK,FEDERALBNK.NS,298.8291016,299.8500061,6871717,YAHOO_FINANCE_VIA_YFINANCE
2026-02-27,HAL,HAL.NS,3905.286377,3913.199951,2191138,YAHOO_FINANCE_VIA_YFINANCE
2026-02-27,HDFCBANK,HDFCBANK.NS,873.3060303,887.75,34620755,YAHOO_FINANCE_VIA_YFINANCE
2026-02-27,HINDUNILVR,HINDUNILVR.NS,2314.557373,2338.100098,3053227,YAHOO_FINANCE_VIA_YFINANCE
2026-02-27,ICICIBANK,ICICIBANK.NS,1367.372437,1378.900024,15096898,YAHOO_FINANCE_VIA_YFINANCE
2026-02-27,IDFCFIRSTB,IDFCFIRSTB.NS,73.26477051,73.48000336,73495422,YAHOO_FINANCE_VIA_YFINANCE
2026-02-27,INDUSINDBK,INDUSINDBK.NS,955.2028809,956.75,3745120,YAHOO_FINANCE_VIA_YFINANCE
2026-02-27,INFY,INFY.NS,1272.5625,1300.099976,23141724,YAHOO_FINANCE_VIA_YFINANCE
2026-02-27,KAYNES,KAYNES.NS,3856.5,3856.5,1025078,YAHOO_FINANCE_VIA_YFINANCE
2026-02-27,KEI,KEI.NS,5080.399902,5080.399902,394177,YAHOO_FINANCE_VIA_YFINANCE
2026-02-27,KOTAKBANK,KOTAKBANK.NS,414.484436,415.2000122,17806739,YAHOO_FINANCE_VIA_YFINANCE
2026-02-27,KPITTECH,KPITTECH.NS,764.6433716,771.0999756,2159691,YAHOO_FINANCE_VIA_YFINANCE
2026-02-27,LALPATHLAB,LALPATHLAB.NS,1392.817505,1399.900024,591288,YAHOO_FINANCE_VIA_YFINANCE
2026-02-27,LT,LT.NS,4236.916504,4278.299805,2357853,YAHOO_FINANCE_VIA_YFINANCE
2026-02-27,M&M,M&M.NS,3362.092773,3397.399902,3765500,YAHOO_FINANCE_VIA_YFINANCE
2026-02-27,MARUTI,MARUTI.NS,14709.27441,14857,478164,YAHOO_FINANCE_VIA_YFINANCE
2026-02-27,MAXHEALTH,MAXHEALTH.NS,1090.012817,1091.949951,6055289,YAHOO_FINANCE_VIA_YFINANCE
2026-02-27,NIFTY,^NSEI,25178.65039,25178.65039,438900,YAHOO_FINANCE_VIA_YFINANCE
2026-02-27,PERSISTENT,PERSISTENT.NS,4716.618164,4733,1144899,YAHOO_FINANCE_VIA_YFINANCE
2026-02-27,PIIND,PIIND.NS,3106.150879,3117.300049,384811,YAHOO_FINANCE_VIA_YFINANCE
2026-02-27,POLYCAB,POLYCAB.NS,8569.837891,8610.5,926904,YAHOO_FINANCE_VIA_YFINANCE
2026-02-27,RELIANCE,RELIANCE.NS,1387.484863,1393.900024,12031440,YAHOO_FINANCE_VIA_YFINANCE
2026-02-27,SBIN,SBIN.NS,1180.422729,1201.699951,10700355,YAHOO_FINANCE_VIA_YFINANCE
2026-02-27,SIEMENS,SIEMENS.NS,3401.883301,3418.600098,857596,YAHOO_FINANCE_VIA_YFINANCE
2026-02-27,SUNPHARMA,SUNPHARMA.NS,1732.459595,1737,3041489,YAHOO_FINANCE_VIA_YFINANCE
2026-02-27,SUPREMEIND,SUPREMEIND.NS,3947.287354,3975.199951,404124,YAHOO_FINANCE_VIA_YFINANCE
2026-02-27,TATAMOTORS,TMPV.NS,379.5019226,382.6499939,15951041,YAHOO_FINANCE_VIA_YFINANCE
2026-02-27,TCS,TCS.NS,2587.928223,2637.399902,5083717,YAHOO_FINANCE_VIA_YFINANCE
2026-02-27,TITAN,TITAN.NS,4313.34668,4327.5,1146258,YAHOO_FINANCE_VIA_YFINANCE
2026-02-27,TRENT,TRENT.NS,2595.830811,2599.666748,1464748,YAHOO_FINANCE_VIA_YFINANCE
2026-02-27,ULTRACEMCO,ULTRACEMCO.NS,12423.41797,12677,272915,YAHOO_FINANCE_VIA_YFINANCE
2026-02-27,VOLTAS,VOLTAS.NS,1556.410645,1561.300049,1650861,YAHOO_FINANCE_VIA_YFINANCE
2026-03-02,ABB,ABB.NS,5889.29834,5983,275442,YAHOO_FINANCE_VIA_YFINANCE
2026-03-02,APLAPOLLO,APLAPOLLO.NS,2222.300049,2222.300049,509813,YAHOO_FINANCE_VIA_YFINANCE
2026-03-02,APOLLOHOSP,APOLLOHOSP.NS,7782.44043,7791.5,533503,YAHOO_FINANCE_VIA_YFINANCE
2026-03-02,ASIANPAINT,ASIANPAINT.NS,2287.255859,2307.100098,2528308,YAHOO_FINANCE_VIA_YFINANCE
2026-03-02,ASTRAL,ASTRAL.NS,1667.177856,1669.800049,813157,YAHOO_FINANCE_VIA_YFINANCE
2026-03-02,AXISBANK,AXISBANK.NS,1371.242554,1372.300049,5132511,YAHOO_FINANCE_VIA_YFINANCE
2026-03-02,BAJFINANCE,BAJFINANCE.NS,972.2732544,978.25,8493269,YAHOO_FINANCE_VIA_YFINANCE
2026-03-02,BALKRISIND,BALKRISIND.NS,2294.617188,2302.600098,146832,YAHOO_FINANCE_VIA_YFINANCE
2026-03-02,BANKBARODA,BANKBARODA.NS,305.324585,315.2000122,9823313,YAHOO_FINANCE_VIA_YFINANCE
2026-03-02,BANKNIFTY,^NSEBANK,59839.64844,59839.64844,387100,YAHOO_FINANCE_VIA_YFINANCE
2026-03-02,BEL,BEL.NS,451.4128418,453.9500122,35034174,YAHOO_FINANCE_VIA_YFINANCE
2026-03-02,BHARTIARTL,BHARTIARTL.NS,1849.918335,1873.199951,11785758,YAHOO_FINANCE_VIA_YFINANCE
2026-03-02,CIPLA,CIPLA.NS,1339.03772,1351.599976,1899674,YAHOO_FINANCE_VIA_YFINANCE
2026-03-02,COFORGE,COFORGE.NS,1157.341431,1162.699951,2447816,YAHOO_FINANCE_VIA_YFINANCE
2026-03-02,CROMPTON,CROMPTON.NS,250.4381104,253.4499969,3967184,YAHOO_FINANCE_VIA_YFINANCE
2026-03-02,CUMMINSIND,CUMMINSIND.NS,4777.176758,4816.799805,499980,YAHOO_FINANCE_VIA_YFINANCE
2026-03-02,DEEPAKNTR,DEEPAKNTR.NS,1538.87146,1545.900024,87884,YAHOO_FINANCE_VIA_YFINANCE
2026-03-02,DIXON,DIXON.NS,10151,10151,499942,YAHOO_FINANCE_VIA_YFINANCE
2026-03-02,DRREDDY,DRREDDY.NS,1286.243042,1294.400024,1052234,YAHOO_FINANCE_VIA_YFINANCE
2026-03-02,ESCORTS,ESCORTS.NS,3359.387207,3397.399902,69860,YAHOO_FINANCE_VIA_YFINANCE
2026-03-02,FEDERALBNK,FEDERALBNK.NS,293.9457703,294.9500122,6275477,YAHOO_FINANCE_VIA_YFINANCE
2026-03-02,HAL,HAL.NS,3943.608887,3951.600098,3263290,YAHOO_FINANCE_VIA_YFINANCE
2026-03-02,HDFCBANK,HDFCBANK.NS,865.0918579,879.4000244,38378924,YAHOO_FINANCE_VIA_YFINANCE
2026-03-02,HINDUNILVR,HINDUNILVR.NS,2297.233643,2320.600098,2273224,YAHOO_FINANCE_VIA_YFINANCE
2026-03-02,ICICIBANK,ICICIBANK.NS,1362.513306,1374,16928683,YAHOO_FINANCE_VIA_YFINANCE
2026-03-02,IDFCFIRSTB,IDFCFIRSTB.NS,71.56974792,71.77999878,60516758,YAHOO_FINANCE_VIA_YFINANCE
2026-03-02,INDUSINDBK,INDUSINDBK.NS,940.9758911,942.5,1568186,YAHOO_FINANCE_VIA_YFINANCE
2026-03-02,INFY,INFY.NS,1261.599731,1288.900024,9700361,YAHOO_FINANCE_VIA_YFINANCE
2026-03-02,KAYNES,KAYNES.NS,3736.600098,3736.600098,1183553,YAHOO_FINANCE_VIA_YFINANCE
2026-03-02,KEI,KEI.NS,5206,5206,1582606,YAHOO_FINANCE_VIA_YFINANCE
2026-03-02,KOTAKBANK,KOTAKBANK.NS,412.388031,413.1000061,15236666,YAHOO_FINANCE_VIA_YFINANCE
2026-03-02,KPITTECH,KPITTECH.NS,747.9345093,754.25,1681199,YAHOO_FINANCE_VIA_YFINANCE
2026-03-02,LALPATHLAB,LALPATHLAB.NS,1398.787231,1405.900024,504704,YAHOO_FINANCE_VIA_YFINANCE
2026-03-02,LT,LT.NS,4027.363281,4066.699951,6542141,YAHOO_FINANCE_VIA_YFINANCE
2026-03-02,M&M,M&M.NS,3299.648682,3334.300049,2997529,YAHOO_FINANCE_VIA_YFINANCE
2026-03-02,MARUTI,MARUTI.NS,14244.9375,14388,603744,YAHOO_FINANCE_VIA_YFINANCE
2026-03-02,MAXHEALTH,MAXHEALTH.NS,1081.677612,1083.599976,3467885,YAHOO_FINANCE_VIA_YFINANCE
2026-03-02,NIFTY,^NSEI,24865.69922,24865.69922,519200,YAHOO_FINANCE_VIA_YFINANCE
2026-03-02,PERSISTENT,PERSISTENT.NS,4657.224609,4673.399902,637428,YAHOO_FINANCE_VIA_YFINANCE
2026-03-02,PIIND,PIIND.NS,3088.314941,3099.399902,314065,YAHOO_FINANCE_VIA_YFINANCE
2026-03-02,POLYCAB,POLYCAB.NS,8508.130859,8548.5,653618,YAHOO_FINANCE_VIA_YFINANCE
2026-03-02,RELIANCE,RELIANCE.NS,1351.75,1358,23728722,YAHOO_FINANCE_VIA_YFINANCE
2026-03-02,SBIN,SBIN.NS,1168.831787,1189.900024,16270835,YAHOO_FINANCE_VIA_YFINANCE
2026-03-02,SIEMENS,SIEMENS.NS,3325.259766,3341.600098,598519,YAHOO_FINANCE_VIA_YFINANCE
2026-03-02,SUNPHARMA,SUNPHARMA.NS,1747.919067,1752.5,3919270,YAHOO_FINANCE_VIA_YFINANCE
2026-03-02,SUPREMEIND,SUPREMEIND.NS,3926.434814,3954.199951,513269,YAHOO_FINANCE_VIA_YFINANCE
2026-03-02,TATAMOTORS,TMPV.NS,367.5510559,370.6000061,11804909,YAHOO_FINANCE_VIA_YFINANCE
2026-03-02,TCS,TCS.NS,2564.476562,2613.5,3374385,YAHOO_FINANCE_VIA_YFINANCE
2026-03-02,TITAN,TITAN.NS,4256.333496,4270.299805,770589,YAHOO_FINANCE_VIA_YFINANCE
2026-03-02,TRENT,TRENT.NS,2561.881104,2565.666748,1202169,YAHOO_FINANCE_VIA_YFINANCE
2026-03-02,ULTRACEMCO,ULTRACEMCO.NS,12270.53809,12521,237506,YAHOO_FINANCE_VIA_YFINANCE
2026-03-02,VOLTAS,VOLTAS.NS,1494.405396,1499.099976,1419196,YAHOO_FINANCE_VIA_YFINANCE
2026-03-04,ABB,ABB.NS,5739.187012,5830.5,275613,YAHOO_FINANCE_VIA_YFINANCE
2026-03-04,APLAPOLLO,APLAPOLLO.NS,2119.699951,2119.699951,588108,YAHOO_FINANCE_VIA_YFINANCE
2026-03-04,APOLLOHOSP,APOLLOHOSP.NS,7657.086426,7666,625428,YAHOO_FINANCE_VIA_YFINANCE
2026-03-04,ASIANPAINT,ASIANPAINT.NS,2265.544189,2285.199951,1610358,YAHOO_FINANCE_VIA_YFINANCE
2026-03-04,ASTRAL,ASTRAL.NS,1644.313843,1646.900024,461331,YAHOO_FINANCE_VIA_YFINANCE
2026-03-04,AXISBANK,AXISBANK.NS,1350.258667,1351.300049,5832353,YAHOO_FINANCE_VIA_YFINANCE
2026-03-04,BAJFINANCE,BAJFINANCE.NS,939.3257446,945.0999756,8964293,YAHOO_FINANCE_VIA_YFINANCE
2026-03-04,BALKRISIND,BALKRISIND.NS,2248.976074,2256.800049,114580,YAHOO_FINANCE_VIA_YFINANCE
2026-03-04,BANKBARODA,BANKBARODA.NS,289.9227295,299.2999878,17339156,YAHOO_FINANCE_VIA_YFINANCE
2026-03-04,BANKNIFTY,^NSEBANK,58755.25,58755.25,363100,YAHOO_FINANCE_VIA_YFINANCE
2026-03-04,BEL,BEL.NS,444.3525085,446.8500061,35193505,YAHOO_FINANCE_VIA_YFINANCE
2026-03-04,BHARTIARTL,BHARTIARTL.NS,1882.211914,1905.900024,20565585,YAHOO_FINANCE_VIA_YFINANCE
2026-03-04,CIPLA,CIPLA.NS,1300.994629,1313.199951,1938762,YAHOO_FINANCE_VIA_YFINANCE
2026-03-04,COFORGE,COFORGE.NS,1164.607788,1170,3036423,YAHOO_FINANCE_VIA_YFINANCE
2026-03-04,CROMPTON,CROMPTON.NS,242.4343719,245.3500061,2658747,YAHOO_FINANCE_VIA_YFINANCE
2026-03-04,CUMMINSIND,CUMMINSIND.NS,4547.084961,4584.799805,899617,YAHOO_FINANCE_VIA_YFINANCE
2026-03-04,DEEPAKNTR,DEEPAKNTR.NS,1482.031128,1488.800049,171688,YAHOO_FINANCE_VIA_YFINANCE
2026-03-04,DIXON,DIXON.NS,10136,10136,957824,YAHOO_FINANCE_VIA_YFINANCE
2026-03-04,DRREDDY,DRREDDY.NS,1283.063232,1291.199951,1890939,YAHOO_FINANCE_VIA_YFINANCE
2026-03-04,ESCORTS,ESCORTS.NS,3229.853027,3266.399902,59492,YAHOO_FINANCE_VIA_YFINANCE
2026-03-04,FEDERALBNK,FEDERALBNK.NS,285.4747314,286.4500122,8763077,YAHOO_FINANCE_VIA_YFINANCE
2026-03-04,HAL,HAL.NS,3868.960205,3876.800049,2521796,YAHOO_FINANCE_VIA_YFINANCE
2026-03-04,HDFCBANK,HDFCBANK.NS,854.5167847,868.6500244,39862322,YAHOO_FINANCE_VIA_YFINANCE
2026-03-04,HINDUNILVR,HINDUNILVR.NS,2238.530762,2261.300049,2648737,YAHOO_FINANCE_VIA_YFINANCE
2026-03-04,ICICIBANK,ICICIBANK.NS,1353.985229,1365.400024,20009132,YAHOO_FINANCE_VIA_YFINANCE
2026-03-04,IDFCFIRSTB,IDFCFIRSTB.NS,69.8547821,70.05999756,40216153,YAHOO_FINANCE_VIA_YFINANCE
2026-03-04,INDUSINDBK,INDUSINDBK.NS,926.0500488,927.5499878,2527046,YAHOO_FINANCE_VIA_YFINANCE
2026-03-04,INFY,INFY.NS,1279.707886,1307.400024,15154950,YAHOO_FINANCE_VIA_YFINANCE
2026-03-04,KAYNES,KAYNES.NS,3700.399902,3700.399902,1218882,YAHOO_FINANCE_VIA_YFINANCE
2026-03-04,KEI,KEI.NS,4979,4979,552306,YAHOO_FINANCE_VIA_YFINANCE
2026-03-04,KOTAKBANK,KOTAKBANK.NS,402.6548462,403.3500061,18393751,YAHOO_FINANCE_VIA_YFINANCE
2026-03-04,KPITTECH,KPITTECH.NS,729.986084,736.1500244,1679348,YAHOO_FINANCE_VIA_YFINANCE
2026-03-04,LALPATHLAB,LALPATHLAB.NS,1352.621948,1359.5,572198,YAHOO_FINANCE_VIA_YFINANCE
2026-03-04,LT,LT.NS,3845.044189,3882.600098,7635350,YAHOO_FINANCE_VIA_YFINANCE
2026-03-04,M&M,M&M.NS,3230.376221,3264.300049,4537215,YAHOO_FINANCE_VIA_YFINANCE
2026-03-04,MARUTI,MARUTI.NS,14017.22461,14158,710366,YAHOO_FINANCE_VIA_YFINANCE
2026-03-04,MAXHEALTH,MAXHEALTH.NS,1051.830688,1053.699951,3349782,YAHOO_FINANCE_VIA_YFINANCE
2026-03-04,NIFTY,^NSEI,24480.5,24480.5,599000,YAHOO_FINANCE_VIA_YFINANCE
2026-03-04,PERSISTENT,PERSISTENT.NS,4692.80127,4709.100098,707053,YAHOO_FINANCE_VIA_YFINANCE
2026-03-04,PIIND,PIIND.NS,3052.543457,3063.5,221228,YAHOO_FINANCE_VIA_YFINANCE
2026-03-04,POLYCAB,POLYCAB.NS,8244.879883,8284,485905,YAHOO_FINANCE_VIA_YFINANCE
2026-03-04,RELIANCE,RELIANCE.NS,1338.809937,1345,32495007,YAHOO_FINANCE_VIA_YFINANCE
2026-03-04,SBIN,SBIN.NS,1153.704346,1174.5,13855065,YAHOO_FINANCE_VIA_YFINANCE
2026-03-04,SIEMENS,SIEMENS.NS,3145.542725,3161,424094,YAHOO_FINANCE_VIA_YFINANCE
2026-03-04,SUNPHARMA,SUNPHARMA.NS,1745.924316,1750.5,4914857,YAHOO_FINANCE_VIA_YFINANCE
2026-03-04,SUPREMEIND,SUPREMEIND.NS,3870.828125,3898.199951,368073,YAHOO_FINANCE_VIA_YFINANCE
2026-03-04,TATAMOTORS,TMPV.NS,348.3106689,351.2000122,17733124,YAHOO_FINANCE_VIA_YFINANCE
2026-03-04,TCS,TCS.NS,2539.258789,2587.800049,3446434,YAHOO_FINANCE_VIA_YFINANCE
2026-03-04,TITAN,TITAN.NS,4190.648926,4204.399902,1024050,YAHOO_FINANCE_VIA_YFINANCE
2026-03-04,TRENT,TRENT.NS,2500.837891,2504.533447,1216759,YAHOO_FINANCE_VIA_YFINANCE
2026-03-04,ULTRACEMCO,ULTRACEMCO.NS,11864.81934,12107,394665,YAHOO_FINANCE_VIA_YFINANCE
2026-03-04,VOLTAS,VOLTAS.NS,1434.393921,1438.900024,664840,YAHOO_FINANCE_VIA_YFINANCE
2026-03-05,ABB,ABB.NS,5836.144531,5929,268401,YAHOO_FINANCE_VIA_YFINANCE
2026-03-05,APLAPOLLO,APLAPOLLO.NS,2161.300049,2161.300049,391810,YAHOO_FINANCE_VIA_YFINANCE
2026-03-05,APOLLOHOSP,APOLLOHOSP.NS,7765.959473,7775,446578,YAHOO_FINANCE_VIA_YFINANCE
2026-03-05,ASIANPAINT,ASIANPAINT.NS,2268.121826,2287.800049,925040,YAHOO_FINANCE_VIA_YFINANCE
2026-03-05,ASTRAL,ASTRAL.NS,1660.488281,1663.099976,368457,YAHOO_FINANCE_VIA_YFINANCE
2026-03-05,AXISBANK,AXISBANK.NS,1348.060303,1349.099976,6057499,YAHOO_FINANCE_VIA_YFINANCE
2026-03-05,BAJFINANCE,BAJFINANCE.NS,956.5200806,962.4000244,6181254,YAHOO_FINANCE_VIA_YFINANCE
2026-03-05,BALKRISIND,BALKRISIND.NS,2300.596436,2308.600098,155723,YAHOO_FINANCE_VIA_YFINANCE
2026-03-05,BANKBARODA,BANKBARODA.NS,292.3928528,301.8500061,10288116,YAHOO_FINANCE_VIA_YFINANCE
2026-03-05,BANKNIFTY,^NSEBANK,59055.85156,59055.85156,273500,YAHOO_FINANCE_VIA_YFINANCE
2026-03-05,BEL,BEL.NS,457.4290161,460,38023711,YAHOO_FINANCE_VIA_YFINANCE
2026-03-05,BHARTIARTL,BHARTIARTL.NS,1883.298218,1907,11398717,YAHOO_FINANCE_VIA_YFINANCE
2026-03-05,CIPLA,CIPLA.NS,1314.072021,1326.400024,1184085,YAHOO_FINANCE_VIA_YFINANCE
2026-03-05,COFORGE,COFORGE.NS,1147.387573,1152.699951,3099614,YAHOO_FINANCE_VIA_YFINANCE
2026-03-05,CROMPTON,CROMPTON.NS,247.1279297,250.1000061,1376955,YAHOO_FINANCE_VIA_YFINANCE
2026-03-05,CUMMINSIND,CUMMINSIND.NS,4751.98584,4791.399902,957444,YAHOO_FINANCE_VIA_YFINANCE
2026-03-05,DEEPAKNTR,DEEPAKNTR.NS,1528.91687,1535.900024,267261,YAHOO_FINANCE_VIA_YFINANCE
2026-03-05,DIXON,DIXON.NS,10224,10224,587096,YAHOO_FINANCE_VIA_YFINANCE
2026-03-05,DRREDDY,DRREDDY.NS,1305.222656,1313.5,1060509,YAHOO_FINANCE_VIA_YFINANCE
2026-03-05,ESCORTS,ESCORTS.NS,3296.004639,3333.300049,69014,YAHOO_FINANCE_VIA_YFINANCE
2026-03-05,FEDERALBNK,FEDERALBNK.NS,288.7136536,289.7000122,6014011,YAHOO_FINANCE_VIA_YFINANCE
2026-03-05,HAL,HAL.NS,3883.929688,3891.800049,2469764,YAHOO_FINANCE_VIA_YFINANCE
2026-03-05,HDFCBANK,HDFCBANK.NS,863.468689,877.75,31324582,YAHOO_FINANCE_VIA_YFINANCE
2026-03-05,HINDUNILVR,HINDUNILVR.NS,2232.294189,2255,1751288,YAHOO_FINANCE_VIA_YFINANCE
2026-03-05,ICICIBANK,ICICIBANK.NS,1346.250366,1357.599976,17590491,YAHOO_FINANCE_VIA_YFINANCE
2026-03-05,IDFCFIRSTB,IDFCFIRSTB.NS,70.19379425,70.40000153,33311916,YAHOO_FINANCE_VIA_YFINANCE
2026-03-05,INDUSINDBK,INDUSINDBK.NS,935.6845093,937.2000122,1949212,YAHOO_FINANCE_VIA_YFINANCE
2026-03-05,INFY,INFY.NS,1278.141846,1305.800049,10362147,YAHOO_FINANCE_VIA_YFINANCE
2026-03-05,KAYNES,KAYNES.NS,3814.5,3814.5,1430072,YAHOO_FINANCE_VIA_YFINANCE
2026-03-05,KEI,KEI.NS,4920.5,4920.5,581342,YAHOO_FINANCE_VIA_YFINANCE
2026-03-05,KOTAKBANK,KOTAKBANK.NS,406.5980225,407.2999878,14963265,YAHOO_FINANCE_VIA_YFINANCE
2026-03-05,KPITTECH,KPITTECH.NS,711.4922485,717.5,2330442,YAHOO_FINANCE_VIA_YFINANCE
2026-03-05,LALPATHLAB,LALPATHLAB.NS,1332.424561,1339.199951,354485,YAHOO_FINANCE_VIA_YFINANCE
2026-03-05,LT,LT.NS,3999.634033,4038.699951,4996312,YAHOO_FINANCE_VIA_YFINANCE
2026-03-05,M&M,M&M.NS,3313.206299,3348,2304760,YAHOO_FINANCE_VIA_YFINANCE
2026-03-05,MARUTI,MARUTI.NS,14271.66895,14415,448650,YAHOO_FINANCE_VIA_YFINANCE
2026-03-05,MAXHEALTH,MAXHEALTH.NS,1056.322632,1058.199951,2962063,YAHOO_FINANCE_VIA_YFINANCE
2026-03-05,NIFTY,^NSEI,24765.90039,24765.90039,504300,YAHOO_FINANCE_VIA_YFINANCE
2026-03-05,PERSISTENT,PERSISTENT.NS,4625.634277,4641.700195,614996,YAHOO_FINANCE_VIA_YFINANCE
2026-03-05,PIIND,PIIND.NS,3077.952148,3089,137124,YAHOO_FINANCE_VIA_YFINANCE
2026-03-05,POLYCAB,POLYCAB.NS,8523.557617,8564,504469,YAHOO_FINANCE_VIA_YFINANCE
2026-03-05,RELIANCE,RELIANCE.NS,1383.005615,1389.400024,25957532,YAHOO_FINANCE_VIA_YFINANCE
2026-03-05,SBIN,SBIN.NS,1148.792969,1169.5,22100665,YAHOO_FINANCE_VIA_YFINANCE
2026-03-05,SIEMENS,SIEMENS.NS,3199.975342,3215.699951,277723,YAHOO_FINANCE_VIA_YFINANCE
2026-03-05,SUNPHARMA,SUNPHARMA.NS,1779.835327,1784.5,3600895,YAHOO_FINANCE_VIA_YFINANCE
2026-03-05,SUPREMEIND,SUPREMEIND.NS,3922.462891,3950.199951,195617,YAHOO_FINANCE_VIA_YFINANCE
2026-03-05,TATAMOTORS,TMPV.NS,352.2281494,355.1499939,10574236,YAHOO_FINANCE_VIA_YFINANCE
2026-03-05,TCS,TCS.NS,2530.42749,2578.800049,2960636,YAHOO_FINANCE_VIA_YFINANCE
2026-03-05,TITAN,TITAN.NS,4261.217773,4275.200195,691367,YAHOO_FINANCE_VIA_YFINANCE
2026-03-05,TRENT,TRENT.NS,2523.537598,2527.266602,1072954,YAHOO_FINANCE_VIA_YFINANCE
2026-03-05,ULTRACEMCO,ULTRACEMCO.NS,12042.19922,12288,284992,YAHOO_FINANCE_VIA_YFINANCE
2026-03-05,VOLTAS,VOLTAS.NS,1480.648682,1485.300049,821653,YAHOO_FINANCE_VIA_YFINANCE
2026-03-06,ABB,ABB.NS,5967.061523,6062,377080,YAHOO_FINANCE_VIA_YFINANCE
2026-03-06,APLAPOLLO,APLAPOLLO.NS,2152.800049,2152.800049,693422,YAHOO_FINANCE_VIA_YFINANCE
2026-03-06,APOLLOHOSP,APOLLOHOSP.NS,7715.518066,7724.5,225749,YAHOO_FINANCE_VIA_YFINANCE
2026-03-06,ASIANPAINT,ASIANPAINT.NS,2259.893066,2279.5,979742,YAHOO_FINANCE_VIA_YFINANCE
2026-03-06,ASTRAL,ASTRAL.NS,1686.547363,1689.199951,1096077,YAHOO_FINANCE_VIA_YFINANCE
2026-03-06,AXISBANK,AXISBANK.NS,1314.786011,1315.800049,11629935,YAHOO_FINANCE_VIA_YFINANCE
2026-03-06,BAJFINANCE,BAJFINANCE.NS,944.3945923,950.2000122,6560051,YAHOO_FINANCE_VIA_YFINANCE
2026-03-06,BALKRISIND,BALKRISIND.NS,2241.900635,2249.699951,77512,YAHOO_FINANCE_VIA_YFINANCE
2026-03-06,BANKBARODA,BANKBARODA.NS,286.0964966,295.3500061,9115653,YAHOO_FINANCE_VIA_YFINANCE
2026-03-06,BANKNIFTY,^NSEBANK,57783.25,57783.25,256900,YAHOO_FINANCE_VIA_YFINANCE
2026-03-06,BEL,BEL.NS,467.8149414,468.4500122,28154230,YAHOO_FINANCE_VIA_YFINANCE
2026-03-06,BHARTIARTL,BHARTIARTL.NS,1847.548218,1870.800049,10896859,YAHOO_FINANCE_VIA_YFINANCE
2026-03-06,CIPLA,CIPLA.NS,1308.920288,1321.199951,695774,YAHOO_FINANCE_VIA_YFINANCE
2026-03-06,COFORGE,COFORGE.NS,1157.540649,1162.900024,1741522,YAHOO_FINANCE_VIA_YFINANCE
2026-03-06,CROMPTON,CROMPTON.NS,245.0528717,248,961019,YAHOO_FINANCE_VIA_YFINANCE
2026-03-06,CUMMINSIND,CUMMINSIND.NS,4761.209473,4800.700195,892005,YAHOO_FINANCE_VIA_YFINANCE
2026-03-06,DEEPAKNTR,DEEPAKNTR.NS,1516.772339,1523.699951,84409,YAHOO_FINANCE_VIA_YFINANCE
2026-03-06,DIXON,DIXON.NS,10029,10029,462851,YAHOO_FINANCE_VIA_YFINANCE
2026-03-06,DRREDDY,DRREDDY.NS,1295.583862,1303.800049,963701,YAHOO_FINANCE_VIA_YFINANCE
2026-03-06,ESCORTS,ESCORTS.NS,3254.77124,3291.600098,37125,YAHOO_FINANCE_VIA_YFINANCE
2026-03-06,FEDERALBNK,FEDERALBNK.NS,285.5245361,286.5,3826606,YAHOO_FINANCE_VIA_YFINANCE
2026-03-06,HAL,HAL.NS,4015.562988,4023.699951,2974581,YAHOO_FINANCE_VIA_YFINANCE
2026-03-06,HDFCBANK,HDFCBANK.NS,843.1054688,857.0499878,34439647,YAHOO_FINANCE_VIA_YFINANCE
2026-03-06,HINDUNILVR,HINDUNILVR.NS,2203.289062,2225.699951,1674258,YAHOO_FINANCE_VIA_YFINANCE
2026-03-06,ICICIBANK,ICICIBANK.NS,1302.419922,1313.400024,22778852,YAHOO_FINANCE_VIA_YFINANCE
2026-03-06,IDFCFIRSTB,IDFCFIRSTB.NS,69.77502441,69.98000336,23163809,YAHOO_FINANCE_VIA_YFINANCE
2026-03-06,INDUSINDBK,INDUSINDBK.NS,916.3657227,917.8499756,1153433,YAHOO_FINANCE_VIA_YFINANCE
2026-03-06,INFY,INFY.NS,1280.686768,1308.400024,8724291,YAHOO_FINANCE_VIA_YFINANCE
2026-03-06,KAYNES,KAYNES.NS,3746.800049,3746.800049,893754,YAHOO_FINANCE_VIA_YFINANCE
2026-03-06,KEI,KEI.NS,4921,4921,336511,YAHOO_FINANCE_VIA_YFINANCE
2026-03-06,KOTAKBANK,KOTAKBANK.NS,399.1109314,399.7999878,17512726,YAHOO_FINANCE_VIA_YFINANCE
2026-03-06,KPITTECH,KPITTECH.NS,692.7008667,698.5499878,2876869,YAHOO_FINANCE_VIA_YFINANCE
2026-03-06,LALPATHLAB,LALPATHLAB.NS,1353.119385,1360,272779,YAHOO_FINANCE_VIA_YFINANCE
2026-03-06,LT,LT.NS,3911.593994,3949.800049,2379314,YAHOO_FINANCE_VIA_YFINANCE
2026-03-06,M&M,M&M.NS,3297.867432,3332.5,2084605,YAHOO_FINANCE_VIA_YFINANCE
2026-03-06,MARUTI,MARUTI.NS,14018.21484,14159,390629,YAHOO_FINANCE_VIA_YFINANCE
2026-03-06,MAXHEALTH,MAXHEALTH.NS,1040.151489,1042,3185920,YAHOO_FINANCE_VIA_YFINANCE
2026-03-06,NIFTY,^NSEI,24450.44922,24450.44922,433400,YAHOO_FINANCE_VIA_YFINANCE
2026-03-06,PERSISTENT,PERSISTENT.NS,4760.964355,4777.5,1246702,YAHOO_FINANCE_VIA_YFINANCE
2026-03-06,PIIND,PIIND.NS,3068.585938,3079.600098,111123,YAHOO_FINANCE_VIA_YFINANCE
2026-03-06,POLYCAB,POLYCAB.NS,8511.614258,8552,287941,YAHOO_FINANCE_VIA_YFINANCE
2026-03-06,RELIANCE,RELIANCE.NS,1398.334717,1404.800049,19311971,YAHOO_FINANCE_VIA_YFINANCE
2026-03-06,SBIN,SBIN.NS,1122.762085,1143,20333328,YAHOO_FINANCE_VIA_YFINANCE
2026-03-06,SIEMENS,SIEMENS.NS,3252.915039,3268.899902,384941,YAHOO_FINANCE_VIA_YFINANCE
2026-03-06,SUNPHARMA,SUNPHARMA.NS,1794.696411,1799.400024,3669921,YAHOO_FINANCE_VIA_YFINANCE
2026-03-06,SUPREMEIND,SUPREMEIND.NS,3919.980469,3947.699951,181964,YAHOO_FINANCE_VIA_YFINANCE
2026-03-06,TATAMOTORS,TMPV.NS,347.8643494,350.75,6929668,YAHOO_FINANCE_VIA_YFINANCE
2026-03-06,TCS,TCS.NS,2509.625244,2557.600098,3998643,YAHOO_FINANCE_VIA_YFINANCE
2026-03-06,TITAN,TITAN.NS,4230.717773,4244.600098,580562,YAHOO_FINANCE_VIA_YFINANCE
2026-03-06,TRENT,TRENT.NS,2478.20459,2481.866699,547650,YAHOO_FINANCE_VIA_YFINANCE
2026-03-06,ULTRACEMCO,ULTRACEMCO.NS,11747.2207,11987,296585,YAHOO_FINANCE_VIA_YFINANCE
2026-03-06,VOLTAS,VOLTAS.NS,1473.770264,1478.400024,686869,YAHOO_FINANCE_VIA_YFINANCE
2026-03-09,ABB,ABB.NS,5888.806152,5982.5,249926,YAHOO_FINANCE_VIA_YFINANCE
2026-03-09,APLAPOLLO,APLAPOLLO.NS,2097.899902,2097.899902,355658,YAHOO_FINANCE_VIA_YFINANCE
2026-03-09,APOLLOHOSP,APOLLOHOSP.NS,7769.95459,7779,358612,YAHOO_FINANCE_VIA_YFINANCE
2026-03-09,ASIANPAINT,ASIANPAINT.NS,2201.698242,2220.800049,2198153,YAHOO_FINANCE_VIA_YFINANCE
2026-03-09,ASTRAL,ASTRAL.NS,1603.378174,1605.900024,527194,YAHOO_FINANCE_VIA_YFINANCE
2026-03-09,AXISBANK,AXISBANK.NS,1287.307251,1288.300049,7926265,YAHOO_FINANCE_VIA_YFINANCE
2026-03-09,BAJFINANCE,BAJFINANCE.NS,932.3188477,938.0499878,9182152,YAHOO_FINANCE_VIA_YFINANCE
2026-03-09,BALKRISIND,BALKRISIND.NS,2235.024658,2242.800049,118689,YAHOO_FINANCE_VIA_YFINANCE
2026-03-09,BANKBARODA,BANKBARODA.NS,279.0252075,288.0499878,11662512,YAHOO_FINANCE_VIA_YFINANCE
2026-03-09,BANKNIFTY,^NSEBANK,56019.80078,56019.80078,374100,YAHOO_FINANCE_VIA_YFINANCE
2026-03-09,BEL,BEL.NS,456.7299805,457.3500061,21898419,YAHOO_FINANCE_VIA_YFINANCE
2026-03-09,BHARTIARTL,BHARTIARTL.NS,1843.499023,1866.699951,8073518,YAHOO_FINANCE_VIA_YFINANCE
2026-03-09,CIPLA,CIPLA.NS,1312.685059,1325,1674811,YAHOO_FINANCE_VIA_YFINANCE
2026-03-09,COFORGE,COFORGE.NS,1163.114746,1168.5,2207760,YAHOO_FINANCE_VIA_YFINANCE
2026-03-09,CROMPTON,CROMPTON.NS,238.4324951,241.3000031,1559512,YAHOO_FINANCE_VIA_YFINANCE
2026-03-09,CUMMINSIND,CUMMINSIND.NS,4652.708984,4691.299805,360922,YAHOO_FINANCE_VIA_YFINANCE
2026-03-09,DEEPAKNTR,DEEPAKNTR.NS,1471.280151,1478,162248,YAHOO_FINANCE_VIA_YFINANCE
2026-03-09,DIXON,DIXON.NS,9804,9804,487935,YAHOO_FINANCE_VIA_YFINANCE
2026-03-09,DRREDDY,DRREDDY.NS,1278.889771,1287,1597730,YAHOO_FINANCE_VIA_YFINANCE
2026-03-09,ESCORTS,ESCORTS.NS,3167.557861,3203.399902,37999,YAHOO_FINANCE_VIA_YFINANCE
2026-03-09,FEDERALBNK,FEDERALBNK.NS,272.3694763,273.2999878,12304998,YAHOO_FINANCE_VIA_YFINANCE
2026-03-09,HAL,HAL.NS,3981.831299,3989.899902,1540560,YAHOO_FINANCE_VIA_YFINANCE
2026-03-09,HDFCBANK,HDFCBANK.NS,827.0215454,840.7000122,35592613,YAHOO_FINANCE_VIA_YFINANCE
2026-03-09,HINDUNILVR,HINDUNILVR.NS,2172.502441,2194.600098,1512817,YAHOO_FINANCE_VIA_YFINANCE
2026-03-09,ICICIBANK,ICICIBANK.NS,1267.712524,1278.400024,16116652,YAHOO_FINANCE_VIA_YFINANCE
2026-03-09,IDFCFIRSTB,IDFCFIRSTB.NS,66.56445312,66.76000214,55090634,YAHOO_FINANCE_VIA_YFINANCE
2026-03-09,INDUSINDBK,INDUSINDBK.NS,879.7750244,881.2000122,3362985,YAHOO_FINANCE_VIA_YFINANCE
2026-03-09,INFY,INFY.NS,1287.146973,1315,10068514,YAHOO_FINANCE_VIA_YFINANCE
2026-03-09,KAYNES,KAYNES.NS,3701.800049,3701.800049,1007614,YAHOO_FINANCE_VIA_YFINANCE
2026-03-09,KEI,KEI.NS,4789.5,4789.5,475141,YAHOO_FINANCE_VIA_YFINANCE
2026-03-09,KOTAKBANK,KOTAKBANK.NS,385.6841431,386.3500061,20275976,YAHOO_FINANCE_VIA_YFINANCE
2026-03-09,KPITTECH,KPITTECH.NS,683.1317139,688.9000244,2067491,YAHOO_FINANCE_VIA_YFINANCE
2026-03-09,LALPATHLAB,LALPATHLAB.NS,1356.900269,1363.800049,186273,YAHOO_FINANCE_VIA_YFINANCE
2026-03-09,LT,LT.NS,3804.936035,3842.100098,4248784,YAHOO_FINANCE_VIA_YFINANCE
2026-03-09,M&M,M&M.NS,3154.473389,3187.600098,3961149,YAHOO_FINANCE_VIA_YFINANCE
2026-03-09,MARUTI,MARUTI.NS,13373.6875,13508,676224,YAHOO_FINANCE_VIA_YFINANCE
2026-03-09,MAXHEALTH,MAXHEALTH.NS,1039.652344,1041.5,2449582,YAHOO_FINANCE_VIA_YFINANCE
2026-03-09,NIFTY,^NSEI,24028.05078,24028.05078,526900,YAHOO_FINANCE_VIA_YFINANCE
2026-03-09,PERSISTENT,PERSISTENT.NS,4766.544922,4783.100098,724632,YAHOO_FINANCE_VIA_YFINANCE
2026-03-09,PIIND,PIIND.NS,3022.351562,3033.199951,399673,YAHOO_FINANCE_VIA_YFINANCE
2026-03-09,POLYCAB,POLYCAB.NS,8189.641602,8228.5,498043,YAHOO_FINANCE_VIA_YFINANCE
2026-03-09,RELIANCE,RELIANCE.NS,1417.446289,1424,24870822,YAHOO_FINANCE_VIA_YFINANCE
2026-03-09,SBIN,SBIN.NS,1079.050049,1098.5,24631198,YAHOO_FINANCE_VIA_YFINANCE
2026-03-09,SIEMENS,SIEMENS.NS,3213.110596,3228.899902,292747,YAHOO_FINANCE_VIA_YFINANCE
2026-03-09,SUNPHARMA,SUNPHARMA.NS,1802.675537,1807.400024,4112775,YAHOO_FINANCE_VIA_YFINANCE
2026-03-09,SUPREMEIND,SUPREMEIND.NS,3788.80835,3815.600098,224138,YAHOO_FINANCE_VIA_YFINANCE
2026-03-09,TATAMOTORS,TMPV.NS,329.2686157,332,17240937,YAHOO_FINANCE_VIA_YFINANCE
2026-03-09,TCS,TCS.NS,2479.991699,2527.399902,3653428,YAHOO_FINANCE_VIA_YFINANCE
2026-03-09,TITAN,TITAN.NS,4145.597168,4159.200195,576017,YAHOO_FINANCE_VIA_YFINANCE
2026-03-09,TRENT,TRENT.NS,2455.970947,2459.600098,1435404,YAHOO_FINANCE_VIA_YFINANCE
2026-03-09,ULTRACEMCO,ULTRACEMCO.NS,11150.40234,11378,590742,YAHOO_FINANCE_VIA_YFINANCE
2026-03-09,VOLTAS,VOLTAS.NS,1432.001465,1436.5,1094929,YAHOO_FINANCE_VIA_YFINANCE
2026-03-10,ABB,ABB.NS,6127.016113,6224.5,474110,YAHOO_FINANCE_VIA_YFINANCE
2026-03-10,APLAPOLLO,APLAPOLLO.NS,2100.600098,2100.600098,1148309,YAHOO_FINANCE_VIA_YFINANCE
2026-03-10,APOLLOHOSP,APOLLOHOSP.NS,7793.926758,7803,381453,YAHOO_FINANCE_VIA_YFINANCE
2026-03-10,ASIANPAINT,ASIANPAINT.NS,2260.7854,2280.399902,1192174,YAHOO_FINANCE_VIA_YFINANCE
2026-03-10,ASTRAL,ASTRAL.NS,1658.092041,1660.699951,818683,YAHOO_FINANCE_VIA_YFINANCE
2026-03-10,AXISBANK,AXISBANK.NS,1313.686768,1314.699951,6289277,YAHOO_FINANCE_VIA_YFINANCE
2026-03-10,BAJFINANCE,BAJFINANCE.NS,934.0581055,939.7999878,8474956,YAHOO_FINANCE_VIA_YFINANCE
2026-03-10,BALKRISIND,BALKRISIND.NS,2234.625732,2242.399902,108794,YAHOO_FINANCE_VIA_YFINANCE
2026-03-10,BANKBARODA,BANKBARODA.NS,285.176239,294.3999939,8965568,YAHOO_FINANCE_VIA_YFINANCE
2026-03-10,BANKNIFTY,^NSEBANK,56950.80078,56950.80078,346800,YAHOO_FINANCE_VIA_YFINANCE
2026-03-10,BEL,BEL.NS,462.7218323,463.3500061,19398151,YAHOO_FINANCE_VIA_YFINANCE
2026-03-10,BHARTIARTL,BHARTIARTL.NS,1827.401733,1850.400024,11741600,YAHOO_FINANCE_VIA_YFINANCE
2026-03-10,CIPLA,CIPLA.NS,1321.105957,1333.5,1050270,YAHOO_FINANCE_VIA_YFINANCE
2026-03-10,COFORGE,COFORGE.NS,1133.949707,1139.199951,2443222,YAHOO_FINANCE_VIA_YFINANCE
2026-03-10,CROMPTON,CROMPTON.NS,242.335556,245.25,1169549,YAHOO_FINANCE_VIA_YFINANCE
2026-03-10,CUMMINSIND,CUMMINSIND.NS,4679.189453,4718,557032,YAHOO_FINANCE_VIA_YFINANCE
2026-03-10,DEEPAKNTR,DEEPAKNTR.NS,1483.325073,1490.099976,95216,YAHOO_FINANCE_VIA_YFINANCE
2026-03-10,DIXON,DIXON.NS,10908,10908,2031360,YAHOO_FINANCE_VIA_YFINANCE
2026-03-10,DRREDDY,DRREDDY.NS,1306.315796,1314.599976,2329349,YAHOO_FINANCE_VIA_YFINANCE
2026-03-10,ESCORTS,ESCORTS.NS,3291.554932,3328.800049,155573,YAHOO_FINANCE_VIA_YFINANCE
2026-03-10,FEDERALBNK,FEDERALBNK.NS,275.0603027,276,10974726,YAHOO_FINANCE_VIA_YFINANCE
2026-03-10,HAL,HAL.NS,4031.929932,4040.100098,1609432,YAHOO_FINANCE_VIA_YFINANCE
2026-03-10,HDFCBANK,HDFCBANK.NS,835.6291504,849.4500122,52866024,YAHOO_FINANCE_VIA_YFINANCE
2026-03-10,HINDUNILVR,HINDUNILVR.NS,2168.146484,2190.199951,1084986,YAHOO_FINANCE_VIA_YFINANCE
2026-03-10,ICICIBANK,ICICIBANK.NS,1300.932495,1311.900024,19136143,YAHOO_FINANCE_VIA_YFINANCE
2026-03-10,IDFCFIRSTB,IDFCFIRSTB.NS,67.0729599,67.26999664,66454955,YAHOO_FINANCE_VIA_YFINANCE
2026-03-10,INDUSINDBK,INDUSINDBK.NS,897.2467651,898.7000122,4547967,YAHOO_FINANCE_VIA_YFINANCE
2026-03-10,INFY,INFY.NS,1268.157837,1295.599976,9600171,YAHOO_FINANCE_VIA_YFINANCE
2026-03-10,KAYNES,KAYNES.NS,3841.600098,3841.600098,930709,YAHOO_FINANCE_VIA_YFINANCE
2026-03-10,KEI,KEI.NS,4537,4537,884481,YAHOO_FINANCE_VIA_YFINANCE
2026-03-10,KOTAKBANK,KOTAKBANK.NS,391.1746521,391.8500061,21346381,YAHOO_FINANCE_VIA_YFINANCE
2026-03-10,KPITTECH,KPITTECH.NS,687.4452515,693.25,1877386,YAHOO_FINANCE_VIA_YFINANCE
2026-03-10,LALPATHLAB,LALPATHLAB.NS,1371.227295,1378.199951,247821,YAHOO_FINANCE_VIA_YFINANCE
2026-03-10,LT,LT.NS,3838.507812,3876,3330102,YAHOO_FINANCE_VIA_YFINANCE
2026-03-10,M&M,M&M.NS,3259.470703,3293.699951,2672336,YAHOO_FINANCE_VIA_YFINANCE
2026-03-10,MARUTI,MARUTI.NS,13729.11816,13867,353715,YAHOO_FINANCE_VIA_YFINANCE
2026-03-10,MAXHEALTH,MAXHEALTH.NS,1041.249512,1043.099976,2366935,YAHOO_FINANCE_VIA_YFINANCE
2026-03-10,NIFTY,^NSEI,24261.59961,24261.59961,444300,YAHOO_FINANCE_VIA_YFINANCE
2026-03-10,PERSISTENT,PERSISTENT.NS,4811.189453,4827.899902,498481,YAHOO_FINANCE_VIA_YFINANCE
2026-03-10,PIIND,PIIND.NS,3072.571533,3083.600098,140106,YAHOO_FINANCE_VIA_YFINANCE
2026-03-10,POLYCAB,POLYCAB.NS,7686.528809,7723,1056999,YAHOO_FINANCE_VIA_YFINANCE
2026-03-10,RELIANCE,RELIANCE.NS,1402.316284,1408.800049,18071259,YAHOO_FINANCE_VIA_YFINANCE
2026-03-10,SBIN,SBIN.NS,1092.507446,1112.199951,17491459,YAHOO_FINANCE_VIA_YFINANCE
2026-03-10,SIEMENS,SIEMENS.NS,3258.885742,3274.899902,359689,YAHOO_FINANCE_VIA_YFINANCE
2026-03-10,SUNPHARMA,SUNPHARMA.NS,1808.061401,1812.800049,3298680,YAHOO_FINANCE_VIA_YFINANCE
2026-03-10,SUPREMEIND,SUPREMEIND.NS,3906.575195,3934.199951,329143,YAHOO_FINANCE_VIA_YFINANCE
2026-03-10,TATAMOTORS,TMPV.NS,342.3600464,345.2000122,13770080,YAHOO_FINANCE_VIA_YFINANCE
2026-03-10,TCS,TCS.NS,2465.959961,2513.100098,4323710,YAHOO_FINANCE_VIA_YFINANCE
2026-03-10,TITAN,TITAN.NS,4206.297852,4220.100098,788850,YAHOO_FINANCE_VIA_YFINANCE
2026-03-10,TRENT,TRENT.NS,2473.212158,2476.866699,1089144,YAHOO_FINANCE_VIA_YFINANCE
2026-03-10,ULTRACEMCO,ULTRACEMCO.NS,11420.88086,11654,460885,YAHOO_FINANCE_VIA_YFINANCE
2026-03-10,VOLTAS,VOLTAS.NS,1444.362549,1448.900024,415157,YAHOO_FINANCE_VIA_YFINANCE
2026-03-11,ABB,ABB.NS,6181.647461,6280,599883,YAHOO_FINANCE_VIA_YFINANCE
2026-03-11,APLAPOLLO,APLAPOLLO.NS,2016.300049,2016.300049,722986,YAHOO_FINANCE_VIA_YFINANCE
2026-03-11,APOLLOHOSP,APOLLOHOSP.NS,7675.06543,7684,331690,YAHOO_FINANCE_VIA_YFINANCE
2026-03-11,ASIANPAINT,ASIANPAINT.NS,2212.801758,2232,687786,YAHOO_FINANCE_VIA_YFINANCE
2026-03-11,ASTRAL,ASTRAL.NS,1743.557739,1746.300049,2881726,YAHOO_FINANCE_VIA_YFINANCE
2026-03-11,AXISBANK,AXISBANK.NS,1254.832275,1255.800049,6859908,YAHOO_FINANCE_VIA_YFINANCE
2026-03-11,BAJFINANCE,BAJFINANCE.NS,888.1901245,893.6500244,11172537,YAHOO_FINANCE_VIA_YFINANCE
2026-03-11,BALKRISIND,BALKRISIND.NS,2168.057617,2175.600098,83539,YAHOO_FINANCE_VIA_YFINANCE
2026-03-11,BANKBARODA,BANKBARODA.NS,280.2360229,289.2999878,6444909,YAHOO_FINANCE_VIA_YFINANCE
2026-03-11,BANKNIFTY,^NSEBANK,55735.75,55735.75,261000,YAHOO_FINANCE_VIA_YFINANCE
2026-03-11,BEL,BEL.NS,453.484375,454.1000061,16015126,YAHOO_FINANCE_VIA_YFINANCE
2026-03-11,BHARTIARTL,BHARTIARTL.NS,1784.541138,1807,9548404,YAHOO_FINANCE_VIA_YFINANCE
2026-03-11,CIPLA,CIPLA.NS,1317.143188,1329.5,1268130,YAHOO_FINANCE_VIA_YFINANCE
2026-03-11,COFORGE,COFORGE.NS,1103.689941,1108.800049,3030604,YAHOO_FINANCE_VIA_YFINANCE
2026-03-11,CROMPTON,CROMPTON.NS,244.5588226,247.5,1348965,YAHOO_FINANCE_VIA_YFINANCE
2026-03-11,CUMMINSIND,CUMMINSIND.NS,4592.60791,4630.700195,457625,YAHOO_FINANCE_VIA_YFINANCE
2026-03-11,DEEPAKNTR,DEEPAKNTR.NS,1482.827393,1489.599976,70652,YAHOO_FINANCE_VIA_YFINANCE
2026-03-11,DIXON,DIXON.NS,10618,10618,1290092,YAHOO_FINANCE_VIA_YFINANCE
2026-03-11,DRREDDY,DRREDDY.NS,1317.147095,1325.5,2454389,YAHOO_FINANCE_VIA_YFINANCE
2026-03-11,ESCORTS,ESCORTS.NS,3358.596436,3396.600098,87330,YAHOO_FINANCE_VIA_YFINANCE
2026-03-11,FEDERALBNK,FEDERALBNK.NS,268.5325928,269.4500122,9571287,YAHOO_FINANCE_VIA_YFINANCE
2026-03-11,HAL,HAL.NS,3997.000732,4005.100098,1668004,YAHOO_FINANCE_VIA_YFINANCE
2026-03-11,HDFCBANK,HDFCBANK.NS,820.3813477,833.9500122,42261076,YAHOO_FINANCE_VIA_YFINANCE
2026-03-11,HINDUNILVR,HINDUNILVR.NS,2139.636475,2161.399902,1313256,YAHOO_FINANCE_VIA_YFINANCE
2026-03-11,ICICIBANK,ICICIBANK.NS,1283.7771,1294.599976,13224259,YAHOO_FINANCE_VIA_YFINANCE
2026-03-11,IDFCFIRSTB,IDFCFIRSTB.NS,65.96621704,66.16000366,29543962,YAHOO_FINANCE_VIA_YFINANCE
2026-03-11,INDUSINDBK,INDUSINDBK.NS,875.7316284,877.1500244,2754525,YAHOO_FINANCE_VIA_YFINANCE
2026-03-11,INFY,INFY.NS,1249.266724,1276.300049,7868891,YAHOO_FINANCE_VIA_YFINANCE
2026-03-11,KAYNES,KAYNES.NS,3726.100098,3726.100098,1180642,YAHOO_FINANCE_VIA_YFINANCE
2026-03-11,KEI,KEI.NS,4321,4321,896337,YAHOO_FINANCE_VIA_YFINANCE
2026-03-11,KOTAKBANK,KOTAKBANK.NS,382.5395813,383.2000122,29991868,YAHOO_FINANCE_VIA_YFINANCE
2026-03-11,KPITTECH,KPITTECH.NS,677.0332031,682.75,1785604,YAHOO_FINANCE_VIA_YFINANCE
2026-03-11,LALPATHLAB,LALPATHLAB.NS,1397.593262,1404.699951,325616,YAHOO_FINANCE_VIA_YFINANCE
2026-03-11,LT,LT.NS,3801.667725,3838.800049,2066473,YAHOO_FINANCE_VIA_YFINANCE
2026-03-11,M&M,M&M.NS,3135.274902,3168.199951,4574950,YAHOO_FINANCE_VIA_YFINANCE
2026-03-11,MARUTI,MARUTI.NS,13362.79688,13497,392182,YAHOO_FINANCE_VIA_YFINANCE
2026-03-11,MAXHEALTH,MAXHEALTH.NS,1030.368774,1032.199951,1963010,YAHOO_FINANCE_VIA_YFINANCE
2026-03-11,NIFTY,^NSEI,23866.84961,23866.84961,407400,YAHOO_FINANCE_VIA_YFINANCE
2026-03-11,PERSISTENT,PERSISTENT.NS,4731.267578,4747.700195,799637,YAHOO_FINANCE_VIA_YFINANCE
2026-03-11,PIIND,PIIND.NS,3001.526611,3012.300049,145806,YAHOO_FINANCE_VIA_YFINANCE
2026-03-11,POLYCAB,POLYCAB.NS,7394.415039,7429.5,1095711,YAHOO_FINANCE_VIA_YFINANCE
2026-03-11,RELIANCE,RELIANCE.NS,1383.801758,1390.199951,21848087,YAHOO_FINANCE_VIA_YFINANCE
2026-03-11,SBIN,SBIN.NS,1071.781006,1091.099976,8364878,YAHOO_FINANCE_VIA_YFINANCE
2026-03-11,SIEMENS,SIEMENS.NS,3256.198975,3272.199951,293668,YAHOO_FINANCE_VIA_YFINANCE
2026-03-11,SUNPHARMA,SUNPHARMA.NS,1821.127197,1825.900024,2510495,YAHOO_FINANCE_VIA_YFINANCE
2026-03-11,SUPREMEIND,SUPREMEIND.NS,4009.646484,4038,833617,YAHOO_FINANCE_VIA_YFINANCE
2026-03-11,TATAMOTORS,TMPV.NS,332.5910645,335.3500061,5949596,YAHOO_FINANCE_VIA_YFINANCE
2026-03-11,TCS,TCS.NS,2418.664062,2464.899902,2720664,YAHOO_FINANCE_VIA_YFINANCE
2026-03-11,TITAN,TITAN.NS,4126.758789,4140.299805,454575,YAHOO_FINANCE_VIA_YFINANCE
2026-03-11,TRENT,TRENT.NS,2414.698486,2418.266602,1027122,YAHOO_FINANCE_VIA_YFINANCE
2026-03-11,ULTRACEMCO,ULTRACEMCO.NS,11232.72168,11462,231139,YAHOO_FINANCE_VIA_YFINANCE
2026-03-11,VOLTAS,VOLTAS.NS,1466.792114,1471.400024,1149992,YAHOO_FINANCE_VIA_YFINANCE
2026-03-12,ABB,ABB.NS,6308.626953,6409,596298,YAHOO_FINANCE_VIA_YFINANCE
2026-03-12,APLAPOLLO,APLAPOLLO.NS,2009.199951,2009.199951,1360299,YAHOO_FINANCE_VIA_YFINANCE
2026-03-12,APOLLOHOSP,APOLLOHOSP.NS,7565.692383,7574.5,550020,YAHOO_FINANCE_VIA_YFINANCE
2026-03-12,ASIANPAINT,ASIANPAINT.NS,2202.094482,2221.199951,1384055,YAHOO_FINANCE_VIA_YFINANCE
2026-03-12,ASTRAL,ASTRAL.NS,1693.33667,1696,1565206,YAHOO_FINANCE_VIA_YFINANCE
2026-03-12,AXISBANK,AXISBANK.NS,1233.548706,1234.5,9663320,YAHOO_FINANCE_VIA_YFINANCE
2026-03-12,BAJFINANCE,BAJFINANCE.NS,857.8267212,863.0999756,15508258,YAHOO_FINANCE_VIA_YFINANCE
2026-03-12,BALKRISIND,BALKRISIND.NS,2272.294678,2280.199951,204206,YAHOO_FINANCE_VIA_YFINANCE
2026-03-12,BANKBARODA,BANKBARODA.NS,280.1391907,289.2000122,8115474,YAHOO_FINANCE_VIA_YFINANCE
2026-03-12,BANKNIFTY,^NSEBANK,55100.94922,55100.94922,311300,YAHOO_FINANCE_VIA_YFINANCE
2026-03-12,BEL,BEL.NS,452.9351196,453.5499878,14089623,YAHOO_FINANCE_VIA_YFINANCE
2026-03-12,BHARTIARTL,BHARTIARTL.NS,1778.911987,1801.300049,12922735,YAHOO_FINANCE_VIA_YFINANCE
2026-03-12,CIPLA,CIPLA.NS,1311.991577,1324.300049,1405268,YAHOO_FINANCE_VIA_YFINANCE
2026-03-12,COFORGE,COFORGE.NS,1102.794067,1107.900024,4181637,YAHOO_FINANCE_VIA_YFINANCE
2026-03-12,CROMPTON,CROMPTON.NS,244.2623749,247.1999969,2440630,YAHOO_FINANCE_VIA_YFINANCE
2026-03-12,CUMMINSIND,CUMMINSIND.NS,4714.496582,4753.600098,962205,YAHOO_FINANCE_VIA_YFINANCE
2026-03-12,DEEPAKNTR,DEEPAKNTR.NS,1473.768799,1480.5,82431,YAHOO_FINANCE_VIA_YFINANCE
2026-03-12,DIXON,DIXON.NS,10803,10803,968428,YAHOO_FINANCE_VIA_YFINANCE
2026-03-12,DRREDDY,DRREDDY.NS,1310.68811,1319,1969692,YAHOO_FINANCE_VIA_YFINANCE
2026-03-12,ESCORTS,ESCORTS.NS,3193.662598,3229.800049,154477,YAHOO_FINANCE_VIA_YFINANCE
2026-03-12,FEDERALBNK,FEDERALBNK.NS,269.3298645,270.25,7972457,YAHOO_FINANCE_VIA_YFINANCE
2026-03-12,HAL,HAL.NS,4005.383545,4013.5,961224,YAHOO_FINANCE_VIA_YFINANCE
2026-03-12,HDFCBANK,HDFCBANK.NS,819.2008667,832.75,46107561,YAHOO_FINANCE_VIA_YFINANCE
2026-03-12,HINDUNILVR,HINDUNILVR.NS,2115.383057,2136.899902,1791973,YAHOO_FINANCE_VIA_YFINANCE
2026-03-12,ICICIBANK,ICICIBANK.NS,1255.911987,1266.5,19676187,YAHOO_FINANCE_VIA_YFINANCE
2026-03-12,IDFCFIRSTB,IDFCFIRSTB.NS,64.59025574,64.77999878,34060333,YAHOO_FINANCE_VIA_YFINANCE
2026-03-12,INDUSINDBK,INDUSINDBK.NS,830.0056152,831.3499756,7514347,YAHOO_FINANCE_VIA_YFINANCE
2026-03-12,INFY,INFY.NS,1238.989136,1265.800049,7599940,YAHOO_FINANCE_VIA_YFINANCE
2026-03-12,KAYNES,KAYNES.NS,3700.300049,3700.300049,1473221,YAHOO_FINANCE_VIA_YFINANCE
2026-03-12,KEI,KEI.NS,4330,4330,523034,YAHOO_FINANCE_VIA_YFINANCE
2026-03-12,KOTAKBANK,KOTAKBANK.NS,374.6531677,375.2999878,25048123,YAHOO_FINANCE_VIA_YFINANCE
2026-03-12,KPITTECH,KPITTECH.NS,665.6295166,671.25,1341404,YAHOO_FINANCE_VIA_YFINANCE
2026-03-12,LALPATHLAB,LALPATHLAB.NS,1370.033325,1377,256122,YAHOO_FINANCE_VIA_YFINANCE
2026-03-12,LT,LT.NS,3683.521729,3719.5,4255443,YAHOO_FINANCE_VIA_YFINANCE
2026-03-12,M&M,M&M.NS,2999.698486,3031.199951,6968585,YAHOO_FINANCE_VIA_YFINANCE
2026-03-12,MARUTI,MARUTI.NS,12881.62891,13011,544683,YAHOO_FINANCE_VIA_YFINANCE
2026-03-12,MAXHEALTH,MAXHEALTH.NS,1018.589844,1020.400024,5744427,YAHOO_FINANCE_VIA_YFINANCE
2026-03-12,NIFTY,^NSEI,23639.15039,23639.15039,501000,YAHOO_FINANCE_VIA_YFINANCE
2026-03-12,PERSISTENT,PERSISTENT.NS,4698.08252,4714.399902,584369,YAHOO_FINANCE_VIA_YFINANCE
2026-03-12,PIIND,PIIND.NS,2941.840576,2952.399902,196476,YAHOO_FINANCE_VIA_YFINANCE
2026-03-12,POLYCAB,POLYCAB.NS,7419.794434,7455,498945,YAHOO_FINANCE_VIA_YFINANCE
2026-03-12,RELIANCE,RELIANCE.NS,1385.792603,1392.199951,20939959,YAHOO_FINANCE_VIA_YFINANCE
2026-03-12,SBIN,SBIN.NS,1065.985474,1085.199951,14614140,YAHOO_FINANCE_VIA_YFINANCE
2026-03-12,SIEMENS,SIEMENS.NS,3308.442383,3324.699951,361947,YAHOO_FINANCE_VIA_YFINANCE
2026-03-12,SUNPHARMA,SUNPHARMA.NS,1820.528809,1825.300049,2606057,YAHOO_FINANCE_VIA_YFINANCE
2026-03-12,SUPREMEIND,SUPREMEIND.NS,4015.306396,4043.699951,398294,YAHOO_FINANCE_VIA_YFINANCE
2026-03-12,TATAMOTORS,TMPV.NS,321.8799133,324.5499878,9707654,YAHOO_FINANCE_VIA_YFINANCE
2026-03-12,TCS,TCS.NS,2396.585938,2442.399902,2752075,YAHOO_FINANCE_VIA_YFINANCE
2026-03-12,TITAN,TITAN.NS,4116.09375,4129.600098,1071366,YAHOO_FINANCE_VIA_YFINANCE
2026-03-12,TRENT,TRENT.NS,2352.257568,2355.733398,1483744,YAHOO_FINANCE_VIA_YFINANCE
2026-03-12,ULTRACEMCO,ULTRACEMCO.NS,10867.18359,11089,535730,YAHOO_FINANCE_VIA_YFINANCE
2026-03-12,VOLTAS,VOLTAS.NS,1444.861084,1449.400024,799532,YAHOO_FINANCE_VIA_YFINANCE
2026-03-13,ABB,ABB.NS,6292.385254,6392.5,1070957,YAHOO_FINANCE_VIA_YFINANCE
2026-03-13,APLAPOLLO,APLAPOLLO.NS,1933.199951,1933.199951,560842,YAHOO_FINANCE_VIA_YFINANCE
2026-03-13,APOLLOHOSP,APOLLOHOSP.NS,7541.221191,7550,394082,YAHOO_FINANCE_VIA_YFINANCE
2026-03-13,ASIANPAINT,ASIANPAINT.NS,2177.904541,2196.800049,949233,YAHOO_FINANCE_VIA_YFINANCE
2026-03-13,ASTRAL,ASTRAL.NS,1609.268921,1611.800049,535982,YAHOO_FINANCE_VIA_YFINANCE
2026-03-13,AXISBANK,AXISBANK.NS,1196.377319,1197.300049,9098187,YAHOO_FINANCE_VIA_YFINANCE
2026-03-13,BAJFINANCE,BAJFINANCE.NS,849.8259277,855.0499878,6668639,YAHOO_FINANCE_VIA_YFINANCE
2026-03-13,BALKRISIND,BALKRISIND.NS,2217.983887,2225.699951,105894,YAHOO_FINANCE_VIA_YFINANCE
2026-03-13,BANKBARODA,BANKBARODA.NS,272.2445068,281.0499878,6237801,YAHOO_FINANCE_VIA_YFINANCE
2026-03-13,BANKNIFTY,^NSEBANK,53757.85156,53757.85156,327500,YAHOO_FINANCE_VIA_YFINANCE
2026-03-13,BEL,BEL.NS,438.8042908,439.3999939,19502809,YAHOO_FINANCE_VIA_YFINANCE
2026-03-13,BHARTIARTL,BHARTIARTL.NS,1780.98584,1803.400024,8970772,YAHOO_FINANCE_VIA_YFINANCE
2026-03-13,CIPLA,CIPLA.NS,1302.480713,1314.699951,1346347,YAHOO_FINANCE_VIA_YFINANCE
2026-03-13,COFORGE,COFORGE.NS,1084.677979,1089.699951,2704974,YAHOO_FINANCE_VIA_YFINANCE
2026-03-13,CROMPTON,CROMPTON.NS,243.3236694,246.25,3034305,YAHOO_FINANCE_VIA_YFINANCE
2026-03-13,CUMMINSIND,CUMMINSIND.NS,4611.45166,4649.700195,1324555,YAHOO_FINANCE_VIA_YFINANCE
2026-03-13,DEEPAKNTR,DEEPAKNTR.NS,1441.814697,1448.400024,95726,YAHOO_FINANCE_VIA_YFINANCE
2026-03-13,DIXON,DIXON.NS,10338,10338,848321,YAHOO_FINANCE_VIA_YFINANCE
2026-03-13,DRREDDY,DRREDDY.NS,1284.156372,1292.300049,1574522,YAHOO_FINANCE_VIA_YFINANCE
2026-03-13,ESCORTS,ESCORTS.NS,3085.68457,3120.600098,149932,YAHOO_FINANCE_VIA_YFINANCE
2026-03-13,FEDERALBNK,FEDERALBNK.NS,262.1543579,263.0499878,7258500,YAHOO_FINANCE_VIA_YFINANCE
2026-03-13,HAL,HAL.NS,3906.483887,3914.399902,2113945,YAHOO_FINANCE_VIA_YFINANCE
2026-03-13,HDFCBANK,HDFCBANK.NS,803.7071533,817,41700464,YAHOO_FINANCE_VIA_YFINANCE
2026-03-13,HINDUNILVR,HINDUNILVR.NS,2138.250732,2160,2298875,YAHOO_FINANCE_VIA_YFINANCE
2026-03-13,ICICIBANK,ICICIBANK.NS,1244.309937,1254.800049,17344394,YAHOO_FINANCE_VIA_YFINANCE
2026-03-13,IDFCFIRSTB,IDFCFIRSTB.NS,62.38672638,62.56999969,44917770,YAHOO_FINANCE_VIA_YFINANCE
2026-03-13,INDUSINDBK,INDUSINDBK.NS,813.0830688,814.4000244,5606889,YAHOO_FINANCE_VIA_YFINANCE
2026-03-13,INFY,INFY.NS,1221.859741,1248.300049,7366098,YAHOO_FINANCE_VIA_YFINANCE
2026-03-13,KAYNES,KAYNES.NS,3475.600098,3475.600098,1952488,YAHOO_FINANCE_VIA_YFINANCE
2026-03-13,KEI,KEI.NS,4158,4158,526941,YAHOO_FINANCE_VIA_YFINANCE
2026-03-13,KOTAKBANK,KOTAKBANK.NS,366.2177429,366.8500061,32179473,YAHOO_FINANCE_VIA_YFINANCE
2026-03-13,KPITTECH,KPITTECH.NS,654.6224365,660.1500244,2471617,YAHOO_FINANCE_VIA_YFINANCE
2026-03-13,LALPATHLAB,LALPATHLAB.NS,1348.244141,1355.099976,250449,YAHOO_FINANCE_VIA_YFINANCE
2026-03-13,LT,LT.NS,3405.734863,3439,10778730,YAHOO_FINANCE_VIA_YFINANCE
2026-03-13,M&M,M&M.NS,2900.638916,2931.100098,7217643,YAHOO_FINANCE_VIA_YFINANCE
2026-03-13,MARUTI,MARUTI.NS,12465.80566,12591,939594,YAHOO_FINANCE_VIA_YFINANCE
2026-03-13,MAXHEALTH,MAXHEALTH.NS,988.2437134,990,3267535,YAHOO_FINANCE_VIA_YFINANCE
2026-03-13,NIFTY,^NSEI,23151.09961,23151.09961,519800,YAHOO_FINANCE_VIA_YFINANCE
2026-03-13,PERSISTENT,PERSISTENT.NS,4622.744141,4638.799805,499196,YAHOO_FINANCE_VIA_YFINANCE
2026-03-13,PIIND,PIIND.NS,2885.941406,2896.300049,339128,YAHOO_FINANCE_VIA_YFINANCE
2026-03-13,POLYCAB,POLYCAB.NS,7159.529297,7193.5,629203,YAHOO_FINANCE_VIA_YFINANCE
2026-03-13,RELIANCE,RELIANCE.NS,1374.345581,1380.699951,17265090,YAHOO_FINANCE_VIA_YFINANCE
2026-03-13,SBIN,SBIN.NS,1028.461914,1047,15978675,YAHOO_FINANCE_VIA_YFINANCE
2026-03-13,SIEMENS,SIEMENS.NS,3191.915039,3207.600098,312590,YAHOO_FINANCE_VIA_YFINANCE
2026-03-13,SUNPHARMA,SUNPHARMA.NS,1796.890625,1801.599976,2554627,YAHOO_FINANCE_VIA_YFINANCE
2026-03-13,SUPREMEIND,SUPREMEIND.NS,3859.210205,3886.5,247814,YAHOO_FINANCE_VIA_YFINANCE
2026-03-13,TATAMOTORS,TMPV.NS,311.5158997,314.1000061,17073811,YAHOO_FINANCE_VIA_YFINANCE
2026-03-13,TCS,TCS.NS,2365.284424,2410.5,2466488,YAHOO_FINANCE_VIA_YFINANCE
2026-03-13,TITAN,TITAN.NS,4059.878174,4073.199951,868825,YAHOO_FINANCE_VIA_YFINANCE
2026-03-13,TRENT,TRENT.NS,2321.769043,2325.199951,1823805,YAHOO_FINANCE_VIA_YFINANCE
2026-03-13,ULTRACEMCO,ULTRACEMCO.NS,10403.64453,10616,723904,YAHOO_FINANCE_VIA_YFINANCE
2026-03-13,VOLTAS,VOLTAS.NS,1409.77124,1414.199951,1524789,YAHOO_FINANCE_VIA_YFINANCE
2026-03-16,ABB,ABB.NS,6120.618164,6218,371084,YAHOO_FINANCE_VIA_YFINANCE
2026-03-16,APLAPOLLO,APLAPOLLO.NS,1893.699951,1893.699951,667940,YAHOO_FINANCE_VIA_YFINANCE
2026-03-16,APOLLOHOSP,APOLLOHOSP.NS,7481.291016,7490,481339,YAHOO_FINANCE_VIA_YFINANCE
2026-03-16,ASIANPAINT,ASIANPAINT.NS,2198.624756,2217.699951,1111587,YAHOO_FINANCE_VIA_YFINANCE
2026-03-16,ASTRAL,ASTRAL.NS,1617.156494,1619.699951,515058,YAHOO_FINANCE_VIA_YFINANCE
2026-03-16,AXISBANK,AXISBANK.NS,1213.763916,1214.699951,8743794,YAHOO_FINANCE_VIA_YFINANCE
2026-03-16,BAJFINANCE,BAJFINANCE.NS,872.7848511,878.1500244,8982957,YAHOO_FINANCE_VIA_YFINANCE
2026-03-16,BALKRISIND,BALKRISIND.NS,2158.291504,2165.800049,228941,YAHOO_FINANCE_VIA_YFINANCE
2026-03-16,BANKBARODA,BANKBARODA.NS,271.1789856,279.9500122,9554841,YAHOO_FINANCE_VIA_YFINANCE
2026-03-16,BANKNIFTY,^NSEBANK,54413.39844,54413.39844,390200,YAHOO_FINANCE_VIA_YFINANCE
2026-03-16,BEL,BEL.NS,428.9177246,429.5,22324389,YAHOO_FINANCE_VIA_YFINANCE
2026-03-16,BHARTIARTL,BHARTIARTL.NS,1766.567383,1788.800049,14261268,YAHOO_FINANCE_VIA_YFINANCE
2026-03-16,CIPLA,CIPLA.NS,1287.917358,1300,1496780,YAHOO_FINANCE_VIA_YFINANCE
2026-03-16,COFORGE,COFORGE.NS,1075.619751,1080.599976,3504696,YAHOO_FINANCE_VIA_YFINANCE
2026-03-16,CROMPTON,CROMPTON.NS,244.2129669,247.1499939,1630711,YAHOO_FINANCE_VIA_YFINANCE
2026-03-16,CUMMINSIND,CUMMINSIND.NS,4551.945312,4589.700195,1003879,YAHOO_FINANCE_VIA_YFINANCE
2026-03-16,DEEPAKNTR,DEEPAKNTR.NS,1385.372437,1391.699951,209728,YAHOO_FINANCE_VIA_YFINANCE
2026-03-16,DIXON,DIXON.NS,10263,10263,606465,YAHOO_FINANCE_VIA_YFINANCE
2026-03-16,DRREDDY,DRREDDY.NS,1268.853394,1276.900024,1294975,YAHOO_FINANCE_VIA_YFINANCE
2026-03-16,ESCORTS,ESCORTS.NS,3025.762451,3060,71246,YAHOO_FINANCE_VIA_YFINANCE
2026-03-16,FEDERALBNK,FEDERALBNK.NS,259.9618835,260.8500061,12531069,YAHOO_FINANCE_VIA_YFINANCE
2026-03-16,HAL,HAL.NS,3905.186768,3913.100098,1379003,YAHOO_FINANCE_VIA_YFINANCE
2026-03-16,HDFCBANK,HDFCBANK.NS,826.9231567,840.5999756,52182605,YAHOO_FINANCE_VIA_YFINANCE
2026-03-16,HINDUNILVR,HINDUNILVR.NS,2153.79248,2175.699951,1981511,YAHOO_FINANCE_VIA_YFINANCE
2026-03-16,ICICIBANK,ICICIBANK.NS,1262.258545,1272.900024,22740688,YAHOO_FINANCE_VIA_YFINANCE
2026-03-16,IDFCFIRSTB,IDFCFIRSTB.NS,62.62602615,62.81000137,43729894,YAHOO_FINANCE_VIA_YFINANCE
2026-03-16,INDUSINDBK,INDUSINDBK.NS,823.7158203,825.0499878,3107008,YAHOO_FINANCE_VIA_YFINANCE
2026-03-16,INFY,INFY.NS,1223.328003,1249.800049,12314450,YAHOO_FINANCE_VIA_YFINANCE
2026-03-16,KAYNES,KAYNES.NS,3555,3555,1484898,YAHOO_FINANCE_VIA_YFINANCE
2026-03-16,KEI,KEI.NS,4174,4174,311508,YAHOO_FINANCE_VIA_YFINANCE
2026-03-16,KOTAKBANK,KOTAKBANK.NS,369.2125854,369.8500061,27927294,YAHOO_FINANCE_VIA_YFINANCE
2026-03-16,KPITTECH,KPITTECH.NS,626.6585693,631.9500122,3226454,YAHOO_FINANCE_VIA_YFINANCE
2026-03-16,LALPATHLAB,LALPATHLAB.NS,1334.215454,1341,205389,YAHOO_FINANCE_VIA_YFINANCE
2026-03-16,LT,LT.NS,3435.84082,3469.399902,8459233,YAHOO_FINANCE_VIA_YFINANCE
2026-03-16,M&M,M&M.NS,3004.547852,3036.100098,5378638,YAHOO_FINANCE_VIA_YFINANCE
2026-03-16,MARUTI,MARUTI.NS,12630.1543,12757,1416170,YAHOO_FINANCE_VIA_YFINANCE
2026-03-16,MAXHEALTH,MAXHEALTH.NS,968.8781128,970.5999756,4063489,YAHOO_FINANCE_VIA_YFINANCE
2026-03-16,NIFTY,^NSEI,23408.80078,23408.80078,540300,YAHOO_FINANCE_VIA_YFINANCE
2026-03-16,PERSISTENT,PERSISTENT.NS,4622.744141,4638.799805,325857,YAHOO_FINANCE_VIA_YFINANCE
2026-03-16,PIIND,PIIND.NS,2879.763672,2890.100098,135128,YAHOO_FINANCE_VIA_YFINANCE
2026-03-16,POLYCAB,POLYCAB.NS,7093.343262,7127,459070,YAHOO_FINANCE_VIA_YFINANCE
2026-03-16,RELIANCE,RELIANCE.NS,1388.679321,1395.099976,22837802,YAHOO_FINANCE_VIA_YFINANCE
2026-03-16,SBIN,SBIN.NS,1047.81311,1066.699951,15322269,YAHOO_FINANCE_VIA_YFINANCE
2026-03-16,SIEMENS,SIEMENS.NS,3134.19873,3149.600098,681618,YAHOO_FINANCE_VIA_YFINANCE
2026-03-16,SUNPHARMA,SUNPHARMA.NS,1778.538696,1783.199951,2452391,YAHOO_FINANCE_VIA_YFINANCE
2026-03-16,SUPREMEIND,SUPREMEIND.NS,3900.021729,3927.600098,154649,YAHOO_FINANCE_VIA_YFINANCE
2026-03-16,TATAMOTORS,TMPV.NS,311.8134155,314.3999939,10394023,YAHOO_FINANCE_VIA_YFINANCE
2026-03-16,TCS,TCS.NS,2364.008789,2409.199951,3807907,YAHOO_FINANCE_VIA_YFINANCE
2026-03-16,TITAN,TITAN.NS,4077.420898,4090.800049,1013667,YAHOO_FINANCE_VIA_YFINANCE
2026-03-16,TRENT,TRENT.NS,2393.862549,2397.399902,1955878,YAHOO_FINANCE_VIA_YFINANCE
2026-03-16,ULTRACEMCO,ULTRACEMCO.NS,10876.9834,11099,728077,YAHOO_FINANCE_VIA_YFINANCE
2026-03-16,VOLTAS,VOLTAS.NS,1401.995728,1406.400024,814633,YAHOO_FINANCE_VIA_YFINANCE
2026-03-17,ABB,ABB.NS,6211.669434,6310.5,297126,YAHOO_FINANCE_VIA_YFINANCE
2026-03-17,APLAPOLLO,APLAPOLLO.NS,1965.599976,1965.599976,866076,YAHOO_FINANCE_VIA_YFINANCE
2026-03-17,APOLLOHOSP,APOLLOHOSP.NS,7491.279297,7500,343558,YAHOO_FINANCE_VIA_YFINANCE
2026-03-17,ASIANPAINT,ASIANPAINT.NS,2218.948486,2238.199951,875461,YAHOO_FINANCE_VIA_YFINANCE
2026-03-17,ASTRAL,ASTRAL.NS,1649.405762,1652,490078,YAHOO_FINANCE_VIA_YFINANCE
2026-03-17,AXISBANK,AXISBANK.NS,1227.153564,1228.099976,5707317,YAHOO_FINANCE_VIA_YFINANCE
2026-03-17,BAJFINANCE,BAJFINANCE.NS,863.2931519,868.5999756,7941385,YAHOO_FINANCE_VIA_YFINANCE
2026-03-17,BALKRISIND,BALKRISIND.NS,2143.443115,2150.899902,118968,YAHOO_FINANCE_VIA_YFINANCE
2026-03-17,BANKBARODA,BANKBARODA.NS,274.3755798,283.25,5072811,YAHOO_FINANCE_VIA_YFINANCE
2026-03-17,BANKNIFTY,^NSEBANK,54876,54876,277100,YAHOO_FINANCE_VIA_YFINANCE
2026-03-17,BEL,BEL.NS,438.754364,439.3500061,14421128,YAHOO_FINANCE_VIA_YFINANCE
2026-03-17,BHARTIARTL,BHARTIARTL.NS,1804.292603,1827,7181491,YAHOO_FINANCE_VIA_YFINANCE
2026-03-17,CIPLA,CIPLA.NS,1269.985596,1281.900024,2034284,YAHOO_FINANCE_VIA_YFINANCE
2026-03-17,COFORGE,COFORGE.NS,1068.950806,1073.900024,6318399,YAHOO_FINANCE_VIA_YFINANCE
2026-03-17,CROMPTON,CROMPTON.NS,245.6951447,248.6499939,1547555,YAHOO_FINANCE_VIA_YFINANCE
2026-03-17,CUMMINSIND,CUMMINSIND.NS,4558.589844,4596.399902,610452,YAHOO_FINANCE_VIA_YFINANCE
2026-03-17,DEEPAKNTR,DEEPAKNTR.NS,1388.060303,1394.400024,84390,YAHOO_FINANCE_VIA_YFINANCE
2026-03-17,DIXON,DIXON.NS,10289,10289,518006,YAHOO_FINANCE_VIA_YFINANCE
2026-03-17,DRREDDY,DRREDDY.NS,1275.709961,1283.800049,1003677,YAHOO_FINANCE_VIA_YFINANCE
2026-03-17,ESCORTS,ESCORTS.NS,3018.643066,3052.800049,75990,YAHOO_FINANCE_VIA_YFINANCE
2026-03-17,FEDERALBNK,FEDERALBNK.NS,263.6492615,264.5499878,12836887,YAHOO_FINANCE_VIA_YFINANCE
2026-03-17,HAL,HAL.NS,3955.085693,3963.100098,992982,YAHOO_FINANCE_VIA_YFINANCE
2026-03-17,HDFCBANK,HDFCBANK.NS,831.5958252,845.3499756,38826979,YAHOO_FINANCE_VIA_YFINANCE
2026-03-17,HINDUNILVR,HINDUNILVR.NS,2136.46875,2158.199951,1705956,YAHOO_FINANCE_VIA_YFINANCE
2026-03-17,ICICIBANK,ICICIBANK.NS,1277.926392,1288.699951,22303102,YAHOO_FINANCE_VIA_YFINANCE
2026-03-17,IDFCFIRSTB,IDFCFIRSTB.NS,63.47353363,63.65999985,21678024,YAHOO_FINANCE_VIA_YFINANCE
2026-03-17,INDUSINDBK,INDUSINDBK.NS,819.522583,820.8499756,3713235,YAHOO_FINANCE_VIA_YFINANCE
2026-03-17,INFY,INFY.NS,1206.785889,1232.900024,11223276,YAHOO_FINANCE_VIA_YFINANCE
2026-03-17,KAYNES,KAYNES.NS,3634.899902,3634.899902,1217771,YAHOO_FINANCE_VIA_YFINANCE
2026-03-17,KEI,KEI.NS,4216.5,4216.5,287485,YAHOO_FINANCE_VIA_YFINANCE
2026-03-17,KOTAKBANK,KOTAKBANK.NS,373.5550842,374.2000122,15176772,YAHOO_FINANCE_VIA_YFINANCE
2026-03-17,KPITTECH,KPITTECH.NS,648.2264404,653.7000122,2692241,YAHOO_FINANCE_VIA_YFINANCE
2026-03-17,LALPATHLAB,LALPATHLAB.NS,1324.962524,1331.699951,327294,YAHOO_FINANCE_VIA_YFINANCE
2026-03-17,LT,LT.NS,3508.531006,3542.800049,5003418,YAHOO_FINANCE_VIA_YFINANCE
2026-03-17,M&M,M&M.NS,3096.383301,3128.899902,3491894,YAHOO_FINANCE_VIA_YFINANCE
2026-03-17,MARUTI,MARUTI.NS,12843.0166,12972,1178941,YAHOO_FINANCE_VIA_YFINANCE
2026-03-17,MAXHEALTH,MAXHEALTH.NS,974.6679077,976.4000244,2641459,YAHOO_FINANCE_VIA_YFINANCE
2026-03-17,NIFTY,^NSEI,23581.15039,23581.15039,458800,YAHOO_FINANCE_VIA_YFINANCE
2026-03-17,PERSISTENT,PERSISTENT.NS,4513.722656,4529.399902,685749,YAHOO_FINANCE_VIA_YFINANCE
2026-03-17,PIIND,PIIND.NS,2882.653076,2893,186935,YAHOO_FINANCE_VIA_YFINANCE
2026-03-17,POLYCAB,POLYCAB.NS,7132.656738,7166.5,353172,YAHOO_FINANCE_VIA_YFINANCE
2026-03-17,RELIANCE,RELIANCE.NS,1391.167725,1397.599976,19007744,YAHOO_FINANCE_VIA_YFINANCE
2026-03-17,SBIN,SBIN.NS,1045.848511,1064.699951,16427877,YAHOO_FINANCE_VIA_YFINANCE
2026-03-17,SIEMENS,SIEMENS.NS,3157.981689,3173.5,269351,YAHOO_FINANCE_VIA_YFINANCE
2026-03-17,SUNPHARMA,SUNPHARMA.NS,1789.709473,1794.400024,1979497,YAHOO_FINANCE_VIA_YFINANCE
2026-03-17,SUPREMEIND,SUPREMEIND.NS,3896.347656,3923.899902,182453,YAHOO_FINANCE_VIA_YFINANCE
2026-03-17,TATAMOTORS,TMPV.NS,316.5739441,319.2000122,7953108,YAHOO_FINANCE_VIA_YFINANCE
2026-03-17,TCS,TCS.NS,2346.837158,2391.699951,2993367,YAHOO_FINANCE_VIA_YFINANCE
2026-03-17,TITAN,TITAN.NS,4077.121826,4090.5,1126905,YAHOO_FINANCE_VIA_YFINANCE
2026-03-17,TRENT,TRENT.NS,2419.424805,2423,1113102,YAHOO_FINANCE_VIA_YFINANCE
2026-03-17,ULTRACEMCO,ULTRACEMCO.NS,10893.64355,11116,332933,YAHOO_FINANCE_VIA_YFINANCE
2026-03-17,VOLTAS,VOLTAS.NS,1415.951904,1420.400024,582855,YAHOO_FINANCE_VIA_YFINANCE
2026-03-18,ABB,ABB.NS,6238.246582,6337.5,280678,YAHOO_FINANCE_VIA_YFINANCE
2026-03-18,APLAPOLLO,APLAPOLLO.NS,2013.400024,2013.400024,596269,YAHOO_FINANCE_VIA_YFINANCE
2026-03-18,APOLLOHOSP,APOLLOHOSP.NS,7462.312988,7471,497712,YAHOO_FINANCE_VIA_YFINANCE
2026-03-18,ASIANPAINT,ASIANPAINT.NS,2242.642822,2262.100098,844912,YAHOO_FINANCE_VIA_YFINANCE
2026-03-18,ASTRAL,ASTRAL.NS,1665.780029,1668.400024,504539,YAHOO_FINANCE_VIA_YFINANCE
2026-03-18,AXISBANK,AXISBANK.NS,1252.234253,1253.199951,6018952,YAHOO_FINANCE_VIA_YFINANCE
2026-03-18,BAJFINANCE,BAJFINANCE.NS,874.7228394,880.0999756,12375517,YAHOO_FINANCE_VIA_YFINANCE
2026-03-18,BALKRISIND,BALKRISIND.NS,2164.669189,2172.199951,123075,YAHOO_FINANCE_VIA_YFINANCE
2026-03-18,BANKBARODA,BANKBARODA.NS,274.278717,283.1499939,5349893,YAHOO_FINANCE_VIA_YFINANCE
2026-03-18,BANKNIFTY,^NSEBANK,55326.05078,55326.05078,223200,YAHOO_FINANCE_VIA_YFINANCE
2026-03-18,BEL,BEL.NS,441.9999695,442.6000061,13700203,YAHOO_FINANCE_VIA_YFINANCE
2026-03-18,BHARTIARTL,BHARTIARTL.NS,1832.3396,1855.400024,6428092,YAHOO_FINANCE_VIA_YFINANCE
2026-03-18,CIPLA,CIPLA.NS,1256.710083,1268.5,2226496,YAHOO_FINANCE_VIA_YFINANCE
2026-03-18,COFORGE,COFORGE.NS,1126.782959,1132,6762954,YAHOO_FINANCE_VIA_YFINANCE
2026-03-18,CROMPTON,CROMPTON.NS,247.1773224,250.1499939,1599160,YAHOO_FINANCE_VIA_YFINANCE
2026-03-18,CUMMINSIND,CUMMINSIND.NS,4678.792969,4717.600098,796065,YAHOO_FINANCE_VIA_YFINANCE
2026-03-18,DEEPAKNTR,DEEPAKNTR.NS,1406.87439,1413.300049,132495,YAHOO_FINANCE_VIA_YFINANCE
2026-03-18,DIXON,DIXON.NS,10709,10709,718288,YAHOO_FINANCE_VIA_YFINANCE
2026-03-18,DRREDDY,DRREDDY.NS,1286.640625,1294.800049,849938,YAHOO_FINANCE_VIA_YFINANCE
2026-03-18,ESCORTS,ESCORTS.NS,3056.217773,3090.800049,78481,YAHOO_FINANCE_VIA_YFINANCE
2026-03-18,FEDERALBNK,FEDERALBNK.NS,270.5756226,271.5,7002312,YAHOO_FINANCE_VIA_YFINANCE
2026-03-18,HAL,HAL.NS,3953.588623,3961.600098,828634,YAHOO_FINANCE_VIA_YFINANCE
2026-03-18,HDFCBANK,HDFCBANK.NS,829.333252,843.0499878,23507063,YAHOO_FINANCE_VIA_YFINANCE
2026-03-18,HINDUNILVR,HINDUNILVR.NS,2113.799316,2135.300049,2441148,YAHOO_FINANCE_VIA_YFINANCE
2026-03-18,ICICIBANK,ICICIBANK.NS,1278.521484,1289.300049,12961135,YAHOO_FINANCE_VIA_YFINANCE
2026-03-18,IDFCFIRSTB,IDFCFIRSTB.NS,65.06884766,65.26000214,25946235,YAHOO_FINANCE_VIA_YFINANCE
2026-03-18,INDUSINDBK,INDUSINDBK.NS,840.788208,842.1500244,4695600,YAHOO_FINANCE_VIA_YFINANCE
2026-03-18,INFY,INFY.NS,1240.261475,1267.099976,12365381,YAHOO_FINANCE_VIA_YFINANCE
2026-03-18,KAYNES,KAYNES.NS,3715.899902,3715.899902,980273,YAHOO_FINANCE_VIA_YFINANCE
2026-03-18,KEI,KEI.NS,4390,4390,381581,YAHOO_FINANCE_VIA_YFINANCE
2026-03-18,KOTAKBANK,KOTAKBANK.NS,374.7529907,375.3999939,15235416,YAHOO_FINANCE_VIA_YFINANCE
2026-03-18,KPITTECH,KPITTECH.NS,682.4871216,688.25,4250732,YAHOO_FINANCE_VIA_YFINANCE
2026-03-18,LALPATHLAB,LALPATHLAB.NS,1340.085693,1346.900024,171465,YAHOO_FINANCE_VIA_YFINANCE
2026-03-18,LT,LT.NS,3573.001221,3607.899902,4190485,YAHOO_FINANCE_VIA_YFINANCE
2026-03-18,M&M,M&M.NS,3181.192871,3214.600098,3746758,YAHOO_FINANCE_VIA_YFINANCE
2026-03-18,MARUTI,MARUTI.NS,12918.26172,13048,458827,YAHOO_FINANCE_VIA_YFINANCE
2026-03-18,MAXHEALTH,MAXHEALTH.NS,978.0618286,979.7999878,2501351,YAHOO_FINANCE_VIA_YFINANCE
2026-03-18,NIFTY,^NSEI,23777.80078,23777.80078,382900,YAHOO_FINANCE_VIA_YFINANCE
2026-03-18,PERSISTENT,PERSISTENT.NS,4682.337402,4698.600098,757503,YAHOO_FINANCE_VIA_YFINANCE
2026-03-18,PIIND,PIIND.NS,2917.129395,2927.600098,200637,YAHOO_FINANCE_VIA_YFINANCE
2026-03-18,POLYCAB,POLYCAB.NS,7339.674316,7374.5,683932,YAHOO_FINANCE_VIA_YFINANCE
2026-03-18,RELIANCE,RELIANCE.NS,1401.619507,1408.099976,9559327,YAHOO_FINANCE_VIA_YFINANCE
2026-03-18,SBIN,SBIN.NS,1050.858276,1069.800049,10749915,YAHOO_FINANCE_VIA_YFINANCE
2026-03-18,SIEMENS,SIEMENS.NS,3205.149902,3220.899902,203255,YAHOO_FINANCE_VIA_YFINANCE
2026-03-18,SUNPHARMA,SUNPHARMA.NS,1773.651611,1778.300049,2436459,YAHOO_FINANCE_VIA_YFINANCE
2026-03-18,SUPREMEIND,SUPREMEIND.NS,3982.637451,4010.800049,282357,YAHOO_FINANCE_VIA_YFINANCE
2026-03-18,TATAMOTORS,TMPV.NS,322.0782776,324.75,7533727,YAHOO_FINANCE_VIA_YFINANCE
2026-03-18,TCS,TCS.NS,2395.016113,2440.800049,3082388,YAHOO_FINANCE_VIA_YFINANCE
2026-03-18,TITAN,TITAN.NS,4131.941895,4145.5,751307,YAHOO_FINANCE_VIA_YFINANCE
2026-03-18,TRENT,TRENT.NS,2423.685059,2427.266602,968137,YAHOO_FINANCE_VIA_YFINANCE
2026-03-18,ULTRACEMCO,ULTRACEMCO.NS,11022.02246,11247,211865,YAHOO_FINANCE_VIA_YFINANCE
2026-03-18,VOLTAS,VOLTAS.NS,1418.144897,1422.599976,441894,YAHOO_FINANCE_VIA_YFINANCE
2026-03-19,ABB,ABB.NS,6116.680664,6214,212355,YAHOO_FINANCE_VIA_YFINANCE
2026-03-19,APLAPOLLO,APLAPOLLO.NS,1929.800049,1929.800049,535700,YAHOO_FINANCE_VIA_YFINANCE
2026-03-19,APOLLOHOSP,APOLLOHOSP.NS,7243.567383,7252,264884,YAHOO_FINANCE_VIA_YFINANCE
2026-03-19,ASIANPAINT,ASIANPAINT.NS,2167.19751,2186,889334,YAHOO_FINANCE_VIA_YFINANCE
2026-03-19,ASTRAL,ASTRAL.NS,1637.823975,1640.400024,478035,YAHOO_FINANCE_VIA_YFINANCE
2026-03-19,AXISBANK,AXISBANK.NS,1206.069824,1207,8264698,YAHOO_FINANCE_VIA_YFINANCE
2026-03-19,BAJFINANCE,BAJFINANCE.NS,827.1155396,832.2000122,11585591,YAHOO_FINANCE_VIA_YFINANCE
2026-03-19,BALKRISIND,BALKRISIND.NS,2113.44751,2120.800049,102348,YAHOO_FINANCE_VIA_YFINANCE
2026-03-19,BANKBARODA,BANKBARODA.NS,264.0592651,272.6000061,6659439,YAHOO_FINANCE_VIA_YFINANCE
2026-03-19,BANKNIFTY,^NSEBANK,53451,53451,395300,YAHOO_FINANCE_VIA_YFINANCE
2026-03-19,BEL,BEL.NS,430.2159424,430.7999878,12237975,YAHOO_FINANCE_VIA_YFINANCE
2026-03-19,BHARTIARTL,BHARTIARTL.NS,1804.292603,1827,7145082,YAHOO_FINANCE_VIA_YFINANCE
2026-03-19,CIPLA,CIPLA.NS,1227.682373,1239.199951,1080395,YAHOO_FINANCE_VIA_YFINANCE
2026-03-19,COFORGE,COFORGE.NS,1087.265991,1092.300049,2611603,YAHOO_FINANCE_VIA_YFINANCE
2026-03-19,CROMPTON,CROMPTON.NS,239.5688324,242.4499969,1685619,YAHOO_FINANCE_VIA_YFINANCE
2026-03-19,CUMMINSIND,CUMMINSIND.NS,4468.63623,4505.700195,580101,YAHOO_FINANCE_VIA_YFINANCE
2026-03-19,DEEPAKNTR,DEEPAKNTR.NS,1377.110229,1383.400024,104769,YAHOO_FINANCE_VIA_YFINANCE
2026-03-19,DIXON,DIXON.NS,10194,10194,616614,YAHOO_FINANCE_VIA_YFINANCE
2026-03-19,DRREDDY,DRREDDY.NS,1266.468506,1274.5,1035491,YAHOO_FINANCE_VIA_YFINANCE
2026-03-19,ESCORTS,ESCORTS.NS,2854.895752,2887.199951,225930,YAHOO_FINANCE_VIA_YFINANCE
2026-03-19,FEDERALBNK,FEDERALBNK.NS,264.9946594,265.8999939,9790533,YAHOO_FINANCE_VIA_YFINANCE
2026-03-19,HAL,HAL.NS,3794.810303,3802.5,1014937,YAHOO_FINANCE_VIA_YFINANCE
2026-03-19,HDFCBANK,HDFCBANK.NS,785.2130127,798.2000122,171637393,YAHOO_FINANCE_VIA_YFINANCE
2026-03-19,HINDUNILVR,HINDUNILVR.NS,2056.383545,2077.300049,2098905,YAHOO_FINANCE_VIA_YFINANCE
2026-03-19,ICICIBANK,ICICIBANK.NS,1239.649048,1250.099976,14422899,YAHOO_FINANCE_VIA_YFINANCE
2026-03-19,IDFCFIRSTB,IDFCFIRSTB.NS,62.42660904,62.61000061,31046018,YAHOO_FINANCE_VIA_YFINANCE
2026-03-19,INDUSINDBK,INDUSINDBK.NS,814.9799805,816.2999878,5080824,YAHOO_FINANCE_VIA_YFINANCE
2026-03-19,INFY,INFY.NS,1194.942261,1220.800049,9156461,YAHOO_FINANCE_VIA_YFINANCE
2026-03-19,KAYNES,KAYNES.NS,3567,3567,868023,YAHOO_FINANCE_VIA_YFINANCE
2026-03-19,KEI,KEI.NS,4213,4213,434290,YAHOO_FINANCE_VIA_YFINANCE
2026-03-19,KOTAKBANK,KOTAKBANK.NS,367.5155029,368.1499939,17308390,YAHOO_FINANCE_VIA_YFINANCE
2026-03-19,KPITTECH,KPITTECH.NS,653.3829346,658.9000244,2473667,YAHOO_FINANCE_VIA_YFINANCE
2026-03-19,LALPATHLAB,LALPATHLAB.NS,1318.694458,1325.400024,101783,YAHOO_FINANCE_VIA_YFINANCE
2026-03-19,LT,LT.NS,3401.278564,3434.5,4898518,YAHOO_FINANCE_VIA_YFINANCE
2026-03-19,M&M,M&M.NS,3013.750977,3045.399902,3059501,YAHOO_FINANCE_VIA_YFINANCE
2026-03-19,MARUTI,MARUTI.NS,12473.72559,12599,569346,YAHOO_FINANCE_VIA_YFINANCE
2026-03-19,MAXHEALTH,MAXHEALTH.NS,951.4091797,953.0999756,1981193,YAHOO_FINANCE_VIA_YFINANCE
2026-03-19,NIFTY,^NSEI,23002.15039,23002.15039,550100,YAHOO_FINANCE_VIA_YFINANCE
2026-03-19,PERSISTENT,PERSISTENT.NS,4586.868652,4602.799805,446961,YAHOO_FINANCE_VIA_YFINANCE
2026-03-19,PIIND,PIIND.NS,2880.560547,2890.899902,95404,YAHOO_FINANCE_VIA_YFINANCE
2026-03-19,POLYCAB,POLYCAB.NS,7146.093262,7180,642482,YAHOO_FINANCE_VIA_YFINANCE
2026-03-19,RELIANCE,RELIANCE.NS,1378.426758,1384.800049,16498373,YAHOO_FINANCE_VIA_YFINANCE
2026-03-19,SBIN,SBIN.NS,1030.328247,1048.900024,13431191,YAHOO_FINANCE_VIA_YFINANCE
2026-03-19,SIEMENS,SIEMENS.NS,3063.943848,3079,410905,YAHOO_FINANCE_VIA_YFINANCE
2026-03-19,SUNPHARMA,SUNPHARMA.NS,1739.84021,1744.400024,2301164,YAHOO_FINANCE_VIA_YFINANCE
2026-03-19,SUPREMEIND,SUPREMEIND.NS,3816.412842,3843.399902,108587,YAHOO_FINANCE_VIA_YFINANCE
2026-03-19,TATAMOTORS,TMPV.NS,306.7553711,309.2999878,10146164,YAHOO_FINANCE_VIA_YFINANCE
2026-03-19,TCS,TCS.NS,2311.806641,2356,2757060,YAHOO_FINANCE_VIA_YFINANCE
2026-03-19,TITAN,TITAN.NS,4024.693604,4037.899902,567278,YAHOO_FINANCE_VIA_YFINANCE
2026-03-19,TRENT,TRENT.NS,2317.841553,2321.266602,1047360,YAHOO_FINANCE_VIA_YFINANCE
2026-03-19,ULTRACEMCO,ULTRACEMCO.NS,10597.68457,10814,283817,YAHOO_FINANCE_VIA_YFINANCE
2026-03-19,VOLTAS,VOLTAS.NS,1342.981079,1347.199951,1242317,YAHOO_FINANCE_VIA_YFINANCE
2026-03-20,ABB,ABB.NS,6198.380859,6297,274862,YAHOO_FINANCE_VIA_YFINANCE
2026-03-20,APLAPOLLO,APLAPOLLO.NS,1973.099976,1973.099976,620833,YAHOO_FINANCE_VIA_YFINANCE
2026-03-20,APOLLOHOSP,APOLLOHOSP.NS,7355.937012,7364.5,696455,YAHOO_FINANCE_VIA_YFINANCE
2026-03-20,ASIANPAINT,ASIANPAINT.NS,2176.516357,2195.399902,875920,YAHOO_FINANCE_VIA_YFINANCE
2026-03-20,ASTRAL,ASTRAL.NS,1629.237549,1631.800049,388331,YAHOO_FINANCE_VIA_YFINANCE
2026-03-20,AXISBANK,AXISBANK.NS,1202.97229,1203.900024,7518686,YAHOO_FINANCE_VIA_YFINANCE
2026-03-20,BAJFINANCE,BAJFINANCE.NS,825.4755859,830.5499878,14881843,YAHOO_FINANCE_VIA_YFINANCE
2026-03-20,BALKRISIND,BALKRISIND.NS,2097.802002,2105.100098,128499,YAHOO_FINANCE_VIA_YFINANCE
2026-03-20,BANKBARODA,BANKBARODA.NS,271.1789856,279.9500122,9423497,YAHOO_FINANCE_VIA_YFINANCE
2026-03-20,BANKNIFTY,^NSEBANK,53427.05078,53427.05078,403500,YAHOO_FINANCE_VIA_YFINANCE
2026-03-20,BEL,BEL.NS,425.5223389,426.1000061,17599734,YAHOO_FINANCE_VIA_YFINANCE
2026-03-20,BHARTIARTL,BHARTIARTL.NS,1823.155151,1846.099976,7691633,YAHOO_FINANCE_VIA_YFINANCE
2026-03-20,CIPLA,CIPLA.NS,1244.722656,1256.400024,1151621,YAHOO_FINANCE_VIA_YFINANCE
2026-03-20,COFORGE,COFORGE.NS,1084.279785,1089.300049,2721237,YAHOO_FINANCE_VIA_YFINANCE
2026-03-20,CROMPTON,CROMPTON.NS,240.2605133,243.1499939,1174291,YAHOO_FINANCE_VIA_YFINANCE
2026-03-20,CUMMINSIND,CUMMINSIND.NS,4577.333984,4615.299805,878443,YAHOO_FINANCE_VIA_YFINANCE
2026-03-20,DEEPAKNTR,DEEPAKNTR.NS,1383.978882,1390.300049,137812,YAHOO_FINANCE_VIA_YFINANCE
2026-03-20,DIXON,DIXON.NS,10342,10342,520115,YAHOO_FINANCE_VIA_YFINANCE
2026-03-20,DRREDDY,DRREDDY.NS,1290.714722,1298.900024,3359706,YAHOO_FINANCE_VIA_YFINANCE
2026-03-20,ESCORTS,ESCORTS.NS,3025.168945,3059.399902,830222,YAHOO_FINANCE_VIA_YFINANCE
2026-03-20,FEDERALBNK,FEDERALBNK.NS,266.1906128,267.1000061,14660431,YAHOO_FINANCE_VIA_YFINANCE
2026-03-20,HAL,HAL.NS,3774.750977,3782.399902,1047650,YAHOO_FINANCE_VIA_YFINANCE
2026-03-20,HDFCBANK,HDFCBANK.NS,767.7518311,780.4500122,103129469,YAHOO_FINANCE_VIA_YFINANCE
2026-03-20,HINDUNILVR,HINDUNILVR.NS,2061.729004,2082.699951,2429744,YAHOO_FINANCE_VIA_YFINANCE
2026-03-20,ICICIBANK,ICICIBANK.NS,1234.988403,1245.400024,16421006,YAHOO_FINANCE_VIA_YFINANCE
2026-03-20,IDFCFIRSTB,IDFCFIRSTB.NS,62.76561356,62.95000076,28941537,YAHOO_FINANCE_VIA_YFINANCE
2026-03-20,INDUSINDBK,INDUSINDBK.NS,817.2762451,818.5999756,7872290,YAHOO_FINANCE_VIA_YFINANCE
2026-03-20,INFY,INFY.NS,1229.298706,1255.900024,27299975,YAHOO_FINANCE_VIA_YFINANCE
2026-03-20,KAYNES,KAYNES.NS,3620.600098,3620.600098,1141147,YAHOO_FINANCE_VIA_YFINANCE
2026-03-20,KEI,KEI.NS,4188,4188,241373,YAHOO_FINANCE_VIA_YFINANCE
2026-03-20,KOTAKBANK,KOTAKBANK.NS,366.1179199,366.75,17077194,YAHOO_FINANCE_VIA_YFINANCE
2026-03-20,KPITTECH,KPITTECH.NS,655.4157715,660.9500122,1948255,YAHOO_FINANCE_VIA_YFINANCE
2026-03-20,LALPATHLAB,LALPATHLAB.NS,1301.581299,1308.199951,435450,YAHOO_FINANCE_VIA_YFINANCE
2026-03-20,LT,LT.NS,3401.575684,3434.800049,4743217,YAHOO_FINANCE_VIA_YFINANCE
2026-03-20,M&M,M&M.NS,3034.236084,3066.100098,4471960,YAHOO_FINANCE_VIA_YFINANCE
2026-03-20,MARUTI,MARUTI.NS,12475.70605,12601,725481,YAHOO_FINANCE_VIA_YFINANCE
2026-03-20,MAXHEALTH,MAXHEALTH.NS,963.0884399,964.7999878,3883207,YAHOO_FINANCE_VIA_YFINANCE
2026-03-20,NIFTY,^NSEI,23114.5,23114.5,663300,YAHOO_FINANCE_VIA_YFINANCE
2026-03-20,PERSISTENT,PERSISTENT.NS,4700.375,4716.700195,654131,YAHOO_FINANCE_VIA_YFINANCE
2026-03-20,PIIND,PIIND.NS,2899.094238,2909.5,519308,YAHOO_FINANCE_VIA_YFINANCE
2026-03-20,POLYCAB,POLYCAB.NS,7137.135742,7171,450944,YAHOO_FINANCE_VIA_YFINANCE
2026-03-20,RELIANCE,RELIANCE.NS,1407.890503,1414.400024,22994918,YAHOO_FINANCE_VIA_YFINANCE
2026-03-20,SBIN,SBIN.NS,1039.26709,1058,17748625,YAHOO_FINANCE_VIA_YFINANCE
2026-03-20,SIEMENS,SIEMENS.NS,3114.296387,3129.600098,336513,YAHOO_FINANCE_VIA_YFINANCE
2026-03-20,SUNPHARMA,SUNPHARMA.NS,1772.454712,1777.099976,3591446,YAHOO_FINANCE_VIA_YFINANCE
2026-03-20,SUPREMEIND,SUPREMEIND.NS,3807.476074,3834.399902,190267,YAHOO_FINANCE_VIA_YFINANCE
2026-03-20,TATAMOTORS,TMPV.NS,311.5158997,314.1000061,13905760,YAHOO_FINANCE_VIA_YFINANCE
2026-03-20,TCS,TCS.NS,2345.757812,2390.600098,4206320,YAHOO_FINANCE_VIA_YFINANCE
2026-03-20,TITAN,TITAN.NS,4093.169189,4106.600098,1019586,YAHOO_FINANCE_VIA_YFINANCE
2026-03-20,TRENT,TRENT.NS,2369.565186,2373.06665,1255825,YAHOO_FINANCE_VIA_YFINANCE
2026-03-20,ULTRACEMCO,ULTRACEMCO.NS,10715.28418,10934,365914,YAHOO_FINANCE_VIA_YFINANCE
2026-03-20,VOLTAS,VOLTAS.NS,1320.352173,1324.5,681533,YAHOO_FINANCE_VIA_YFINANCE
2026-03-23,ABB,ABB.NS,5946.882324,6041.5,274731,YAHOO_FINANCE_VIA_YFINANCE
2026-03-23,APLAPOLLO,APLAPOLLO.NS,1893.900024,1893.900024,512633,YAHOO_FINANCE_VIA_YFINANCE
2026-03-23,APOLLOHOSP,APOLLOHOSP.NS,7136.691895,7145,464969,YAHOO_FINANCE_VIA_YFINANCE
2026-03-23,ASIANPAINT,ASIANPAINT.NS,2103.053955,2121.300049,978398,YAHOO_FINANCE_VIA_YFINANCE
2026-03-23,ASTRAL,ASTRAL.NS,1553.856079,1556.300049,524399,YAHOO_FINANCE_VIA_YFINANCE
2026-03-23,AXISBANK,AXISBANK.NS,1169.697876,1170.599976,6697446,YAHOO_FINANCE_VIA_YFINANCE
2026-03-23,BAJFINANCE,BAJFINANCE.NS,807.6352539,812.5999756,15835828,YAHOO_FINANCE_VIA_YFINANCE
2026-03-23,BALKRISIND,BALKRISIND.NS,2033.126953,2040.199951,106792,YAHOO_FINANCE_VIA_YFINANCE
2026-03-23,BANKBARODA,BANKBARODA.NS,257.5691833,265.8999939,9657083,YAHOO_FINANCE_VIA_YFINANCE
2026-03-23,BANKNIFTY,^NSEBANK,51437.75,51437.75,397300,YAHOO_FINANCE_VIA_YFINANCE
2026-03-23,BEL,BEL.NS,404.9502563,405.5,18894757,YAHOO_FINANCE_VIA_YFINANCE
2026-03-23,BHARTIARTL,BHARTIARTL.NS,1773.579102,1795.900024,6874051,YAHOO_FINANCE_VIA_YFINANCE
2026-03-23,CIPLA,CIPLA.NS,1210.444214,1221.800049,1295463,YAHOO_FINANCE_VIA_YFINANCE
2026-03-23,COFORGE,COFORGE.NS,1095.328613,1100.400024,3639224,YAHOO_FINANCE_VIA_YFINANCE
2026-03-23,CROMPTON,CROMPTON.NS,230.4287567,233.1999969,2243916,YAHOO_FINANCE_VIA_YFINANCE
2026-03-23,CUMMINSIND,CUMMINSIND.NS,4480.834961,4518,972428,YAHOO_FINANCE_VIA_YFINANCE
2026-03-23,DEEPAKNTR,DEEPAKNTR.NS,1311.509888,1317.5,195886,YAHOO_FINANCE_VIA_YFINANCE
2026-03-23,DIXON,DIXON.NS,9894,9894,685766,YAHOO_FINANCE_VIA_YFINANCE
2026-03-23,DRREDDY,DRREDDY.NS,1245.4021,1253.300049,2112613,YAHOO_FINANCE_VIA_YFINANCE
2026-03-23,ESCORTS,ESCORTS.NS,2839.470459,2871.600098,172724,YAHOO_FINANCE_VIA_YFINANCE
2026-03-23,FEDERALBNK,FEDERALBNK.NS,253.4840088,254.3500061,13966492,YAHOO_FINANCE_VIA_YFINANCE
2026-03-23,HAL,HAL.NS,3627.25,3634.600098,1797092,YAHOO_FINANCE_VIA_YFINANCE
2026-03-23,HDFCBANK,HDFCBANK.NS,732.0424805,744.1500244,72341738,YAHOO_FINANCE_VIA_YFINANCE
2026-03-23,HINDUNILVR,HINDUNILVR.NS,2031.536133,2052.199951,2599535,YAHOO_FINANCE_VIA_YFINANCE
2026-03-23,ICICIBANK,ICICIBANK.NS,1212.478149,1222.699951,17049534,YAHOO_FINANCE_VIA_YFINANCE
2026-03-23,IDFCFIRSTB,IDFCFIRSTB.NS,60.06355286,60.24000168,40208242,YAHOO_FINANCE_VIA_YFINANCE
2026-03-23,INDUSINDBK,INDUSINDBK.NS,777.0913086,778.3499756,7448050,YAHOO_FINANCE_VIA_YFINANCE
2026-03-23,INFY,INFY.NS,1230.179688,1256.800049,12420293,YAHOO_FINANCE_VIA_YFINANCE
2026-03-23,KAYNES,KAYNES.NS,3409.699951,3409.699951,1495670,YAHOO_FINANCE_VIA_YFINANCE
2026-03-23,KEI,KEI.NS,3990.5,3990.5,370258,YAHOO_FINANCE_VIA_YFINANCE
2026-03-23,KOTAKBANK,KOTAKBANK.NS,355.9354858,356.5499878,16980244,YAHOO_FINANCE_VIA_YFINANCE
2026-03-23,KPITTECH,KPITTECH.NS,653.779541,659.2999878,2233577,YAHOO_FINANCE_VIA_YFINANCE
2026-03-23,LALPATHLAB,LALPATHLAB.NS,1300.984375,1307.599976,367170,YAHOO_FINANCE_VIA_YFINANCE
2026-03-23,LT,LT.NS,3310.069336,3342.399902,5645839,YAHOO_FINANCE_VIA_YFINANCE
2026-03-23,M&M,M&M.NS,2925.082275,2955.800049,3978740,YAHOO_FINANCE_VIA_YFINANCE
2026-03-23,MARUTI,MARUTI.NS,12232.15234,12355,517985,YAHOO_FINANCE_VIA_YFINANCE
2026-03-23,MAXHEALTH,MAXHEALTH.NS,955.2024536,956.9000244,3063874,YAHOO_FINANCE_VIA_YFINANCE
2026-03-23,NIFTY,^NSEI,22512.65039,22512.65039,550300,YAHOO_FINANCE_VIA_YFINANCE
2026-03-23,PERSISTENT,PERSISTENT.NS,4708.147461,4724.5,1065192,YAHOO_FINANCE_VIA_YFINANCE
2026-03-23,PIIND,PIIND.NS,2752.719727,2762.600098,163588,YAHOO_FINANCE_VIA_YFINANCE
2026-03-23,POLYCAB,POLYCAB.NS,6762.911133,6795,652615,YAHOO_FINANCE_VIA_YFINANCE
2026-03-23,RELIANCE,RELIANCE.NS,1401.320923,1407.800049,18979554,YAHOO_FINANCE_VIA_YFINANCE
2026-03-23,SBIN,SBIN.NS,1013.629272,1031.900024,16039603,YAHOO_FINANCE_VIA_YFINANCE
2026-03-23,SIEMENS,SIEMENS.NS,2973.687256,2988.300049,524215,YAHOO_FINANCE_VIA_YFINANCE
2026-03-23,SUNPHARMA,SUNPHARMA.NS,1753.803589,1758.400024,2783613,YAHOO_FINANCE_VIA_YFINANCE
2026-03-23,SUPREMEIND,SUPREMEIND.NS,3678.488281,3704.5,210951,YAHOO_FINANCE_VIA_YFINANCE
2026-03-23,TATAMOTORS,TMPV.NS,302.738678,305.25,10816349,YAHOO_FINANCE_VIA_YFINANCE
2026-03-23,TCS,TCS.NS,2339.085205,2383.800049,3860515,YAHOO_FINANCE_VIA_YFINANCE
2026-03-23,TITAN,TITAN.NS,3840.498291,3853.100098,1533645,YAHOO_FINANCE_VIA_YFINANCE
2026-03-23,TRENT,TRENT.NS,2234.498047,2237.800049,1439566,YAHOO_FINANCE_VIA_YFINANCE
2026-03-23,ULTRACEMCO,ULTRACEMCO.NS,10154.72559,10362,644386,YAHOO_FINANCE_VIA_YFINANCE
2026-03-23,VOLTAS,VOLTAS.NS,1247.281616,1251.199951,1982017,YAHOO_FINANCE_VIA_YFINANCE
2026-03-24,ABB,ABB.NS,6065.495117,6162,280421,YAHOO_FINANCE_VIA_YFINANCE
2026-03-24,APLAPOLLO,APLAPOLLO.NS,1974.400024,1974.400024,563124,YAHOO_FINANCE_VIA_YFINANCE
2026-03-24,APOLLOHOSP,APOLLOHOSP.NS,7404.380371,7413,653790,YAHOO_FINANCE_VIA_YFINANCE
2026-03-24,ASIANPAINT,ASIANPAINT.NS,2198.228271,2217.300049,1561016,YAHOO_FINANCE_VIA_YFINANCE
2026-03-24,ASTRAL,ASTRAL.NS,1591.89624,1594.400024,373533,YAHOO_FINANCE_VIA_YFINANCE
2026-03-24,AXISBANK,AXISBANK.NS,1191.780762,1192.699951,8274701,YAHOO_FINANCE_VIA_YFINANCE
2026-03-24,BAJFINANCE,BAJFINANCE.NS,843.8129272,849,18828248,YAHOO_FINANCE_VIA_YFINANCE
2026-03-24,BALKRISIND,BALKRISIND.NS,2050.466797,2057.600098,211705,YAHOO_FINANCE_VIA_YFINANCE
2026-03-24,BANKBARODA,BANKBARODA.NS,262.0250549,270.5,9976659,YAHOO_FINANCE_VIA_YFINANCE
2026-03-24,BANKNIFTY,^NSEBANK,52605.64844,52605.64844,340600,YAHOO_FINANCE_VIA_YFINANCE
2026-03-24,BEL,BEL.NS,413.8881531,414.4500122,14642804,YAHOO_FINANCE_VIA_YFINANCE
2026-03-24,BHARTIARTL,BHARTIARTL.NS,1779.702026,1802.099976,7535860,YAHOO_FINANCE_VIA_YFINANCE
2026-03-24,CIPLA,CIPLA.NS,1208.066528,1219.400024,853054,YAHOO_FINANCE_VIA_YFINANCE
2026-03-24,COFORGE,COFORGE.NS,1104.983887,1110.099976,3020611,YAHOO_FINANCE_VIA_YFINANCE
2026-03-24,CROMPTON,CROMPTON.NS,234.727066,237.5500031,2417807,YAHOO_FINANCE_VIA_YFINANCE
2026-03-24,CUMMINSIND,CUMMINSIND.NS,4581.599121,4619.600098,911230,YAHOO_FINANCE_VIA_YFINANCE
2026-03-24,DEEPAKNTR,DEEPAKNTR.NS,1315.491699,1321.5,319164,YAHOO_FINANCE_VIA_YFINANCE
2026-03-24,DIXON,DIXON.NS,10174,10174,632179,YAHOO_FINANCE_VIA_YFINANCE
2026-03-24,DRREDDY,DRREDDY.NS,1251.662354,1259.599976,3166135,YAHOO_FINANCE_VIA_YFINANCE
2026-03-24,ESCORTS,ESCORTS.NS,2867.35498,2899.800049,207114,YAHOO_FINANCE_VIA_YFINANCE
2026-03-24,FEDERALBNK,FEDERALBNK.NS,261.6062622,262.5,6880170,YAHOO_FINANCE_VIA_YFINANCE
2026-03-24,HAL,HAL.NS,3646.610596,3654,1309461,YAHOO_FINANCE_VIA_YFINANCE
2026-03-24,HDFCBANK,HDFCBANK.NS,752.454834,764.9000244,61269986,YAHOO_FINANCE_VIA_YFINANCE
2026-03-24,HINDUNILVR,HINDUNILVR.NS,2064.005859,2085,1702418,YAHOO_FINANCE_VIA_YFINANCE
2026-03-24,ICICIBANK,ICICIBANK.NS,1240.739868,1251.199951,20617782,YAHOO_FINANCE_VIA_YFINANCE
2026-03-24,IDFCFIRSTB,IDFCFIRSTB.NS,61.90813446,62.09000015,24090882,YAHOO_FINANCE_VIA_YFINANCE
2026-03-24,INDUSINDBK,INDUSINDBK.NS,795.9608154,797.25,6347812,YAHOO_FINANCE_VIA_YFINANCE
2026-03-24,INFY,INFY.NS,1251.224365,1278.300049,13613495,YAHOO_FINANCE_VIA_YFINANCE
2026-03-24,KAYNES,KAYNES.NS,3514.300049,3514.300049,1278693,YAHOO_FINANCE_VIA_YFINANCE
2026-03-24,KEI,KEI.NS,4126,4126,356052,YAHOO_FINANCE_VIA_YFINANCE
2026-03-24,KOTAKBANK,KOTAKBANK.NS,366.2177429,366.8500061,19990983,YAHOO_FINANCE_VIA_YFINANCE
2026-03-24,KPITTECH,KPITTECH.NS,659.4318237,665,1567450,YAHOO_FINANCE_VIA_YFINANCE
2026-03-24,LALPATHLAB,LALPATHLAB.NS,1304.267822,1310.900024,366295,YAHOO_FINANCE_VIA_YFINANCE
2026-03-24,LT,LT.NS,3482.782471,3516.800049,6037848,YAHOO_FINANCE_VIA_YFINANCE
2026-03-24,M&M,M&M.NS,2999.797607,3031.300049,3944279,YAHOO_FINANCE_VIA_YFINANCE
2026-03-24,MARUTI,MARUTI.NS,12340.06836,12464,583568,YAHOO_FINANCE_VIA_YFINANCE
2026-03-24,MAXHEALTH,MAXHEALTH.NS,967.4806519,969.2000122,2455952,YAHOO_FINANCE_VIA_YFINANCE
2026-03-24,NIFTY,^NSEI,22912.40039,22912.40039,538100,YAHOO_FINANCE_VIA_YFINANCE
2026-03-24,PERSISTENT,PERSISTENT.NS,4896.692871,4913.700195,1086416,YAHOO_FINANCE_VIA_YFINANCE
2026-03-24,PIIND,PIIND.NS,2749.132324,2759,349594,YAHOO_FINANCE_VIA_YFINANCE
2026-03-24,POLYCAB,POLYCAB.NS,7031.138672,7064.5,902790,YAHOO_FINANCE_VIA_YFINANCE
2026-03-24,RELIANCE,RELIANCE.NS,1405.30249,1411.800049,18620893,YAHOO_FINANCE_VIA_YFINANCE
2026-03-24,SBIN,SBIN.NS,1012.548767,1030.800049,30416734,YAHOO_FINANCE_VIA_YFINANCE
2026-03-24,SIEMENS,SIEMENS.NS,2987.121338,3001.800049,563273,YAHOO_FINANCE_VIA_YFINANCE
2026-03-24,SUNPHARMA,SUNPHARMA.NS,1748.717041,1753.300049,2040152,YAHOO_FINANCE_VIA_YFINANCE
2026-03-24,SUPREMEIND,SUPREMEIND.NS,3728.037842,3754.399902,212380,YAHOO_FINANCE_VIA_YFINANCE
2026-03-24,TATAMOTORS,TMPV.NS,308.63974,311.2000122,8524890,YAHOO_FINANCE_VIA_YFINANCE
2026-03-24,TCS,TCS.NS,2353.803955,2398.800049,3420182,YAHOO_FINANCE_VIA_YFINANCE
2026-03-24,TITAN,TITAN.NS,3886.746338,3899.5,1300547,YAHOO_FINANCE_VIA_YFINANCE
2026-03-24,TRENT,TRENT.NS,2240.422852,2243.733398,1347820,YAHOO_FINANCE_VIA_YFINANCE
2026-03-24,ULTRACEMCO,ULTRACEMCO.NS,10548.68457,10764,369647,YAHOO_FINANCE_VIA_YFINANCE
2026-03-24,VOLTAS,VOLTAS.NS,1298.022339,1302.099976,1335206,YAHOO_FINANCE_VIA_YFINANCE
2026-03-25,ABB,ABB.NS,6115.204102,6212.5,231844,YAHOO_FINANCE_VIA_YFINANCE
2026-03-25,APLAPOLLO,APLAPOLLO.NS,1998.599976,1998.599976,401241,YAHOO_FINANCE_VIA_YFINANCE
2026-03-25,APOLLOHOSP,APOLLOHOSP.NS,7571.685547,7580.5,450043,YAHOO_FINANCE_VIA_YFINANCE
2026-03-25,ASIANPAINT,ASIANPAINT.NS,2250.673096,2270.199951,1270855,YAHOO_FINANCE_VIA_YFINANCE
2026-03-25,ASTRAL,ASTRAL.NS,1644.014282,1646.599976,702340,YAHOO_FINANCE_VIA_YFINANCE
2026-03-25,AXISBANK,AXISBANK.NS,1221.158203,1222.099976,9645791,YAHOO_FINANCE_VIA_YFINANCE
2026-03-25,BAJFINANCE,BAJFINANCE.NS,877.3566895,882.75,15995501,YAHOO_FINANCE_VIA_YFINANCE
2026-03-25,BALKRISIND,BALKRISIND.NS,2200.145996,2207.800049,187325,YAHOO_FINANCE_VIA_YFINANCE
2026-03-25,BANKBARODA,BANKBARODA.NS,264.1561584,272.7000122,13583867,YAHOO_FINANCE_VIA_YFINANCE
2026-03-25,BANKNIFTY,^NSEBANK,53708.10156,53708.10156,348600,YAHOO_FINANCE_VIA_YFINANCE
2026-03-25,BEL,BEL.NS,412.8894958,413.4500122,15134997,YAHOO_FINANCE_VIA_YFINANCE
2026-03-25,BHARTIARTL,BHARTIARTL.NS,1812.09436,1834.900024,12473682,YAHOO_FINANCE_VIA_YFINANCE
2026-03-25,CIPLA,CIPLA.NS,1232.834106,1244.400024,1466775,YAHOO_FINANCE_VIA_YFINANCE
2026-03-25,COFORGE,COFORGE.NS,1157.739624,1163.099976,4460380,YAHOO_FINANCE_VIA_YFINANCE
2026-03-25,CROMPTON,CROMPTON.NS,239.6676483,242.5500031,1968484,YAHOO_FINANCE_VIA_YFINANCE
2026-03-25,CUMMINSIND,CUMMINSIND.NS,4699.620117,4738.600098,664695,YAHOO_FINANCE_VIA_YFINANCE
2026-03-25,DEEPAKNTR,DEEPAKNTR.NS,1363.273438,1369.5,376366,YAHOO_FINANCE_VIA_YFINANCE
2026-03-25,DIXON,DIXON.NS,10415,10415,576794,YAHOO_FINANCE_VIA_YFINANCE
2026-03-25,DRREDDY,DRREDDY.NS,1292.503296,1300.699951,1577150,YAHOO_FINANCE_VIA_YFINANCE
2026-03-25,ESCORTS,ESCORTS.NS,2934.198486,2967.399902,226246,YAHOO_FINANCE_VIA_YFINANCE
2026-03-25,FEDERALBNK,FEDERALBNK.NS,270.0274963,270.9500122,9709681,YAHOO_FINANCE_VIA_YFINANCE
2026-03-25,HAL,HAL.NS,3661.979492,3669.399902,1052741,YAHOO_FINANCE_VIA_YFINANCE
2026-03-25,HDFCBANK,HDFCBANK.NS,769.5717163,782.2999878,59230640,YAHOO_FINANCE_VIA_YFINANCE
2026-03-25,HINDUNILVR,HINDUNILVR.NS,2113.304443,2134.800049,2069217,YAHOO_FINANCE_VIA_YFINANCE
2026-03-25,ICICIBANK,ICICIBANK.NS,1249.168823,1259.699951,17290030,YAHOO_FINANCE_VIA_YFINANCE
2026-03-25,IDFCFIRSTB,IDFCFIRSTB.NS,63.05476761,63.24000168,26510428,YAHOO_FINANCE_VIA_YFINANCE
2026-03-25,INDUSINDBK,INDUSINDBK.NS,817.0765991,818.4000244,3095936,YAHOO_FINANCE_VIA_YFINANCE
2026-03-25,INFY,INFY.NS,1252.007324,1279.099976,10824030,YAHOO_FINANCE_VIA_YFINANCE
2026-03-25,KAYNES,KAYNES.NS,3717.899902,3717.899902,2875320,YAHOO_FINANCE_VIA_YFINANCE
2026-03-25,KEI,KEI.NS,4196,4196,681413,YAHOO_FINANCE_VIA_YFINANCE
2026-03-25,KOTAKBANK,KOTAKBANK.NS,370.4604187,371.1000061,42442702,YAHOO_FINANCE_VIA_YFINANCE
2026-03-25,KPITTECH,KPITTECH.NS,667.9597778,673.5999756,1220977,YAHOO_FINANCE_VIA_YFINANCE
2026-03-25,LALPATHLAB,LALPATHLAB.NS,1339.787109,1346.599976,282604,YAHOO_FINANCE_VIA_YFINANCE
2026-03-25,LT,LT.NS,3614.000732,3649.300049,5090205,YAHOO_FINANCE_VIA_YFINANCE
2026-03-25,M&M,M&M.NS,3095.591797,3128.100098,3328790,YAHOO_FINANCE_VIA_YFINANCE
2026-03-25,MARUTI,MARUTI.NS,12584.6123,12711,540649,YAHOO_FINANCE_VIA_YFINANCE
2026-03-25,MAXHEALTH,MAXHEALTH.NS,986.4469604,988.2000122,2719592,YAHOO_FINANCE_VIA_YFINANCE
2026-03-25,NIFTY,^NSEI,23306.44922,23306.44922,505400,YAHOO_FINANCE_VIA_YFINANCE
2026-03-25,PERSISTENT,PERSISTENT.NS,4911.740234,4928.799805,783039,YAHOO_FINANCE_VIA_YFINANCE
2026-03-25,PIIND,PIIND.NS,2895.008789,2905.399902,224146,YAHOO_FINANCE_VIA_YFINANCE
2026-03-25,POLYCAB,POLYCAB.NS,7111.258301,7145,491517,YAHOO_FINANCE_VIA_YFINANCE
2026-03-25,RELIANCE,RELIANCE.NS,1406.596436,1413.099976,19041331,YAHOO_FINANCE_VIA_YFINANCE
2026-03-25,SBIN,SBIN.NS,1041.821045,1060.599976,16205333,YAHOO_FINANCE_VIA_YFINANCE
2026-03-25,SIEMENS,SIEMENS.NS,3086.134766,3101.300049,366090,YAHOO_FINANCE_VIA_YFINANCE
2026-03-25,SUNPHARMA,SUNPHARMA.NS,1790.706909,1795.400024,1900794,YAHOO_FINANCE_VIA_YFINANCE
2026-03-25,SUPREMEIND,SUPREMEIND.NS,3805.093018,3832,393484,YAHOO_FINANCE_VIA_YFINANCE
2026-03-25,TATAMOTORS,TMPV.NS,315.3342285,317.9500122,7857557,YAHOO_FINANCE_VIA_YFINANCE
2026-03-25,TCS,TCS.NS,2332.805176,2377.399902,5843778,YAHOO_FINANCE_VIA_YFINANCE
2026-03-25,TITAN,TITAN.NS,4026.089355,4039.300049,1306823,YAHOO_FINANCE_VIA_YFINANCE
2026-03-25,TRENT,TRENT.NS,2315.844482,2319.266602,1629700,YAHOO_FINANCE_VIA_YFINANCE
2026-03-25,ULTRACEMCO,ULTRACEMCO.NS,10979.88281,11204,456437,YAHOO_FINANCE_VIA_YFINANCE
2026-03-25,VOLTAS,VOLTAS.NS,1364.513428,1368.800049,1350940,YAHOO_FINANCE_VIA_YFINANCE
2026-03-27,ABB,ABB.NS,6009.387695,6105,425645,YAHOO_FINANCE_VIA_YFINANCE
2026-03-27,APLAPOLLO,APLAPOLLO.NS,1986.199951,1986.199951,788888,YAHOO_FINANCE_VIA_YFINANCE
2026-03-27,APOLLOHOSP,APOLLOHOSP.NS,7540.222168,7549,533512,YAHOO_FINANCE_VIA_YFINANCE
2026-03-27,ASIANPAINT,ASIANPAINT.NS,2188.41333,2207.399902,1089010,YAHOO_FINANCE_VIA_YFINANCE
2026-03-27,ASTRAL,ASTRAL.NS,1616.557373,1619.099976,790705,YAHOO_FINANCE_VIA_YFINANCE
2026-03-27,AXISBANK,AXISBANK.NS,1204.27124,1205.199951,9479301,YAHOO_FINANCE_VIA_YFINANCE
2026-03-27,BAJFINANCE,BAJFINANCE.NS,838.6446533,843.7999878,11282824,YAHOO_FINANCE_VIA_YFINANCE
2026-03-27,BALKRISIND,BALKRISIND.NS,2143.044678,2150.5,132801,YAHOO_FINANCE_VIA_YFINANCE
2026-03-27,BANKBARODA,BANKBARODA.NS,252.1446228,260.2999878,19957366,YAHOO_FINANCE_VIA_YFINANCE
2026-03-27,BANKNIFTY,^NSEBANK,52274.60156,52274.60156,653000,YAHOO_FINANCE_VIA_YFINANCE
2026-03-27,BEL,BEL.NS,404.2012634,404.75,21818224,YAHOO_FINANCE_VIA_YFINANCE
2026-03-27,BHARTIARTL,BHARTIARTL.NS,1820.982544,1843.900024,24490425,YAHOO_FINANCE_VIA_YFINANCE
2026-03-27,CIPLA,CIPLA.NS,1230.753662,1242.300049,2220695,YAHOO_FINANCE_VIA_YFINANCE
2026-03-27,COFORGE,COFORGE.NS,1139.424438,1144.699951,3106962,YAHOO_FINANCE_VIA_YFINANCE
2026-03-27,CROMPTON,CROMPTON.NS,229.5394592,232.3000031,2344761,YAHOO_FINANCE_VIA_YFINANCE
2026-03-27,CUMMINSIND,CUMMINSIND.NS,4593.400879,4631.5,4040019,YAHOO_FINANCE_VIA_YFINANCE
2026-03-27,DEEPAKNTR,DEEPAKNTR.NS,1339.681274,1345.800049,809673,YAHOO_FINANCE_VIA_YFINANCE
2026-03-27,DIXON,DIXON.NS,10019,10019,572310,YAHOO_FINANCE_VIA_YFINANCE
2026-03-27,DRREDDY,DRREDDY.NS,1273.623047,1281.699951,2165113,YAHOO_FINANCE_VIA_YFINANCE
2026-03-27,ESCORTS,ESCORTS.NS,2810.596924,2842.399902,159705,YAHOO_FINANCE_VIA_YFINANCE
2026-03-27,FEDERALBNK,FEDERALBNK.NS,268.3830872,269.2999878,16383055,YAHOO_FINANCE_VIA_YFINANCE
2026-03-27,HAL,HAL.NS,3581.343018,3588.600098,2286154,YAHOO_FINANCE_VIA_YFINANCE
2026-03-27,HDFCBANK,HDFCBANK.NS,743.8963623,756.2000122,65485199,YAHOO_FINANCE_VIA_YFINANCE
2026-03-27,HINDUNILVR,HINDUNILVR.NS,2053.512451,2074.399902,2789151,YAHOO_FINANCE_VIA_YFINANCE
2026-03-27,ICICIBANK,ICICIBANK.NS,1223.485474,1233.800049,23630905,YAHOO_FINANCE_VIA_YFINANCE
2026-03-27,IDFCFIRSTB,IDFCFIRSTB.NS,61.68877792,61.86999893,57163040,YAHOO_FINANCE_VIA_YFINANCE
2026-03-27,INDUSINDBK,INDUSINDBK.NS,791.2683716,792.5499878,6211886,YAHOO_FINANCE_VIA_YFINANCE
2026-03-27,INFY,INFY.NS,1242.806396,1269.699951,13092541,YAHOO_FINANCE_VIA_YFINANCE
2026-03-27,KAYNES,KAYNES.NS,3612.600098,3612.600098,1640885,YAHOO_FINANCE_VIA_YFINANCE
2026-03-27,KEI,KEI.NS,4124,4124,598658,YAHOO_FINANCE_VIA_YFINANCE
2026-03-27,KOTAKBANK,KOTAKBANK.NS,365.5189514,366.1499939,28928069,YAHOO_FINANCE_VIA_YFINANCE
2026-03-27,KPITTECH,KPITTECH.NS,654.5232544,660.0499878,1598377,YAHOO_FINANCE_VIA_YFINANCE
2026-03-27,LALPATHLAB,LALPATHLAB.NS,1318.694458,1325.400024,257866,YAHOO_FINANCE_VIA_YFINANCE
2026-03-27,LT,LT.NS,3529.625,3564.100098,3991388,YAHOO_FINANCE_VIA_YFINANCE
2026-03-27,M&M,M&M.NS,3009.693848,3041.300049,3155168,YAHOO_FINANCE_VIA_YFINANCE
2026-03-27,MARUTI,MARUTI.NS,12265.81348,12389,775339,YAHOO_FINANCE_VIA_YFINANCE
2026-03-27,MAXHEALTH,MAXHEALTH.NS,973.3701172,975.0999756,2557821,YAHOO_FINANCE_VIA_YFINANCE
2026-03-27,NIFTY,^NSEI,22819.59961,22819.59961,612600,YAHOO_FINANCE_VIA_YFINANCE
2026-03-27,PERSISTENT,PERSISTENT.NS,4882.84082,4899.799805,872749,YAHOO_FINANCE_VIA_YFINANCE
2026-03-27,PIIND,PIIND.NS,2800.74707,2810.800049,390243,YAHOO_FINANCE_VIA_YFINANCE
2026-03-27,POLYCAB,POLYCAB.NS,7033.626465,7067,580456,YAHOO_FINANCE_VIA_YFINANCE
2026-03-27,RELIANCE,RELIANCE.NS,1341.89563,1348.099976,23266517,YAHOO_FINANCE_VIA_YFINANCE
2026-03-27,SBIN,SBIN.NS,1001.448792,1019.5,20445349,YAHOO_FINANCE_VIA_YFINANCE
2026-03-27,SIEMENS,SIEMENS.NS,3033.990967,3048.899902,499098,YAHOO_FINANCE_VIA_YFINANCE
2026-03-27,SUNPHARMA,SUNPHARMA.NS,1788.911621,1793.599976,2975423,YAHOO_FINANCE_VIA_YFINANCE
2026-03-27,SUPREMEIND,SUPREMEIND.NS,3721.384766,3747.699951,347157,YAHOO_FINANCE_VIA_YFINANCE
2026-03-27,TATAMOTORS,TMPV.NS,300.7055664,303.2000122,19009638,YAHOO_FINANCE_VIA_YFINANCE
2026-03-27,TCS,TCS.NS,2344.972656,2389.800049,4979411,YAHOO_FINANCE_VIA_YFINANCE
2026-03-27,TITAN,TITAN.NS,3968.478271,3981.5,1040658,YAHOO_FINANCE_VIA_YFINANCE
2026-03-27,TRENT,TRENT.NS,2263.055908,2266.399902,1932445,YAHOO_FINANCE_VIA_YFINANCE
2026-03-27,ULTRACEMCO,ULTRACEMCO.NS,10827.9834,11049,418469,YAHOO_FINANCE_VIA_YFINANCE
2026-03-27,VOLTAS,VOLTAS.NS,1318.45813,1322.599976,1254069,YAHOO_FINANCE_VIA_YFINANCE
2026-03-30,ABB,ABB.NS,5848.448242,5941.5,342351,YAHOO_FINANCE_VIA_YFINANCE
2026-03-30,APLAPOLLO,APLAPOLLO.NS,1937,1937,805266,YAHOO_FINANCE_VIA_YFINANCE
2026-03-30,APOLLOHOSP,APOLLOHOSP.NS,7410.373535,7419,764508,YAHOO_FINANCE_VIA_YFINANCE
2026-03-30,ASIANPAINT,ASIANPAINT.NS,2146.576172,2165.199951,1513565,YAHOO_FINANCE_VIA_YFINANCE
2026-03-30,ASTRAL,ASTRAL.NS,1596.489014,1599,742218,YAHOO_FINANCE_VIA_YFINANCE
2026-03-30,AXISBANK,AXISBANK.NS,1160.405151,1161.300049,18534887,YAHOO_FINANCE_VIA_YFINANCE
2026-03-30,BAJFINANCE,BAJFINANCE.NS,796.652771,801.5499878,20377282,YAHOO_FINANCE_VIA_YFINANCE
2026-03-30,BALKRISIND,BALKRISIND.NS,2075.778564,2083,336244,YAHOO_FINANCE_VIA_YFINANCE
2026-03-30,BANKBARODA,BANKBARODA.NS,239.8425446,247.6000061,15950618,YAHOO_FINANCE_VIA_YFINANCE
2026-03-30,BANKNIFTY,^NSEBANK,50275.35156,50275.35156,564900,YAHOO_FINANCE_VIA_YFINANCE
2026-03-30,BEL,BEL.NS,400.106842,400.6499939,22694742,YAHOO_FINANCE_VIA_YFINANCE
2026-03-30,BHARTIARTL,BHARTIARTL.NS,1760.246948,1782.400024,14240129,YAHOO_FINANCE_VIA_YFINANCE
2026-03-30,CIPLA,CIPLA.NS,1212.821777,1224.199951,2089130,YAHOO_FINANCE_VIA_YFINANCE
2026-03-30,COFORGE,COFORGE.NS,1109.562744,1114.699951,1568667,YAHOO_FINANCE_VIA_YFINANCE
2026-03-30,CROMPTON,CROMPTON.NS,220.9428406,223.6000061,4419666,YAHOO_FINANCE_VIA_YFINANCE
2026-03-30,CUMMINSIND,CUMMINSIND.NS,4463.082031,4500.100098,1251680,YAHOO_FINANCE_VIA_YFINANCE
2026-03-30,DEEPAKNTR,DEEPAKNTR.NS,1280.949463,1286.800049,290832,YAHOO_FINANCE_VIA_YFINANCE
2026-03-30,DIXON,DIXON.NS,9673,9673,689714,YAHOO_FINANCE_VIA_YFINANCE
2026-03-30,DRREDDY,DRREDDY.NS,1246.992065,1254.900024,1991442,YAHOO_FINANCE_VIA_YFINANCE
2026-03-30,ESCORTS,ESCORTS.NS,2709.639648,2740.300049,173127,YAHOO_FINANCE_VIA_YFINANCE
2026-03-30,FEDERALBNK,FEDERALBNK.NS,258.5168152,259.3999939,10978564,YAHOO_FINANCE_VIA_YFINANCE
2026-03-30,HAL,HAL.NS,3480.147949,3487.199951,2197252,YAHOO_FINANCE_VIA_YFINANCE
2026-03-30,HDFCBANK,HDFCBANK.NS,719.6473999,731.5499878,103500135,YAHOO_FINANCE_VIA_YFINANCE
2026-03-30,HINDUNILVR,HINDUNILVR.NS,2034.505859,2055.199951,2482193,YAHOO_FINANCE_VIA_YFINANCE
2026-03-30,ICICIBANK,ICICIBANK.NS,1195.818726,1205.900024,23952775,YAHOO_FINANCE_VIA_YFINANCE
2026-03-30,IDFCFIRSTB,IDFCFIRSTB.NS,58.67761993,58.84999847,57394663,YAHOO_FINANCE_VIA_YFINANCE
2026-03-30,INDUSINDBK,INDUSINDBK.NS,751.2332153,752.4500122,7093604,YAHOO_FINANCE_VIA_YFINANCE
2026-03-30,INFY,INFY.NS,1224.110962,1250.599976,14108486,YAHOO_FINANCE_VIA_YFINANCE
2026-03-30,KAYNES,KAYNES.NS,3429.600098,3429.600098,1304022,YAHOO_FINANCE_VIA_YFINANCE
2026-03-30,KEI,KEI.NS,4038,4038,740360,YAHOO_FINANCE_VIA_YFINANCE
2026-03-30,KOTAKBANK,KOTAKBANK.NS,352.7909241,353.3999939,39762775,YAHOO_FINANCE_VIA_YFINANCE
2026-03-30,KPITTECH,KPITTECH.NS,629.4351196,634.75,1656577,YAHOO_FINANCE_VIA_YFINANCE
2026-03-30,LALPATHLAB,LALPATHLAB.NS,1305.46167,1312.099976,521125,YAHOO_FINANCE_VIA_YFINANCE
2026-03-30,LT,LT.NS,3470.205322,3504.100098,3549203,YAHOO_FINANCE_VIA_YFINANCE
2026-03-30,M&M,M&M.NS,2923.993652,2954.699951,5416854,YAHOO_FINANCE_VIA_YFINANCE
2026-03-30,MARUTI,MARUTI.NS,12183.63867,12306,635675,YAHOO_FINANCE_VIA_YFINANCE
2026-03-30,MAXHEALTH,MAXHEALTH.NS,960.5928345,962.2999878,4941358,YAHOO_FINANCE_VIA_YFINANCE
2026-03-30,NIFTY,^NSEI,22331.40039,22331.40039,698600,YAHOO_FINANCE_VIA_YFINANCE
2026-03-30,PERSISTENT,PERSISTENT.NS,4860.319336,4877.200195,1293604,YAHOO_FINANCE_VIA_YFINANCE
2026-03-30,PIIND,PIIND.NS,2709.076172,2718.800049,316633,YAHOO_FINANCE_VIA_YFINANCE
2026-03-30,POLYCAB,POLYCAB.NS,6811.182129,6843.5,550269,YAHOO_FINANCE_VIA_YFINANCE
2026-03-30,RELIANCE,RELIANCE.NS,1337.714966,1343.900024,24393861,YAHOO_FINANCE_VIA_YFINANCE
2026-03-30,SBIN,SBIN.NS,962.0588379,979.4000244,21438137,YAHOO_FINANCE_VIA_YFINANCE
2026-03-30,SIEMENS,SIEMENS.NS,2920.647949,2935,480280,YAHOO_FINANCE_VIA_YFINANCE
2026-03-30,SUNPHARMA,SUNPHARMA.NS,1752.606689,1757.199951,4182503,YAHOO_FINANCE_VIA_YFINANCE
2026-03-30,SUPREMEIND,SUPREMEIND.NS,3718.803223,3745.100098,683986,YAHOO_FINANCE_VIA_YFINANCE
2026-03-30,TATAMOTORS,TMPV.NS,293.7631531,296.2000122,16410266,YAHOO_FINANCE_VIA_YFINANCE
2026-03-30,TCS,TCS.NS,2314.6521,2358.899902,6804756,YAHOO_FINANCE_VIA_YFINANCE
2026-03-30,TITAN,TITAN.NS,3938.476562,3951.399902,1488223,YAHOO_FINANCE_VIA_YFINANCE
2026-03-30,TRENT,TRENT.NS,2193.958008,2197.199951,2753815,YAHOO_FINANCE_VIA_YFINANCE
2026-03-30,ULTRACEMCO,ULTRACEMCO.NS,10530.06445,10745,632265,YAHOO_FINANCE_VIA_YFINANCE
2026-03-30,VOLTAS,VOLTAS.NS,1268.814087,1272.800049,1622222,YAHOO_FINANCE_VIA_YFINANCE
2026-04-01,ABB,ABB.NS,5968.045898,6063,339497,YAHOO_FINANCE_VIA_YFINANCE
2026-04-01,APLAPOLLO,APLAPOLLO.NS,1934.800049,1934.800049,827600,YAHOO_FINANCE_VIA_YFINANCE
2026-04-01,APOLLOHOSP,APOLLOHOSP.NS,7297.005371,7305.5,618068,YAHOO_FINANCE_VIA_YFINANCE
2026-04-01,ASIANPAINT,ASIANPAINT.NS,2206.655029,2225.800049,1209900,YAHOO_FINANCE_VIA_YFINANCE
2026-04-01,ASTRAL,ASTRAL.NS,1567.834106,1570.300049,460319,YAHOO_FINANCE_VIA_YFINANCE
2026-04-01,AXISBANK,AXISBANK.NS,1192.180542,1193.099976,6595695,YAHOO_FINANCE_VIA_YFINANCE
2026-04-01,BAJFINANCE,BAJFINANCE.NS,812.3065796,817.2999878,15094026,YAHOO_FINANCE_VIA_YFINANCE
2026-04-01,BALKRISIND,BALKRISIND.NS,2120.224121,2127.600098,128406,YAHOO_FINANCE_VIA_YFINANCE
2026-04-01,BANKBARODA,BANKBARODA.NS,244.1337433,252.0299988,11199966,YAHOO_FINANCE_VIA_YFINANCE
2026-04-01,BANKNIFTY,^NSEBANK,51448.64844,51448.64844,370100,YAHOO_FINANCE_VIA_YFINANCE
2026-04-01,BEL,BEL.NS,418.1323853,418.7000122,25301241,YAHOO_FINANCE_VIA_YFINANCE
2026-04-01,BHARTIARTL,BHARTIARTL.NS,1759.753052,1781.900024,10694662,YAHOO_FINANCE_VIA_YFINANCE
2026-04-01,CIPLA,CIPLA.NS,1184.784912,1195.900024,2180444,YAHOO_FINANCE_VIA_YFINANCE
2026-04-01,COFORGE,COFORGE.NS,1148.582031,1153.900024,1991196,YAHOO_FINANCE_VIA_YFINANCE
2026-04-01,CROMPTON,CROMPTON.NS,229.826004,232.5899963,2989782,YAHOO_FINANCE_VIA_YFINANCE
2026-04-01,CUMMINSIND,CUMMINSIND.NS,4571.185547,4609.100098,598276,YAHOO_FINANCE_VIA_YFINANCE
2026-04-01,DEEPAKNTR,DEEPAKNTR.NS,1346.052002,1352.199951,93708,YAHOO_FINANCE_VIA_YFINANCE
2026-04-01,DIXON,DIXON.NS,10254,10254,670532,YAHOO_FINANCE_VIA_YFINANCE
2026-04-01,DRREDDY,DRREDDY.NS,1201.977417,1209.599976,2240507,YAHOO_FINANCE_VIA_YFINANCE
2026-04-01,ESCORTS,ESCORTS.NS,2795.567139,2827.199951,98176,YAHOO_FINANCE_VIA_YFINANCE
2026-04-01,FEDERALBNK,FEDERALBNK.NS,266.6889038,267.6000061,8296508,YAHOO_FINANCE_VIA_YFINANCE
2026-04-01,HAL,HAL.NS,3663.376709,3670.800049,2246768,YAHOO_FINANCE_VIA_YFINANCE
2026-04-01,HDFCBANK,HDFCBANK.NS,730.1733398,742.25,78862761,YAHOO_FINANCE_VIA_YFINANCE
2026-04-01,HINDUNILVR,HINDUNILVR.NS,2043.910156,2064.699951,2028470,YAHOO_FINANCE_VIA_YFINANCE
2026-04-01,ICICIBANK,ICICIBANK.NS,1202.561768,1212.699951,25472333,YAHOO_FINANCE_VIA_YFINANCE
2026-04-01,IDFCFIRSTB,IDFCFIRSTB.NS,60.00372696,60.18000031,32422944,YAHOO_FINANCE_VIA_YFINANCE
2026-04-01,INDUSINDBK,INDUSINDBK.NS,784.3795776,785.6500244,4336917,YAHOO_FINANCE_VIA_YFINANCE
2026-04-01,INFY,INFY.NS,1248.679321,1275.699951,8137156,YAHOO_FINANCE_VIA_YFINANCE
2026-04-01,KAYNES,KAYNES.NS,3539.899902,3539.899902,2072395,YAHOO_FINANCE_VIA_YFINANCE
2026-04-01,KEI,KEI.NS,4134.799805,4134.799805,639264,YAHOO_FINANCE_VIA_YFINANCE
2026-04-01,KOTAKBANK,KOTAKBANK.NS,355.4363403,356.0499878,21245776,YAHOO_FINANCE_VIA_YFINANCE
2026-04-01,KPITTECH,KPITTECH.NS,668.6539307,674.2999878,1880678,YAHOO_FINANCE_VIA_YFINANCE
2026-04-01,LALPATHLAB,LALPATHLAB.NS,1316.903442,1323.599976,291338,YAHOO_FINANCE_VIA_YFINANCE
2026-04-01,LT,LT.NS,3572.60498,3607.5,4099786,YAHOO_FINANCE_VIA_YFINANCE
2026-04-01,M&M,M&M.NS,2999.995605,3031.5,3522875,YAHOO_FINANCE_VIA_YFINANCE
2026-04-01,MARUTI,MARUTI.NS,12384.62109,12509,501882,YAHOO_FINANCE_VIA_YFINANCE
2026-04-01,MAXHEALTH,MAXHEALTH.NS,957.1989136,958.9000244,2467966,YAHOO_FINANCE_VIA_YFINANCE
2026-04-01,NIFTY,^NSEI,22679.40039,22679.40039,518000,YAHOO_FINANCE_VIA_YFINANCE
2026-04-01,PERSISTENT,PERSISTENT.NS,5031.624023,5049.100098,686833,YAHOO_FINANCE_VIA_YFINANCE
2026-04-01,PIIND,PIIND.NS,2834.725098,2844.899902,244047,YAHOO_FINANCE_VIA_YFINANCE
2026-04-01,POLYCAB,POLYCAB.NS,6892.297363,6925,424350,YAHOO_FINANCE_VIA_YFINANCE
2026-04-01,RELIANCE,RELIANCE.NS,1362.898438,1369.199951,14404619,YAHOO_FINANCE_VIA_YFINANCE
2026-04-01,SBIN,SBIN.NS,999.7789307,1017.799988,17424479,YAHOO_FINANCE_VIA_YFINANCE
2026-04-01,SIEMENS,SIEMENS.NS,3002.24707,3017,276980,YAHOO_FINANCE_VIA_YFINANCE
2026-04-01,SUNPHARMA,SUNPHARMA.NS,1723.981812,1728.5,3245628,YAHOO_FINANCE_VIA_YFINANCE
2026-04-01,SUPREMEIND,SUPREMEIND.NS,3632.711914,3658.399902,202689,YAHOO_FINANCE_VIA_YFINANCE
2026-04-01,TATAMOTORS,TMPV.NS,300.4576416,302.9500122,8911554,YAHOO_FINANCE_VIA_YFINANCE
2026-04-01,TCS,TCS.NS,2363.027344,2408.199951,4132661,YAHOO_FINANCE_VIA_YFINANCE
2026-04-01,TITAN,TITAN.NS,4052.203613,4065.5,781974,YAHOO_FINANCE_VIA_YFINANCE
2026-04-01,TRENT,TRENT.NS,2347.531006,2351,2443438,YAHOO_FINANCE_VIA_YFINANCE
2026-04-01,ULTRACEMCO,ULTRACEMCO.NS,10499.68457,10714,431636,YAHOO_FINANCE_VIA_YFINANCE
2026-04-01,VOLTAS,VOLTAS.NS,1245.786377,1249.699951,2810600,YAHOO_FINANCE_VIA_YFINANCE
2026-04-02,ABB,ABB.NS,6045.808105,6142,275527,YAHOO_FINANCE_VIA_YFINANCE
2026-04-02,APLAPOLLO,APLAPOLLO.NS,1899.199951,1899.199951,527735,YAHOO_FINANCE_VIA_YFINANCE
2026-04-02,APOLLOHOSP,APOLLOHOSP.NS,7308.991211,7317.5,338111,YAHOO_FINANCE_VIA_YFINANCE
2026-04-02,ASIANPAINT,ASIANPAINT.NS,2150.34375,2169,1854061,YAHOO_FINANCE_VIA_YFINANCE
2026-04-02,ASTRAL,ASTRAL.NS,1551.060425,1553.5,1346193,YAHOO_FINANCE_VIA_YFINANCE
2026-04-02,AXISBANK,AXISBANK.NS,1196.976929,1197.900024,9501543,YAHOO_FINANCE_VIA_YFINANCE
2026-04-02,BAJFINANCE,BAJFINANCE.NS,821.7982178,826.8499756,9113618,YAHOO_FINANCE_VIA_YFINANCE
2026-04-02,BALKRISIND,BALKRISIND.NS,2060.033203,2067.199951,194886,YAHOO_FINANCE_VIA_YFINANCE
2026-04-02,BANKBARODA,BANKBARODA.NS,241.7411194,249.5599976,14887386,YAHOO_FINANCE_VIA_YFINANCE
2026-04-02,BANKNIFTY,^NSEBANK,51548.75,51548.75,339200,YAHOO_FINANCE_VIA_YFINANCE
2026-04-02,BEL,BEL.NS,421.0284424,421.6000061,19686517,YAHOO_FINANCE_VIA_YFINANCE
2026-04-02,BHARTIARTL,BHARTIARTL.NS,1767.456055,1789.699951,10857093,YAHOO_FINANCE_VIA_YFINANCE
2026-04-02,CIPLA,CIPLA.NS,1181.317505,1192.400024,3128666,YAHOO_FINANCE_VIA_YFINANCE
2026-04-02,COFORGE,COFORGE.NS,1207.807861,1213.400024,6403645,YAHOO_FINANCE_VIA_YFINANCE
2026-04-02,CROMPTON,CROMPTON.NS,229.1540833,231.9100037,2043088,YAHOO_FINANCE_VIA_YFINANCE
2026-04-02,CUMMINSIND,CUMMINSIND.NS,4608.277832,4646.5,674542,YAHOO_FINANCE_VIA_YFINANCE
2026-04-02,DEEPAKNTR,DEEPAKNTR.NS,1371.436157,1377.699951,132396,YAHOO_FINANCE_VIA_YFINANCE
2026-04-02,DIXON,DIXON.NS,9920.5,9920.5,1215237,YAHOO_FINANCE_VIA_YFINANCE
2026-04-02,DRREDDY,DRREDDY.NS,1209.629028,1217.300049,3560727,YAHOO_FINANCE_VIA_YFINANCE
2026-04-02,ESCORTS,ESCORTS.NS,2812.080322,2843.899902,160894,YAHOO_FINANCE_VIA_YFINANCE
2026-04-02,FEDERALBNK,FEDERALBNK.NS,264.645874,265.5499878,5537579,YAHOO_FINANCE_VIA_YFINANCE
2026-04-02,HAL,HAL.NS,3679.543945,3687,1611009,YAHOO_FINANCE_VIA_YFINANCE
2026-04-02,HDFCBANK,HDFCBANK.NS,738.6826172,750.9000244,49310300,YAHOO_FINANCE_VIA_YFINANCE
2026-04-02,HINDUNILVR,HINDUNILVR.NS,2044.504272,2065.300049,1431905,YAHOO_FINANCE_VIA_YFINANCE
2026-04-02,ICICIBANK,ICICIBANK.NS,1205.635986,1215.800049,20851722,YAHOO_FINANCE_VIA_YFINANCE
2026-04-02,IDFCFIRSTB,IDFCFIRSTB.NS,60.04360962,60.22000122,25908484,YAHOO_FINANCE_VIA_YFINANCE
2026-04-02,INDUSINDBK,INDUSINDBK.NS,777.4407959,778.7000122,2481604,YAHOO_FINANCE_VIA_YFINANCE
2026-04-02,INFY,INFY.NS,1273.247803,1300.800049,12873492,YAHOO_FINANCE_VIA_YFINANCE
2026-04-02,KAYNES,KAYNES.NS,3538,3538,1635143,YAHOO_FINANCE_VIA_YFINANCE
2026-04-02,KEI,KEI.NS,4048.100098,4048.100098,559572,YAHOO_FINANCE_VIA_YFINANCE
2026-04-02,KOTAKBANK,KOTAKBANK.NS,357.3829956,358,22056018,YAHOO_FINANCE_VIA_YFINANCE
2026-04-02,KPITTECH,KPITTECH.NS,690.9655151,696.7999878,1767842,YAHOO_FINANCE_VIA_YFINANCE
2026-04-02,LALPATHLAB,LALPATHLAB.NS,1321.977661,1328.699951,167885,YAHOO_FINANCE_VIA_YFINANCE
2026-04-02,LT,LT.NS,3578.151123,3613.100098,4121638,YAHOO_FINANCE_VIA_YFINANCE
2026-04-02,M&M,M&M.NS,2980.401367,3011.699951,3297975,YAHOO_FINANCE_VIA_YFINANCE
2026-04-02,MARUTI,MARUTI.NS,12505.40723,12631,438227,YAHOO_FINANCE_VIA_YFINANCE
2026-04-02,MAXHEALTH,MAXHEALTH.NS,942.9242554,944.5999756,1889808,YAHOO_FINANCE_VIA_YFINANCE
2026-04-02,NIFTY,^NSEI,22713.09961,22713.09961,495100,YAHOO_FINANCE_VIA_YFINANCE
2026-04-02,PERSISTENT,PERSISTENT.NS,5209.605957,5227.700195,964640,YAHOO_FINANCE_VIA_YFINANCE
2026-04-02,PIIND,PIIND.NS,2787.195801,2797.199951,233203,YAHOO_FINANCE_VIA_YFINANCE
2026-04-02,POLYCAB,POLYCAB.NS,6845.519043,6878,387042,YAHOO_FINANCE_VIA_YFINANCE
2026-04-02,RELIANCE,RELIANCE.NS,1344.284546,1350.5,21280051,YAHOO_FINANCE_VIA_YFINANCE
2026-04-02,SBIN,SBIN.NS,1000.368347,1018.400024,20777629,YAHOO_FINANCE_VIA_YFINANCE
2026-04-02,SIEMENS,SIEMENS.NS,3011.800049,3026.600098,265901,YAHOO_FINANCE_VIA_YFINANCE
2026-04-02,SUNPHARMA,SUNPHARMA.NS,1689.172974,1693.599976,3937824,YAHOO_FINANCE_VIA_YFINANCE
2026-04-02,SUPREMEIND,SUPREMEIND.NS,3616.526367,3642.100098,494260,YAHOO_FINANCE_VIA_YFINANCE
2026-04-02,TATAMOTORS,TMPV.NS,300.804718,303.2999878,9098035,YAHOO_FINANCE_VIA_YFINANCE
2026-04-02,TCS,TCS.NS,2404.730225,2450.699951,5378361,YAHOO_FINANCE_VIA_YFINANCE
2026-04-02,TITAN,TITAN.NS,4083.800049,4097.200195,1614868,YAHOO_FINANCE_VIA_YFINANCE
2026-04-02,TRENT,TRENT.NS,2363.573975,2367.06665,1696813,YAHOO_FINANCE_VIA_YFINANCE
2026-04-02,ULTRACEMCO,ULTRACEMCO.NS,10407.56445,10620,333524,YAHOO_FINANCE_VIA_YFINANCE
2026-04-02,VOLTAS,VOLTAS.NS,1231.53125,1235.400024,2452341,YAHOO_FINANCE_VIA_YFINANCE
2026-04-06,ABB,ABB.NS,6096.501953,6193.5,259645,YAHOO_FINANCE_VIA_YFINANCE
2026-04-06,APLAPOLLO,APLAPOLLO.NS,1915,1915,364128,YAHOO_FINANCE_VIA_YFINANCE
2026-04-06,APOLLOHOSP,APOLLOHOSP.NS,7364.426758,7373,360086,YAHOO_FINANCE_VIA_YFINANCE
2026-04-06,ASIANPAINT,ASIANPAINT.NS,2165.511963,2184.300049,2048228,YAHOO_FINANCE_VIA_YFINANCE
2026-04-06,ASTRAL,ASTRAL.NS,1520.408691,1522.800049,1078191,YAHOO_FINANCE_VIA_YFINANCE
2026-04-06,AXISBANK,AXISBANK.NS,1244.340332,1245.300049,7847086,YAHOO_FINANCE_VIA_YFINANCE
2026-04-06,BAJFINANCE,BAJFINANCE.NS,845.6515503,850.8499756,12504591,YAHOO_FINANCE_VIA_YFINANCE
2026-04-06,BALKRISIND,BALKRISIND.NS,2120.722168,2128.100098,142315,YAHOO_FINANCE_VIA_YFINANCE
2026-04-06,BANKBARODA,BANKBARODA.NS,251.6215668,259.7600098,22152306,YAHOO_FINANCE_VIA_YFINANCE
2026-04-06,BANKNIFTY,^NSEBANK,52609.10156,52609.10156,355000,YAHOO_FINANCE_VIA_YFINANCE
2026-04-06,BEL,BEL.NS,426.5708923,427.1499939,12327836,YAHOO_FINANCE_VIA_YFINANCE
2026-04-06,BHARTIARTL,BHARTIARTL.NS,1770.5177,1792.800049,8183498,YAHOO_FINANCE_VIA_YFINANCE
2026-04-06,CIPLA,CIPLA.NS,1189.738403,1200.900024,2188849,YAHOO_FINANCE_VIA_YFINANCE
2026-04-06,COFORGE,COFORGE.NS,1214.576538,1220.199951,2994825,YAHOO_FINANCE_VIA_YFINANCE
2026-04-06,CROMPTON,CROMPTON.NS,232.3852234,235.1799927,1828702,YAHOO_FINANCE_VIA_YFINANCE
2026-04-06,CUMMINSIND,CUMMINSIND.NS,4659.651367,4698.299805,655461,YAHOO_FINANCE_VIA_YFINANCE
2026-04-06,DEEPAKNTR,DEEPAKNTR.NS,1381.689331,1388,95527,YAHOO_FINANCE_VIA_YFINANCE
2026-04-06,DIXON,DIXON.NS,10008,10008,752942,YAHOO_FINANCE_VIA_YFINANCE
2026-04-06,DRREDDY,DRREDDY.NS,1210.125854,1217.800049,1099471,YAHOO_FINANCE_VIA_YFINANCE
2026-04-06,ESCORTS,ESCORTS.NS,2860.927734,2893.300049,152950,YAHOO_FINANCE_VIA_YFINANCE
2026-04-06,FEDERALBNK,FEDERALBNK.NS,270.5756226,271.5,9297534,YAHOO_FINANCE_VIA_YFINANCE
2026-04-06,HAL,HAL.NS,3744.512451,3752.100098,1130371,YAHOO_FINANCE_VIA_YFINANCE
2026-04-06,HDFCBANK,HDFCBANK.NS,758.4555664,771,42976659,YAHOO_FINANCE_VIA_YFINANCE
2026-04-06,HINDUNILVR,HINDUNILVR.NS,2063.807861,2084.800049,1661298,YAHOO_FINANCE_VIA_YFINANCE
2026-04-06,ICICIBANK,ICICIBANK.NS,1221.105469,1231.400024,10058414,YAHOO_FINANCE_VIA_YFINANCE
2026-04-06,IDFCFIRSTB,IDFCFIRSTB.NS,60.90109253,61.08000183,41063566,YAHOO_FINANCE_VIA_YFINANCE
2026-04-06,INDUSINDBK,INDUSINDBK.NS,784.9286499,786.2000122,2512596,YAHOO_FINANCE_VIA_YFINANCE
2026-04-06,INFY,INFY.NS,1278.533325,1306.199951,10208682,YAHOO_FINANCE_VIA_YFINANCE
2026-04-06,KAYNES,KAYNES.NS,3706.5,3706.5,2214333,YAHOO_FINANCE_VIA_YFINANCE
2026-04-06,KEI,KEI.NS,4123.100098,4123.100098,257078,YAHOO_FINANCE_VIA_YFINANCE
2026-04-06,KOTAKBANK,KOTAKBANK.NS,359.9285889,360.5499878,18320378,YAHOO_FINANCE_VIA_YFINANCE
2026-04-06,KPITTECH,KPITTECH.NS,689.0318604,694.8499756,1473246,YAHOO_FINANCE_VIA_YFINANCE
2026-04-06,LALPATHLAB,LALPATHLAB.NS,1345.458374,1352.300049,328697,YAHOO_FINANCE_VIA_YFINANCE
2026-04-06,LT,LT.NS,3691.642334,3727.699951,3353246,YAHOO_FINANCE_VIA_YFINANCE
2026-04-06,M&M,M&M.NS,2990.198486,3021.600098,2554900,YAHOO_FINANCE_VIA_YFINANCE
2026-04-06,MARUTI,MARUTI.NS,12561.84082,12688,382650,YAHOO_FINANCE_VIA_YFINANCE
2026-04-06,MAXHEALTH,MAXHEALTH.NS,929.9473267,931.5999756,4605503,YAHOO_FINANCE_VIA_YFINANCE
2026-04-06,NIFTY,^NSEI,22968.25,22968.25,426400,YAHOO_FINANCE_VIA_YFINANCE
2026-04-06,PERSISTENT,PERSISTENT.NS,5291.022949,5309.399902,606786,YAHOO_FINANCE_VIA_YFINANCE
2026-04-06,PIIND,PIIND.NS,2827.550781,2837.699951,191729,YAHOO_FINANCE_VIA_YFINANCE
2026-04-06,POLYCAB,POLYCAB.NS,7013.721191,7047,345105,YAHOO_FINANCE_VIA_YFINANCE
2026-04-06,RELIANCE,RELIANCE.NS,1298.695312,1304.699951,29274881,YAHOO_FINANCE_VIA_YFINANCE
2026-04-06,SBIN,SBIN.NS,1014.464233,1032.75,23576634,YAHOO_FINANCE_VIA_YFINANCE
2026-04-06,SIEMENS,SIEMENS.NS,3033.095459,3048,372908,YAHOO_FINANCE_VIA_YFINANCE
2026-04-06,SUNPHARMA,SUNPHARMA.NS,1690.17041,1694.599976,3533715,YAHOO_FINANCE_VIA_YFINANCE
2026-04-06,SUPREMEIND,SUPREMEIND.NS,3646.415039,3672.199951,224359,YAHOO_FINANCE_VIA_YFINANCE
2026-04-06,TATAMOTORS,TMPV.NS,304.8710022,307.3999939,6425909,YAHOO_FINANCE_VIA_YFINANCE
2026-04-06,TCS,TCS.NS,2427.495117,2473.899902,2572417,YAHOO_FINANCE_VIA_YFINANCE
2026-04-06,TITAN,TITAN.NS,4232.212891,4246.100098,1678285,YAHOO_FINANCE_VIA_YFINANCE
2026-04-06,TRENT,TRENT.NS,2551.962402,2555.733398,7316710,YAHOO_FINANCE_VIA_YFINANCE
2026-04-06,ULTRACEMCO,ULTRACEMCO.NS,10735.86328,10955,374420,YAHOO_FINANCE_VIA_YFINANCE
2026-04-06,VOLTAS,VOLTAS.NS,1248.079224,1252,1213038,YAHOO_FINANCE_VIA_YFINANCE
2026-04-07,ABB,ABB.NS,6170.819336,6269,253657,YAHOO_FINANCE_VIA_YFINANCE
2026-04-07,APLAPOLLO,APLAPOLLO.NS,1890.599976,1890.599976,552064,YAHOO_FINANCE_VIA_YFINANCE
2026-04-07,APOLLOHOSP,APOLLOHOSP.NS,7317.980957,7326.5,311560,YAHOO_FINANCE_VIA_YFINANCE
2026-04-07,ASIANPAINT,ASIANPAINT.NS,2167.395752,2186.199951,1793007,YAHOO_FINANCE_VIA_YFINANCE
2026-04-07,ASTRAL,ASTRAL.NS,1542.074585,1544.5,792891,YAHOO_FINANCE_VIA_YFINANCE
2026-04-07,AXISBANK,AXISBANK.NS,1249.136597,1250.099976,9248545,YAHOO_FINANCE_VIA_YFINANCE
2026-04-07,BAJFINANCE,BAJFINANCE.NS,849.8756104,855.0999756,11569047,YAHOO_FINANCE_VIA_YFINANCE
2026-04-07,BALKRISIND,BALKRISIND.NS,2120.024658,2127.399902,84345,YAHOO_FINANCE_VIA_YFINANCE
2026-04-07,BANKBARODA,BANKBARODA.NS,250.0135651,258.1000061,9211553,YAHOO_FINANCE_VIA_YFINANCE
2026-04-07,BANKNIFTY,^NSEBANK,52716.25,52716.25,279700,YAHOO_FINANCE_VIA_YFINANCE
2026-04-07,BEL,BEL.NS,427.2200012,427.7999878,11417162,YAHOO_FINANCE_VIA_YFINANCE
2026-04-07,BHARTIARTL,BHARTIARTL.NS,1807.551636,1830.300049,10057628,YAHOO_FINANCE_VIA_YFINANCE
2026-04-07,CIPLA,CIPLA.NS,1191.224487,1202.400024,2046737,YAHOO_FINANCE_VIA_YFINANCE
2026-04-07,COFORGE,COFORGE.NS,1224.928589,1230.599976,3163487,YAHOO_FINANCE_VIA_YFINANCE
2026-04-07,CROMPTON,CROMPTON.NS,231.772583,234.5599976,2440115,YAHOO_FINANCE_VIA_YFINANCE
2026-04-07,CUMMINSIND,CUMMINSIND.NS,4600.740234,4638.899902,526009,YAHOO_FINANCE_VIA_YFINANCE
2026-04-07,DEEPAKNTR,DEEPAKNTR.NS,1383.182495,1389.5,262543,YAHOO_FINANCE_VIA_YFINANCE
2026-04-07,DIXON,DIXON.NS,10116.5,10116.5,624630,YAHOO_FINANCE_VIA_YFINANCE
2026-04-07,DRREDDY,DRREDDY.NS,1188.5625,1196.099976,2330512,YAHOO_FINANCE_VIA_YFINANCE
2026-04-07,ESCORTS,ESCORTS.NS,2877.24292,2909.800049,82119,YAHOO_FINANCE_VIA_YFINANCE
2026-04-07,FEDERALBNK,FEDERALBNK.NS,274.2131958,275.1499939,8015264,YAHOO_FINANCE_VIA_YFINANCE
2026-04-07,HAL,HAL.NS,3788.522949,3796.199951,1144328,YAHOO_FINANCE_VIA_YFINANCE
2026-04-07,HDFCBANK,HDFCBANK.NS,759.43927,772,51309793,YAHOO_FINANCE_VIA_YFINANCE
2026-04-07,HINDUNILVR,HINDUNILVR.NS,2089.348145,2110.600098,2709707,YAHOO_FINANCE_VIA_YFINANCE
2026-04-07,ICICIBANK,ICICIBANK.NS,1235.087524,1245.5,25600557,YAHOO_FINANCE_VIA_YFINANCE
2026-04-07,IDFCFIRSTB,IDFCFIRSTB.NS,61.01076889,61.18999863,21417493,YAHOO_FINANCE_VIA_YFINANCE
2026-04-07,INDUSINDBK,INDUSINDBK.NS,783.5308838,784.7999878,1165539,YAHOO_FINANCE_VIA_YFINANCE
2026-04-07,INFY,INFY.NS,1311.030151,1339.400024,15355792,YAHOO_FINANCE_VIA_YFINANCE
2026-04-07,KAYNES,KAYNES.NS,3751.100098,3751.100098,1643311,YAHOO_FINANCE_VIA_YFINANCE
2026-04-07,KEI,KEI.NS,4236.600098,4236.600098,400852,YAHOO_FINANCE_VIA_YFINANCE
2026-04-07,KOTAKBANK,KOTAKBANK.NS,362.3244934,362.9500122,23655155,YAHOO_FINANCE_VIA_YFINANCE
2026-04-07,KPITTECH,KPITTECH.NS,701.9230347,707.8499756,1906465,YAHOO_FINANCE_VIA_YFINANCE
2026-04-07,LALPATHLAB,LALPATHLAB.NS,1356.303223,1363.199951,344890,YAHOO_FINANCE_VIA_YFINANCE
2026-04-07,LT,LT.NS,3687.284912,3723.300049,3083714,YAHOO_FINANCE_VIA_YFINANCE
2026-04-07,M&M,M&M.NS,2975.354492,3006.600098,2292715,YAHOO_FINANCE_VIA_YFINANCE
2026-04-07,MARUTI,MARUTI.NS,12670.74707,12798,359542,YAHOO_FINANCE_VIA_YFINANCE
2026-04-07,MAXHEALTH,MAXHEALTH.NS,930.7459106,932.4000244,4402777,YAHOO_FINANCE_VIA_YFINANCE
2026-04-07,NIFTY,^NSEI,23123.65039,23123.65039,477000,YAHOO_FINANCE_VIA_YFINANCE
2026-04-07,PERSISTENT,PERSISTENT.NS,5367.557617,5386.200195,544032,YAHOO_FINANCE_VIA_YFINANCE
2026-04-07,PIIND,PIIND.NS,2814.89624,2825,432552,YAHOO_FINANCE_VIA_YFINANCE
2026-04-07,POLYCAB,POLYCAB.NS,7192.871094,7227,344147,YAHOO_FINANCE_VIA_YFINANCE
2026-04-07,RELIANCE,RELIANCE.NS,1298.595825,1304.599976,28388922,YAHOO_FINANCE_VIA_YFINANCE
2026-04-07,SBIN,SBIN.NS,1012.155823,1030.400024,15021291,YAHOO_FINANCE_VIA_YFINANCE
2026-04-07,SIEMENS,SIEMENS.NS,3060.460938,3075.5,184684,YAHOO_FINANCE_VIA_YFINANCE
2026-04-07,SUNPHARMA,SUNPHARMA.NS,1713.509155,1718,2471378,YAHOO_FINANCE_VIA_YFINANCE
2026-04-07,SUPREMEIND,SUPREMEIND.NS,3745.911377,3772.399902,273661,YAHOO_FINANCE_VIA_YFINANCE
2026-04-07,TATAMOTORS,TMPV.NS,306.1603088,308.7000122,8543428,YAHOO_FINANCE_VIA_YFINANCE
2026-04-07,TCS,TCS.NS,2492.15918,2539.800049,4516550,YAHOO_FINANCE_VIA_YFINANCE
2026-04-07,TITAN,TITAN.NS,4216.763672,4230.600098,1274146,YAHOO_FINANCE_VIA_YFINANCE
2026-04-07,TRENT,TRENT.NS,2544.90625,2548.666748,2988603,YAHOO_FINANCE_VIA_YFINANCE
2026-04-07,ULTRACEMCO,ULTRACEMCO.NS,10717.24414,10936,263658,YAHOO_FINANCE_VIA_YFINANCE
2026-04-07,VOLTAS,VOLTAS.NS,1216.378784,1220.199951,1023903,YAHOO_FINANCE_VIA_YFINANCE
2026-04-08,ABB,ABB.NS,6462.183594,6565,626418,YAHOO_FINANCE_VIA_YFINANCE
2026-04-08,APLAPOLLO,APLAPOLLO.NS,2047.699951,2047.699951,811179,YAHOO_FINANCE_VIA_YFINANCE
2026-04-08,APOLLOHOSP,APOLLOHOSP.NS,7392.893555,7401.5,387242,YAHOO_FINANCE_VIA_YFINANCE
2026-04-08,ASIANPAINT,ASIANPAINT.NS,2262.768066,2282.399902,2914767,YAHOO_FINANCE_VIA_YFINANCE
2026-04-08,ASTRAL,ASTRAL.NS,1523.104492,1525.5,738612,YAHOO_FINANCE_VIA_YFINANCE
2026-04-08,AXISBANK,AXISBANK.NS,1331.972778,1333,13519723,YAHOO_FINANCE_VIA_YFINANCE
2026-04-08,BAJFINANCE,BAJFINANCE.NS,909.4593506,915.0499878,13826150,YAHOO_FINANCE_VIA_YFINANCE
2026-04-08,BALKRISIND,BALKRISIND.NS,2214.994385,2222.699951,323695,YAHOO_FINANCE_VIA_YFINANCE
2026-04-08,BANKBARODA,BANKBARODA.NS,267.333374,275.980011,15760765,YAHOO_FINANCE_VIA_YFINANCE
2026-04-08,BANKNIFTY,^NSEBANK,55703.89844,55703.89844,443600,YAHOO_FINANCE_VIA_YFINANCE
2026-04-08,BEL,BEL.NS,432.5128479,433.1000061,20054221,YAHOO_FINANCE_VIA_YFINANCE
2026-04-08,BHARTIARTL,BHARTIARTL.NS,1838.462524,1861.599976,11587604,YAHOO_FINANCE_VIA_YFINANCE
2026-04-08,CIPLA,CIPLA.NS,1204.598999,1215.900024,2476674,YAHOO_FINANCE_VIA_YFINANCE
2026-04-08,COFORGE,COFORGE.NS,1264.545166,1270.400024,4123786,YAHOO_FINANCE_VIA_YFINANCE
2026-04-08,CROMPTON,CROMPTON.NS,243.1260529,246.0500031,3871701,YAHOO_FINANCE_VIA_YFINANCE
2026-04-08,CUMMINSIND,CUMMINSIND.NS,4756.845215,4796.299805,1102496,YAHOO_FINANCE_VIA_YFINANCE
2026-04-08,DEEPAKNTR,DEEPAKNTR.NS,1416.231567,1422.699951,201536,YAHOO_FINANCE_VIA_YFINANCE
2026-04-08,DIXON,DIXON.NS,10636,10636,979189,YAHOO_FINANCE_VIA_YFINANCE
2026-04-08,DRREDDY,DRREDDY.NS,1183.892212,1191.400024,2063229,YAHOO_FINANCE_VIA_YFINANCE
2026-04-08,ESCORTS,ESCORTS.NS,3025.268066,3059.5,170276,YAHOO_FINANCE_VIA_YFINANCE
2026-04-08,FEDERALBNK,FEDERALBNK.NS,283.4815369,284.4500122,7811348,YAHOO_FINANCE_VIA_YFINANCE
2026-04-08,HAL,HAL.NS,3899.5979,3907.5,1344611,YAHOO_FINANCE_VIA_YFINANCE
2026-04-08,HDFCBANK,HDFCBANK.NS,802.8217773,816.0999756,70269512,YAHOO_FINANCE_VIA_YFINANCE
2026-04-08,HINDUNILVR,HINDUNILVR.NS,2123.99585,2145.600098,3794437,YAHOO_FINANCE_VIA_YFINANCE
2026-04-08,ICICIBANK,ICICIBANK.NS,1298.255005,1309.199951,25148651,YAHOO_FINANCE_VIA_YFINANCE
2026-04-08,IDFCFIRSTB,IDFCFIRSTB.NS,65.67706299,65.87000275,42736119,YAHOO_FINANCE_VIA_YFINANCE
2026-04-08,INDUSINDBK,INDUSINDBK.NS,834.5982056,835.9500122,3572416,YAHOO_FINANCE_VIA_YFINANCE
2026-04-08,INFY,INFY.NS,1317.686035,1346.199951,16030133,YAHOO_FINANCE_VIA_YFINANCE
2026-04-08,KAYNES,KAYNES.NS,3911.399902,3911.399902,1657649,YAHOO_FINANCE_VIA_YFINANCE
2026-04-08,KEI,KEI.NS,4507.200195,4507.200195,758851,YAHOO_FINANCE_VIA_YFINANCE
2026-04-08,KOTAKBANK,KOTAKBANK.NS,379.494812,380.1499939,30162218,YAHOO_FINANCE_VIA_YFINANCE
2026-04-08,KPITTECH,KPITTECH.NS,715.1116943,721.1500244,2595624,YAHOO_FINANCE_VIA_YFINANCE
2026-04-08,LALPATHLAB,LALPATHLAB.NS,1371.625244,1378.599976,492646,YAHOO_FINANCE_VIA_YFINANCE
2026-04-08,LT,LT.NS,3967.151367,4005.899902,7368477,YAHOO_FINANCE_VIA_YFINANCE
2026-04-08,M&M,M&M.NS,3176.739502,3210.100098,4227961,YAHOO_FINANCE_VIA_YFINANCE
2026-04-08,MARUTI,MARUTI.NS,13466.75293,13602,1026292,YAHOO_FINANCE_VIA_YFINANCE
2026-04-08,MAXHEALTH,MAXHEALTH.NS,939.4804077,941.1500244,3351069,YAHOO_FINANCE_VIA_YFINANCE
2026-04-08,NIFTY,^NSEI,23997.34961,23997.34961,639300,YAHOO_FINANCE_VIA_YFINANCE
2026-04-08,PERSISTENT,PERSISTENT.NS,5355.299805,5373.899902,923213,YAHOO_FINANCE_VIA_YFINANCE
2026-04-08,PIIND,PIIND.NS,2866.710449,2877,279838,YAHOO_FINANCE_VIA_YFINANCE
2026-04-08,POLYCAB,POLYCAB.NS,7564.607422,7600.5,713512,YAHOO_FINANCE_VIA_YFINANCE
2026-04-08,RELIANCE,RELIANCE.NS,1341.597046,1347.800049,21817543,YAHOO_FINANCE_VIA_YFINANCE
2026-04-08,SBIN,SBIN.NS,1042.656006,1061.449951,28533742,YAHOO_FINANCE_VIA_YFINANCE
2026-04-08,SIEMENS,SIEMENS.NS,3210.324463,3226.100098,398432,YAHOO_FINANCE_VIA_YFINANCE
2026-04-08,SUNPHARMA,SUNPHARMA.NS,1710.118042,1714.599976,4859877,YAHOO_FINANCE_VIA_YFINANCE
2026-04-08,SUPREMEIND,SUPREMEIND.NS,3761.30249,3787.899902,264233,YAHOO_FINANCE_VIA_YFINANCE
2026-04-08,TATAMOTORS,TMPV.NS,331.9960022,334.75,20930060,YAHOO_FINANCE_VIA_YFINANCE
2026-04-08,TCS,TCS.NS,2511.195068,2559.199951,4769337,YAHOO_FINANCE_VIA_YFINANCE
2026-04-08,TITAN,TITAN.NS,4477.807129,4492.5,3834533,YAHOO_FINANCE_VIA_YFINANCE
2026-04-08,TRENT,TRENT.NS,2599.491943,2603.333252,2138406,YAHOO_FINANCE_VIA_YFINANCE
2026-04-08,ULTRACEMCO,ULTRACEMCO.NS,11370.90137,11603,612764,YAHOO_FINANCE_VIA_YFINANCE
2026-04-08,VOLTAS,VOLTAS.NS,1260.839111,1264.800049,1548576,YAHOO_FINANCE_VIA_YFINANCE
2026-04-09,ABB,ABB.NS,6510.416504,6614,591302,YAHOO_FINANCE_VIA_YFINANCE
2026-04-09,APLAPOLLO,APLAPOLLO.NS,2040.300049,2040.300049,586170,YAHOO_FINANCE_VIA_YFINANCE
2026-04-09,APOLLOHOSP,APOLLOHOSP.NS,7472.800781,7481.5,416753,YAHOO_FINANCE_VIA_YFINANCE
2026-04-09,ASIANPAINT,ASIANPAINT.NS,2250.078369,2269.600098,1980060,YAHOO_FINANCE_VIA_YFINANCE
2026-04-09,ASTRAL,ASTRAL.NS,1561.244385,1563.699951,908839,YAHOO_FINANCE_VIA_YFINANCE
2026-04-09,AXISBANK,AXISBANK.NS,1317.483887,1318.5,6542529,YAHOO_FINANCE_VIA_YFINANCE
2026-04-09,BAJFINANCE,BAJFINANCE.NS,897.7314453,903.25,9457820,YAHOO_FINANCE_VIA_YFINANCE
2026-04-09,BALKRISIND,BALKRISIND.NS,2213.200439,2220.899902,232676,YAHOO_FINANCE_VIA_YFINANCE
2026-04-09,BANKBARODA,BANKBARODA.NS,265.6478882,274.2399902,14149060,YAHOO_FINANCE_VIA_YFINANCE
2026-04-09,BANKNIFTY,^NSEBANK,54821.69922,54821.69922,298800,YAHOO_FINANCE_VIA_YFINANCE
2026-04-09,BEL,BEL.NS,439.1538391,439.75,19917307,YAHOO_FINANCE_VIA_YFINANCE
2026-04-09,BHARTIARTL,BHARTIARTL.NS,1836.289917,1859.400024,10113053,YAHOO_FINANCE_VIA_YFINANCE
2026-04-09,CIPLA,CIPLA.NS,1213.02002,1224.400024,2545266,YAHOO_FINANCE_VIA_YFINANCE
2026-04-09,COFORGE,COFORGE.NS,1259.070435,1264.900024,4331623,YAHOO_FINANCE_VIA_YFINANCE
2026-04-09,CROMPTON,CROMPTON.NS,235.0728912,237.8999939,4764822,YAHOO_FINANCE_VIA_YFINANCE
2026-04-09,CUMMINSIND,CUMMINSIND.NS,4867.03125,4907.399902,1021588,YAHOO_FINANCE_VIA_YFINANCE
2026-04-09,DEEPAKNTR,DEEPAKNTR.NS,1416.530273,1423,68600,YAHOO_FINANCE_VIA_YFINANCE
2026-04-09,DIXON,DIXON.NS,10625.5,10625.5,657395,YAHOO_FINANCE_VIA_YFINANCE
2026-04-09,DRREDDY,DRREDDY.NS,1204.262939,1211.900024,2746602,YAHOO_FINANCE_VIA_YFINANCE
2026-04-09,ESCORTS,ESCORTS.NS,3092.210449,3127.199951,180708,YAHOO_FINANCE_VIA_YFINANCE
2026-04-09,FEDERALBNK,FEDERALBNK.NS,282.3354187,283.2999878,4273025,YAHOO_FINANCE_VIA_YFINANCE
2026-04-09,HAL,HAL.NS,4024.744385,4032.899902,2791024,YAHOO_FINANCE_VIA_YFINANCE
2026-04-09,HDFCBANK,HDFCBANK.NS,784.7211914,797.7000122,48879392,YAHOO_FINANCE_VIA_YFINANCE
2026-04-09,HINDUNILVR,HINDUNILVR.NS,2111.720459,2133.199951,2506245,YAHOO_FINANCE_VIA_YFINANCE
2026-04-09,ICICIBANK,ICICIBANK.NS,1270.588379,1281.300049,22923062,YAHOO_FINANCE_VIA_YFINANCE
2026-04-09,IDFCFIRSTB,IDFCFIRSTB.NS,65.08879089,65.27999878,19666295,YAHOO_FINANCE_VIA_YFINANCE
2026-04-09,INDUSINDBK,INDUSINDBK.NS,813.2327881,814.5499878,2531440,YAHOO_FINANCE_VIA_YFINANCE
2026-04-09,INFY,INFY.NS,1303.395264,1331.599976,14894607,YAHOO_FINANCE_VIA_YFINANCE
2026-04-09,KAYNES,KAYNES.NS,3851.5,3851.5,1589023,YAHOO_FINANCE_VIA_YFINANCE
2026-04-09,KEI,KEI.NS,4416.899902,4416.899902,476450,YAHOO_FINANCE_VIA_YFINANCE
2026-04-09,KOTAKBANK,KOTAKBANK.NS,371.2590332,371.8999939,12422256,YAHOO_FINANCE_VIA_YFINANCE
2026-04-09,KPITTECH,KPITTECH.NS,710.0543823,716.0499878,1769446,YAHOO_FINANCE_VIA_YFINANCE
2026-04-09,LALPATHLAB,LALPATHLAB.NS,1388.141235,1395.199951,254907,YAHOO_FINANCE_VIA_YFINANCE
2026-04-09,LT,LT.NS,3858.512451,3896.199951,4415151,YAHOO_FINANCE_VIA_YFINANCE
2026-04-09,M&M,M&M.NS,3133.889404,3166.800049,3039565,YAHOO_FINANCE_VIA_YFINANCE
2026-04-09,MARUTI,MARUTI.NS,13453.88184,13589,549914,YAHOO_FINANCE_VIA_YFINANCE
2026-04-09,MAXHEALTH,MAXHEALTH.NS,953.2559204,954.9500122,3558583,YAHOO_FINANCE_VIA_YFINANCE
2026-04-09,NIFTY,^NSEI,23775.09961,23775.09961,466600,YAHOO_FINANCE_VIA_YFINANCE
2026-04-09,PERSISTENT,PERSISTENT.NS,5452.163574,5471.100098,600754,YAHOO_FINANCE_VIA_YFINANCE
2026-04-09,PIIND,PIIND.NS,2870.396973,2880.699951,437619,YAHOO_FINANCE_VIA_YFINANCE
2026-04-09,POLYCAB,POLYCAB.NS,7571.07666,7607,419514,YAHOO_FINANCE_VIA_YFINANCE
2026-04-09,RELIANCE,RELIANCE.NS,1323.878906,1330,20725390,YAHOO_FINANCE_VIA_YFINANCE
2026-04-09,SBIN,SBIN.NS,1022.518982,1040.949951,24772948,YAHOO_FINANCE_VIA_YFINANCE
2026-04-09,SIEMENS,SIEMENS.NS,3206.742188,3222.5,279120,YAHOO_FINANCE_VIA_YFINANCE
2026-04-09,SUNPHARMA,SUNPHARMA.NS,1712.611572,1717.099976,3276165,YAHOO_FINANCE_VIA_YFINANCE
2026-04-09,SUPREMEIND,SUPREMEIND.NS,3745.414795,3771.899902,269784,YAHOO_FINANCE_VIA_YFINANCE
2026-04-09,TATAMOTORS,TMPV.NS,330.5083313,333.25,11110200,YAHOO_FINANCE_VIA_YFINANCE
2026-04-09,TCS,TCS.NS,2540.436279,2589,5628261,YAHOO_FINANCE_VIA_YFINANCE
2026-04-09,TITAN,TITAN.NS,4425.279297,4439.799805,1385274,YAHOO_FINANCE_VIA_YFINANCE
2026-04-09,TRENT,TRENT.NS,2563.345459,2567.133301,1124460,YAHOO_FINANCE_VIA_YFINANCE
2026-04-09,ULTRACEMCO,ULTRACEMCO.NS,11219.00195,11448,330553,YAHOO_FINANCE_VIA_YFINANCE
2026-04-09,VOLTAS,VOLTAS.NS,1279.879272,1283.900024,2040449,YAHOO_FINANCE_VIA_YFINANCE
2026-04-10,ABB,ABB.NS,6752.071777,6859.5,798909,YAHOO_FINANCE_VIA_YFINANCE
2026-04-10,APLAPOLLO,APLAPOLLO.NS,2064.600098,2064.600098,399118,YAHOO_FINANCE_VIA_YFINANCE
2026-04-10,APOLLOHOSP,APOLLOHOSP.NS,7502.766113,7511.5,437163,YAHOO_FINANCE_VIA_YFINANCE
2026-04-10,ASIANPAINT,ASIANPAINT.NS,2340.394775,2360.699951,3018178,YAHOO_FINANCE_VIA_YFINANCE
2026-04-10,ASTRAL,ASTRAL.NS,1627.440308,1630,1127663,YAHOO_FINANCE_VIA_YFINANCE
2026-04-10,AXISBANK,AXISBANK.NS,1349.759033,1350.800049,6755589,YAHOO_FINANCE_VIA_YFINANCE
2026-04-10,BAJFINANCE,BAJFINANCE.NS,918.9013062,924.5499878,9491544,YAHOO_FINANCE_VIA_YFINANCE
2026-04-10,BALKRISIND,BALKRISIND.NS,2261.03418,2268.899902,238026,YAHOO_FINANCE_VIA_YFINANCE
2026-04-10,BANKBARODA,BANKBARODA.NS,267.5368042,276.1900024,10543042,YAHOO_FINANCE_VIA_YFINANCE
2026-04-10,BANKNIFTY,^NSEBANK,55912.75,55912.75,281000,YAHOO_FINANCE_VIA_YFINANCE
2026-04-10,BEL,BEL.NS,441.8501892,442.4500122,10833065,YAHOO_FINANCE_VIA_YFINANCE
2026-04-10,BHARTIARTL,BHARTIARTL.NS,1846.758057,1870,5857988,YAHOO_FINANCE_VIA_YFINANCE
2026-04-10,CIPLA,CIPLA.NS,1218.072632,1229.5,2086385,YAHOO_FINANCE_VIA_YFINANCE
2026-04-10,COFORGE,COFORGE.NS,1218.657715,1224.300049,4067185,YAHOO_FINANCE_VIA_YFINANCE
2026-04-10,CROMPTON,CROMPTON.NS,238.8475037,241.7200012,2995165,YAHOO_FINANCE_VIA_YFINANCE
2026-04-10,CUMMINSIND,CUMMINSIND.NS,5096.429199,5138.700195,1308552,YAHOO_FINANCE_VIA_YFINANCE
2026-04-10,DEEPAKNTR,DEEPAKNTR.NS,1455.054199,1461.699951,294708,YAHOO_FINANCE_VIA_YFINANCE
2026-04-10,DIXON,DIXON.NS,10676,10676,794189,YAHOO_FINANCE_VIA_YFINANCE
2026-04-10,DRREDDY,DRREDDY.NS,1224.434937,1232.199951,1931448,YAHOO_FINANCE_VIA_YFINANCE
2026-04-10,ESCORTS,ESCORTS.NS,3159.251953,3195,109121,YAHOO_FINANCE_VIA_YFINANCE
2026-04-10,FEDERALBNK,FEDERALBNK.NS,290.7068481,291.7000122,8640231,YAHOO_FINANCE_VIA_YFINANCE
2026-04-10,HAL,HAL.NS,4103.884277,4112.200195,1281358,YAHOO_FINANCE_VIA_YFINANCE
2026-04-10,HDFCBANK,HDFCBANK.NS,797.1161499,810.2999878,38156026,YAHOO_FINANCE_VIA_YFINANCE
2026-04-10,HINDUNILVR,HINDUNILVR.NS,2133.598145,2155.300049,2144484,YAHOO_FINANCE_VIA_YFINANCE
2026-04-10,ICICIBANK,ICICIBANK.NS,1310.848877,1321.900024,18174755,YAHOO_FINANCE_VIA_YFINANCE
2026-04-10,IDFCFIRSTB,IDFCFIRSTB.NS,66.0160675,66.20999908,20096635,YAHOO_FINANCE_VIA_YFINANCE
2026-04-10,INDUSINDBK,INDUSINDBK.NS,829.5563965,830.9000244,1509168,YAHOO_FINANCE_VIA_YFINANCE
2026-04-10,INFY,INFY.NS,1265.123535,1292.5,19233369,YAHOO_FINANCE_VIA_YFINANCE
2026-04-10,KAYNES,KAYNES.NS,3896.300049,3896.300049,1156643,YAHOO_FINANCE_VIA_YFINANCE
2026-04-10,KEI,KEI.NS,4459,4459,312000,YAHOO_FINANCE_VIA_YFINANCE
2026-04-10,KOTAKBANK,KOTAKBANK.NS,373.9044495,374.5499878,23751660,YAHOO_FINANCE_VIA_YFINANCE
2026-04-10,KPITTECH,KPITTECH.NS,710.4510498,716.4500122,1512797,YAHOO_FINANCE_VIA_YFINANCE
2026-04-10,LALPATHLAB,LALPATHLAB.NS,1397.593262,1404.699951,337894,YAHOO_FINANCE_VIA_YFINANCE
2026-04-10,LT,LT.NS,3921.596191,3959.899902,2822017,YAHOO_FINANCE_VIA_YFINANCE
2026-04-10,M&M,M&M.NS,3225.923096,3259.800049,2801451,YAHOO_FINANCE_VIA_YFINANCE
2026-04-10,MARUTI,MARUTI.NS,13572.68848,13709,471921,YAHOO_FINANCE_VIA_YFINANCE
2026-04-10,MAXHEALTH,MAXHEALTH.NS,951.6586914,953.3499756,4011184,YAHOO_FINANCE_VIA_YFINANCE
2026-04-10,NIFTY,^NSEI,24050.59961,24050.59961,481300,YAHOO_FINANCE_VIA_YFINANCE
2026-04-10,PERSISTENT,PERSISTENT.NS,5408.315918,5427.100098,904088,YAHOO_FINANCE_VIA_YFINANCE
2026-04-10,PIIND,PIIND.NS,2941.541748,2952.100098,152419,YAHOO_FINANCE_VIA_YFINANCE
2026-04-10,POLYCAB,POLYCAB.NS,7691.505371,7728,490409,YAHOO_FINANCE_VIA_YFINANCE
2026-04-10,RELIANCE,RELIANCE.NS,1343.985962,1350.199951,19364461,YAHOO_FINANCE_VIA_YFINANCE
2026-04-10,SBIN,SBIN.NS,1047.81311,1066.699951,17861336,YAHOO_FINANCE_VIA_YFINANCE
2026-04-10,SIEMENS,SIEMENS.NS,3371.93042,3388.5,625209,YAHOO_FINANCE_VIA_YFINANCE
2026-04-10,SUNPHARMA,SUNPHARMA.NS,1650.574219,1654.900024,8089531,YAHOO_FINANCE_VIA_YFINANCE
2026-04-10,SUPREMEIND,SUPREMEIND.NS,3775.700684,3802.399902,242366,YAHOO_FINANCE_VIA_YFINANCE
2026-04-10,TATAMOTORS,TMPV.NS,339.7814331,342.6000061,10666149,YAHOO_FINANCE_VIA_YFINANCE
2026-04-10,TCS,TCS.NS,2476.949707,2524.300049,10480239,YAHOO_FINANCE_VIA_YFINANCE
2026-04-10,TITAN,TITAN.NS,4490.266113,4505,1565192,YAHOO_FINANCE_VIA_YFINANCE
2026-04-10,TRENT,TRENT.NS,2607.147461,2611,1779396,YAHOO_FINANCE_VIA_YFINANCE
2026-04-10,ULTRACEMCO,ULTRACEMCO.NS,11357.18164,11589,420339,YAHOO_FINANCE_VIA_YFINANCE
2026-04-10,VOLTAS,VOLTAS.NS,1311.47998,1315.599976,1419604,YAHOO_FINANCE_VIA_YFINANCE
2026-04-13,ABB,ABB.NS,6721.556641,6828.5,320237,YAHOO_FINANCE_VIA_YFINANCE
2026-04-13,APLAPOLLO,APLAPOLLO.NS,1979.800049,1979.800049,1776804,YAHOO_FINANCE_VIA_YFINANCE
2026-04-13,APOLLOHOSP,APOLLOHOSP.NS,7507.760254,7516.5,310575,YAHOO_FINANCE_VIA_YFINANCE
2026-04-13,ASIANPAINT,ASIANPAINT.NS,2332.166016,2352.399902,1734562,YAHOO_FINANCE_VIA_YFINANCE
2026-04-13,ASTRAL,ASTRAL.NS,1622.547974,1625.099976,652584,YAHOO_FINANCE_VIA_YFINANCE
2026-04-13,AXISBANK,AXISBANK.NS,1352.556885,1353.599976,8974851,YAHOO_FINANCE_VIA_YFINANCE
2026-04-13,BAJFINANCE,BAJFINANCE.NS,893.4577637,898.9500122,10723313,YAHOO_FINANCE_VIA_YFINANCE
2026-04-13,BALKRISIND,BALKRISIND.NS,2226.554199,2234.300049,134847,YAHOO_FINANCE_VIA_YFINANCE
2026-04-13,BANKBARODA,BANKBARODA.NS,267.0815125,275.7200012,12303610,YAHOO_FINANCE_VIA_YFINANCE
2026-04-13,BANKNIFTY,^NSEBANK,55605.05078,55605.05078,303600,YAHOO_FINANCE_VIA_YFINANCE
2026-04-13,BEL,BEL.NS,440.9513855,441.5499878,15149734,YAHOO_FINANCE_VIA_YFINANCE
2026-04-13,BHARTIARTL,BHARTIARTL.NS,1847.646973,1870.900024,10371983,YAHOO_FINANCE_VIA_YFINANCE
2026-04-13,CIPLA,CIPLA.NS,1199.843628,1211.099976,1611654,YAHOO_FINANCE_VIA_YFINANCE
2026-04-13,COFORGE,COFORGE.NS,1225.625488,1231.300049,2000659,YAHOO_FINANCE_VIA_YFINANCE
2026-04-13,CROMPTON,CROMPTON.NS,234.8456268,237.6699982,1952501,YAHOO_FINANCE_VIA_YFINANCE
2026-04-13,CUMMINSIND,CUMMINSIND.NS,4950.340332,4991.399902,869786,YAHOO_FINANCE_VIA_YFINANCE
2026-04-13,DEEPAKNTR,DEEPAKNTR.NS,1466.70105,1473.400024,220572,YAHOO_FINANCE_VIA_YFINANCE
2026-04-13,DIXON,DIXON.NS,10503.5,10503.5,570575,YAHOO_FINANCE_VIA_YFINANCE
2026-04-13,DRREDDY,DRREDDY.NS,1228.111694,1235.900024,1463269,YAHOO_FINANCE_VIA_YFINANCE
2026-04-13,ESCORTS,ESCORTS.NS,3099.329834,3134.399902,50767,YAHOO_FINANCE_VIA_YFINANCE
2026-04-13,FEDERALBNK,FEDERALBNK.NS,287.2187805,288.2000122,7132285,YAHOO_FINANCE_VIA_YFINANCE
2026-04-13,HAL,HAL.NS,4091.608887,4099.899902,1090938,YAHOO_FINANCE_VIA_YFINANCE
2026-04-13,HDFCBANK,HDFCBANK.NS,781.7699585,794.7000122,47549328,YAHOO_FINANCE_VIA_YFINANCE
2026-04-13,HINDUNILVR,HINDUNILVR.NS,2105.781006,2127.199951,1994541,YAHOO_FINANCE_VIA_YFINANCE
2026-04-13,ICICIBANK,ICICIBANK.NS,1339.804688,1351.099976,30572141,YAHOO_FINANCE_VIA_YFINANCE
2026-04-13,IDFCFIRSTB,IDFCFIRSTB.NS,64.67002106,64.86000061,19477821,YAHOO_FINANCE_VIA_YFINANCE
2026-04-13,INDUSINDBK,INDUSINDBK.NS,817.5758057,818.9000244,1555260,YAHOO_FINANCE_VIA_YFINANCE
2026-04-13,INFY,INFY.NS,1249.756104,1276.800049,10366082,YAHOO_FINANCE_VIA_YFINANCE
2026-04-13,KAYNES,KAYNES.NS,3878.600098,3878.600098,1003874,YAHOO_FINANCE_VIA_YFINANCE
2026-04-13,KEI,KEI.NS,4458.700195,4458.700195,334642,YAHOO_FINANCE_VIA_YFINANCE
2026-04-13,KOTAKBANK,KOTAKBANK.NS,371.2590332,371.8999939,30027087,YAHOO_FINANCE_VIA_YFINANCE
2026-04-13,KPITTECH,KPITTECH.NS,703.90625,709.8499756,1240536,YAHOO_FINANCE_VIA_YFINANCE
2026-04-13,LALPATHLAB,LALPATHLAB.NS,1372.819214,1379.800049,221024,YAHOO_FINANCE_VIA_YFINANCE
2026-04-13,LT,LT.NS,3916.050537,3954.300049,4897563,YAHOO_FINANCE_VIA_YFINANCE
2026-04-13,M&M,M&M.NS,3186.734375,3220.199951,3183080,YAHOO_FINANCE_VIA_YFINANCE
2026-04-13,MARUTI,MARUTI.NS,12945.98242,13076,1347910,YAHOO_FINANCE_VIA_YFINANCE
2026-04-13,MAXHEALTH,MAXHEALTH.NS,950.0116577,951.7000122,2381565,YAHOO_FINANCE_VIA_YFINANCE
2026-04-13,NIFTY,^NSEI,23842.65039,23842.65039,488800,YAHOO_FINANCE_VIA_YFINANCE
2026-04-13,PERSISTENT,PERSISTENT.NS,5358.787598,5377.399902,460222,YAHOO_FINANCE_VIA_YFINANCE
2026-04-13,PIIND,PIIND.NS,2898.994385,2909.399902,124551,YAHOO_FINANCE_VIA_YFINANCE
2026-04-13,POLYCAB,POLYCAB.NS,7512.35498,7548,493179,YAHOO_FINANCE_VIA_YFINANCE
2026-04-13,RELIANCE,RELIANCE.NS,1309.047485,1315.099976,28753269,YAHOO_FINANCE_VIA_YFINANCE
2026-04-13,SBIN,SBIN.NS,1044.718872,1063.550049,17763348,YAHOO_FINANCE_VIA_YFINANCE
2026-04-13,SIEMENS,SIEMENS.NS,3327.150391,3343.5,329882,YAHOO_FINANCE_VIA_YFINANCE
2026-04-13,SUNPHARMA,SUNPHARMA.NS,1647.881104,1652.199951,3751005,YAHOO_FINANCE_VIA_YFINANCE
2026-04-13,SUPREMEIND,SUPREMEIND.NS,3771.232422,3797.899902,329863,YAHOO_FINANCE_VIA_YFINANCE
2026-04-13,TATAMOTORS,TMPV.NS,342.6575623,345.5,13113105,YAHOO_FINANCE_VIA_YFINANCE
2026-04-13,TCS,TCS.NS,2426.219727,2472.600098,3739587,YAHOO_FINANCE_VIA_YFINANCE
2026-04-13,TITAN,TITAN.NS,4424.780762,4439.299805,850456,YAHOO_FINANCE_VIA_YFINANCE
2026-04-13,TRENT,TRENT.NS,2579.787842,2583.600098,639277,YAHOO_FINANCE_VIA_YFINANCE
2026-04-13,ULTRACEMCO,ULTRACEMCO.NS,11271.92188,11502,220442,YAHOO_FINANCE_VIA_YFINANCE
2026-04-13,VOLTAS,VOLTAS.NS,1357.335938,1361.599976,2793680,YAHOO_FINANCE_VIA_YFINANCE
2026-04-15,ABB,ABB.NS,6765.359863,6873,499662,YAHOO_FINANCE_VIA_YFINANCE
2026-04-15,APLAPOLLO,APLAPOLLO.NS,2041.5,2041.5,608070,YAHOO_FINANCE_VIA_YFINANCE
2026-04-15,APOLLOHOSP,APOLLOHOSP.NS,7633.114258,7642,464570,YAHOO_FINANCE_VIA_YFINANCE
2026-04-15,ASIANPAINT,ASIANPAINT.NS,2402.258057,2423.100098,1182431,YAHOO_FINANCE_VIA_YFINANCE
2026-04-15,ASTRAL,ASTRAL.NS,1628.438721,1631,896875,YAHOO_FINANCE_VIA_YFINANCE
2026-04-15,AXISBANK,AXISBANK.NS,1354.455444,1355.5,6789879,YAHOO_FINANCE_VIA_YFINANCE
2026-04-15,BAJFINANCE,BAJFINANCE.NS,907.5709839,913.1500244,5975197,YAHOO_FINANCE_VIA_YFINANCE
2026-04-15,BALKRISIND,BALKRISIND.NS,2314.049561,2322.100098,102416,YAHOO_FINANCE_VIA_YFINANCE
2026-04-15,BANKBARODA,BANKBARODA.NS,270.3265686,279.0700073,13447615,YAHOO_FINANCE_VIA_YFINANCE
2026-04-15,BANKNIFTY,^NSEBANK,56301.94922,56301.94922,268000,YAHOO_FINANCE_VIA_YFINANCE
2026-04-15,BEL,BEL.NS,447.0431213,447.6499939,9915383,YAHOO_FINANCE_VIA_YFINANCE
2026-04-15,BHARTIARTL,BHARTIARTL.NS,1832.635742,1855.699951,11049107,YAHOO_FINANCE_VIA_YFINANCE
2026-04-15,CIPLA,CIPLA.NS,1215.595825,1227,1297882,YAHOO_FINANCE_VIA_YFINANCE
2026-04-15,COFORGE,COFORGE.NS,1276.78833,1282.699951,2626157,YAHOO_FINANCE_VIA_YFINANCE
2026-04-15,CROMPTON,CROMPTON.NS,245.0034637,247.9499969,3545223,YAHOO_FINANCE_VIA_YFINANCE
2026-04-15,CUMMINSIND,CUMMINSIND.NS,4962.241699,5003.399902,806914,YAHOO_FINANCE_VIA_YFINANCE
2026-04-15,DEEPAKNTR,DEEPAKNTR.NS,1515.677368,1522.599976,292054,YAHOO_FINANCE_VIA_YFINANCE
2026-04-15,DIXON,DIXON.NS,11068.5,11068.5,852184,YAHOO_FINANCE_VIA_YFINANCE
2026-04-15,DRREDDY,DRREDDY.NS,1210.125854,1217.800049,4693413,YAHOO_FINANCE_VIA_YFINANCE
2026-04-15,ESCORTS,ESCORTS.NS,3194.651367,3230.800049,82520,YAHOO_FINANCE_VIA_YFINANCE
2026-04-15,FEDERALBNK,FEDERALBNK.NS,285.8733521,286.8500061,7778158,YAHOO_FINANCE_VIA_YFINANCE
2026-04-15,HAL,HAL.NS,4230.627441,4239.200195,1400340,YAHOO_FINANCE_VIA_YFINANCE
2026-04-15,HDFCBANK,HDFCBANK.NS,796.7226562,809.9000244,39769515,YAHOO_FINANCE_VIA_YFINANCE
2026-04-15,HINDUNILVR,HINDUNILVR.NS,2135.875,2157.600098,1552971,YAHOO_FINANCE_VIA_YFINANCE
2026-04-15,ICICIBANK,ICICIBANK.NS,1336.829834,1348.099976,23827473,YAHOO_FINANCE_VIA_YFINANCE
2026-04-15,IDFCFIRSTB,IDFCFIRSTB.NS,66.71401978,66.91000366,18463399,YAHOO_FINANCE_VIA_YFINANCE
2026-04-15,INDUSINDBK,INDUSINDBK.NS,838.7414551,840.0999756,3272348,YAHOO_FINANCE_VIA_YFINANCE
2026-04-15,INFY,INFY.NS,1277.652466,1305.300049,12098912,YAHOO_FINANCE_VIA_YFINANCE
2026-04-15,KAYNES,KAYNES.NS,4016.800049,4016.800049,1601955,YAHOO_FINANCE_VIA_YFINANCE
2026-04-15,KEI,KEI.NS,4598.5,4598.5,279299,YAHOO_FINANCE_VIA_YFINANCE
2026-04-15,KOTAKBANK,KOTAKBANK.NS,381.7409363,382.3999939,19100372,YAHOO_FINANCE_VIA_YFINANCE
2026-04-15,KPITTECH,KPITTECH.NS,722.5488892,728.6500244,1576485,YAHOO_FINANCE_VIA_YFINANCE
2026-04-15,LALPATHLAB,LALPATHLAB.NS,1430.426147,1437.699951,526477,YAHOO_FINANCE_VIA_YFINANCE
2026-04-15,LT,LT.NS,4036.870605,4076.300049,4562142,YAHOO_FINANCE_VIA_YFINANCE
2026-04-15,M&M,M&M.NS,3222.657227,3256.5,2591177,YAHOO_FINANCE_VIA_YFINANCE
2026-04-15,MARUTI,MARUTI.NS,13156.86523,13289,699458,YAHOO_FINANCE_VIA_YFINANCE
2026-04-15,MAXHEALTH,MAXHEALTH.NS,988.2936401,990.0499878,2759016,YAHOO_FINANCE_VIA_YFINANCE
2026-04-15,NIFTY,^NSEI,24231.30078,24231.30078,460300,YAHOO_FINANCE_VIA_YFINANCE
2026-04-15,PERSISTENT,PERSISTENT.NS,5469.503418,5488.5,512159,YAHOO_FINANCE_VIA_YFINANCE
2026-04-15,PIIND,PIIND.NS,3031.219971,3042.100098,529398,YAHOO_FINANCE_VIA_YFINANCE
2026-04-15,POLYCAB,POLYCAB.NS,7754.20752,7791,494604,YAHOO_FINANCE_VIA_YFINANCE
2026-04-15,RELIANCE,RELIANCE.NS,1337.914062,1344.099976,15313779,YAHOO_FINANCE_VIA_YFINANCE
2026-04-15,SBIN,SBIN.NS,1052.528076,1071.5,16195810,YAHOO_FINANCE_VIA_YFINANCE
2026-04-15,SIEMENS,SIEMENS.NS,3558.613037,3576.100098,2134727,YAHOO_FINANCE_VIA_YFINANCE
2026-04-15,SUNPHARMA,SUNPHARMA.NS,1692.165161,1696.599976,3760449,YAHOO_FINANCE_VIA_YFINANCE
2026-04-15,SUPREMEIND,SUPREMEIND.NS,3803.50415,3830.399902,157385,YAHOO_FINANCE_VIA_YFINANCE
2026-04-15,TATAMOTORS,TMPV.NS,354.9555359,357.8999939,12495093,YAHOO_FINANCE_VIA_YFINANCE
2026-04-15,TCS,TCS.NS,2506.97583,2554.899902,5261384,YAHOO_FINANCE_VIA_YFINANCE
2026-04-15,TITAN,TITAN.NS,4507.410156,4522.200195,918513,YAHOO_FINANCE_VIA_YFINANCE
2026-04-15,TRENT,TRENT.NS,2648.219971,2652.133301,1129743,YAHOO_FINANCE_VIA_YFINANCE
2026-04-15,ULTRACEMCO,ULTRACEMCO.NS,11549.26074,11785,274811,YAHOO_FINANCE_VIA_YFINANCE
2026-04-15,VOLTAS,VOLTAS.NS,1397.808838,1402.199951,1396462,YAHOO_FINANCE_VIA_YFINANCE
2026-04-16,ABB,ABB.NS,6775.695801,6883.5,548523,YAHOO_FINANCE_VIA_YFINANCE
2026-04-16,APLAPOLLO,APLAPOLLO.NS,2045.300049,2045.300049,528290,YAHOO_FINANCE_VIA_YFINANCE
2026-04-16,APOLLOHOSP,APOLLOHOSP.NS,7544.217773,7553,400487,YAHOO_FINANCE_VIA_YFINANCE
2026-04-16,ASIANPAINT,ASIANPAINT.NS,2419.310059,2440.300049,1496210,YAHOO_FINANCE_VIA_YFINANCE
2026-04-16,ASTRAL,ASTRAL.NS,1576.220825,1578.699951,2338081,YAHOO_FINANCE_VIA_YFINANCE
2026-04-16,AXISBANK,AXISBANK.NS,1348.559937,1349.599976,5232398,YAHOO_FINANCE_VIA_YFINANCE
2026-04-16,BAJFINANCE,BAJFINANCE.NS,900.3652954,905.9000244,11805227,YAHOO_FINANCE_VIA_YFINANCE
2026-04-16,BALKRISIND,BALKRISIND.NS,2334.279053,2342.399902,80523,YAHOO_FINANCE_VIA_YFINANCE
2026-04-16,BANKBARODA,BANKBARODA.NS,270.6365356,279.3900146,7908505,YAHOO_FINANCE_VIA_YFINANCE
2026-04-16,BANKNIFTY,^NSEBANK,56086.39844,56086.39844,402200,YAHOO_FINANCE_VIA_YFINANCE
2026-04-16,BEL,BEL.NS,455.0322571,455.6499939,12197884,YAHOO_FINANCE_VIA_YFINANCE
2026-04-16,BHARTIARTL,BHARTIARTL.NS,1817.723511,1840.599976,15871247,YAHOO_FINANCE_VIA_YFINANCE
2026-04-16,CIPLA,CIPLA.NS,1219.063354,1230.5,1778133,YAHOO_FINANCE_VIA_YFINANCE
2026-04-16,COFORGE,COFORGE.NS,1307.147827,1313.199951,3695658,YAHOO_FINANCE_VIA_YFINANCE
2026-04-16,CROMPTON,CROMPTON.NS,257.8687439,260.9700012,8988325,YAHOO_FINANCE_VIA_YFINANCE
2026-04-16,CUMMINSIND,CUMMINSIND.NS,4996.755859,5038.200195,666008,YAHOO_FINANCE_VIA_YFINANCE
2026-04-16,DEEPAKNTR,DEEPAKNTR.NS,1526.726807,1533.699951,189706,YAHOO_FINANCE_VIA_YFINANCE
2026-04-16,DIXON,DIXON.NS,11287,11287,1071854,YAHOO_FINANCE_VIA_YFINANCE
2026-04-16,DRREDDY,DRREDDY.NS,1213.703125,1221.400024,2014236,YAHOO_FINANCE_VIA_YFINANCE
2026-04-16,ESCORTS,ESCORTS.NS,3245.476318,3282.199951,111082,YAHOO_FINANCE_VIA_YFINANCE
2026-04-16,FEDERALBNK,FEDERALBNK.NS,283.4317017,284.3999939,10948325,YAHOO_FINANCE_VIA_YFINANCE
2026-04-16,HAL,HAL.NS,4354.576172,4363.399902,2251283,YAHOO_FINANCE_VIA_YFINANCE
2026-04-16,HDFCBANK,HDFCBANK.NS,782.5077515,795.4500122,62861293,YAHOO_FINANCE_VIA_YFINANCE
2026-04-16,HINDUNILVR,HINDUNILVR.NS,2117.561279,2139.100098,1845734,YAHOO_FINANCE_VIA_YFINANCE
2026-04-16,ICICIBANK,ICICIBANK.NS,1334.251587,1345.5,24017236,YAHOO_FINANCE_VIA_YFINANCE
2026-04-16,IDFCFIRSTB,IDFCFIRSTB.NS,67.62134552,67.81999969,35142366,YAHOO_FINANCE_VIA_YFINANCE
2026-04-16,INDUSINDBK,INDUSINDBK.NS,846.5289307,847.9000244,3785293,YAHOO_FINANCE_VIA_YFINANCE
2026-04-16,INFY,INFY.NS,1291.257935,1319.199951,18527029,YAHOO_FINANCE_VIA_YFINANCE
2026-04-16,KAYNES,KAYNES.NS,4202.200195,4202.200195,2268105,YAHOO_FINANCE_VIA_YFINANCE
2026-04-16,KEI,KEI.NS,4647.399902,4647.399902,340276,YAHOO_FINANCE_VIA_YFINANCE
2026-04-16,KOTAKBANK,KOTAKBANK.NS,378.4965515,379.1499939,12060624,YAHOO_FINANCE_VIA_YFINANCE
2026-04-16,KPITTECH,KPITTECH.NS,740.0015259,746.25,2570211,YAHOO_FINANCE_VIA_YFINANCE
2026-04-16,LALPATHLAB,LALPATHLAB.NS,1403.662354,1410.800049,348772,YAHOO_FINANCE_VIA_YFINANCE
2026-04-16,LT,LT.NS,4079.949463,4119.799805,5092608,YAHOO_FINANCE_VIA_YFINANCE
2026-04-16,M&M,M&M.NS,3188.812744,3222.300049,2678634,YAHOO_FINANCE_VIA_YFINANCE
2026-04-16,MARUTI,MARUTI.NS,13202.40723,13335,527309,YAHOO_FINANCE_VIA_YFINANCE
2026-04-16,MAXHEALTH,MAXHEALTH.NS,988.8925781,990.6500244,3370119,YAHOO_FINANCE_VIA_YFINANCE
2026-04-16,NIFTY,^NSEI,24196.75,24196.75,508000,YAHOO_FINANCE_VIA_YFINANCE
2026-04-16,PERSISTENT,PERSISTENT.NS,5481.461914,5500.5,615320,YAHOO_FINANCE_VIA_YFINANCE
2026-04-16,PIIND,PIIND.NS,3101.069092,3112.199951,370603,YAHOO_FINANCE_VIA_YFINANCE
2026-04-16,POLYCAB,POLYCAB.NS,7866.17627,7903.5,272451,YAHOO_FINANCE_VIA_YFINANCE
2026-04-16,RELIANCE,RELIANCE.NS,1337.117798,1343.300049,30211012,YAHOO_FINANCE_VIA_YFINANCE
2026-04-16,SBIN,SBIN.NS,1048.255127,1067.150024,20313165,YAHOO_FINANCE_VIA_YFINANCE
2026-04-16,SIEMENS,SIEMENS.NS,3546.373291,3563.800049,1020682,YAHOO_FINANCE_VIA_YFINANCE
2026-04-16,SUNPHARMA,SUNPHARMA.NS,1688.674316,1693.099976,4512633,YAHOO_FINANCE_VIA_YFINANCE
2026-04-16,SUPREMEIND,SUPREMEIND.NS,3638.073975,3663.800049,602516,YAHOO_FINANCE_VIA_YFINANCE
2026-04-16,TATAMOTORS,TMPV.NS,353.3686829,356.2999878,6871023,YAHOO_FINANCE_VIA_YFINANCE
2026-04-16,TCS,TCS.NS,2528.562988,2576.899902,3905403,YAHOO_FINANCE_VIA_YFINANCE
2026-04-16,TITAN,TITAN.NS,4446.808594,4461.399902,1283713,YAHOO_FINANCE_VIA_YFINANCE
2026-04-16,TRENT,TRENT.NS,2718.18335,2722.199951,2089150,YAHOO_FINANCE_VIA_YFINANCE
2026-04-16,ULTRACEMCO,ULTRACEMCO.NS,11589.44043,11826,308549,YAHOO_FINANCE_VIA_YFINANCE
2026-04-16,VOLTAS,VOLTAS.NS,1404.388184,1408.800049,1292882,YAHOO_FINANCE_VIA_YFINANCE
2026-04-17,ABB,ABB.NS,6919.40918,7029.5,558816,YAHOO_FINANCE_VIA_YFINANCE
2026-04-17,APLAPOLLO,APLAPOLLO.NS,2105.699951,2105.699951,725283,YAHOO_FINANCE_VIA_YFINANCE
2026-04-17,APOLLOHOSP,APOLLOHOSP.NS,7690.047852,7699,343875,YAHOO_FINANCE_VIA_YFINANCE
2026-04-17,ASIANPAINT,ASIANPAINT.NS,2442.806152,2464,1286575,YAHOO_FINANCE_VIA_YFINANCE
2026-04-17,ASTRAL,ASTRAL.NS,1602.479614,1605,1631264,YAHOO_FINANCE_VIA_YFINANCE
2026-04-17,AXISBANK,AXISBANK.NS,1358.052612,1359.099976,4062181,YAHOO_FINANCE_VIA_YFINANCE
2026-04-17,BAJFINANCE,BAJFINANCE.NS,902.7009277,908.25,6035241,YAHOO_FINANCE_VIA_YFINANCE
2026-04-17,BALKRISIND,BALKRISIND.NS,2321.723145,2329.800049,729753,YAHOO_FINANCE_VIA_YFINANCE
2026-04-17,BANKBARODA,BANKBARODA.NS,271.6536255,280.4400024,6831951,YAHOO_FINANCE_VIA_YFINANCE
2026-04-17,BANKNIFTY,^NSEBANK,56565.69922,56565.69922,290600,YAHOO_FINANCE_VIA_YFINANCE
2026-04-17,BEL,BEL.NS,462.1226501,462.75,14128030,YAHOO_FINANCE_VIA_YFINANCE
2026-04-17,BHARTIARTL,BHARTIARTL.NS,1823.94519,1846.900024,7344787,YAHOO_FINANCE_VIA_YFINANCE
2026-04-17,CIPLA,CIPLA.NS,1229.2677,1240.800049,2291092,YAHOO_FINANCE_VIA_YFINANCE
2026-04-17,COFORGE,COFORGE.NS,1310.731323,1316.800049,2822554,YAHOO_FINANCE_VIA_YFINANCE
2026-04-17,CROMPTON,CROMPTON.NS,258.3430481,261.4500122,4340724,YAHOO_FINANCE_VIA_YFINANCE
2026-04-17,CUMMINSIND,CUMMINSIND.NS,5098.61084,5140.899902,529710,YAHOO_FINANCE_VIA_YFINANCE
2026-04-17,DEEPAKNTR,DEEPAKNTR.NS,1531.106934,1538.099976,385762,YAHOO_FINANCE_VIA_YFINANCE
2026-04-17,DIXON,DIXON.NS,11371.5,11371.5,733121,YAHOO_FINANCE_VIA_YFINANCE
2026-04-17,DRREDDY,DRREDDY.NS,1227.912964,1235.699951,2564061,YAHOO_FINANCE_VIA_YFINANCE
2026-04-17,ESCORTS,ESCORTS.NS,3258.133057,3295,84860,YAHOO_FINANCE_VIA_YFINANCE
2026-04-17,FEDERALBNK,FEDERALBNK.NS,292.7498474,293.75,9241911,YAHOO_FINANCE_VIA_YFINANCE
2026-04-17,HAL,HAL.NS,4379.226074,4388.100098,1038094,YAHOO_FINANCE_VIA_YFINANCE
2026-04-17,HDFCBANK,HDFCBANK.NS,786.885376,799.9000244,37282544,YAHOO_FINANCE_VIA_YFINANCE
2026-04-17,HINDUNILVR,HINDUNILVR.NS,2218.237061,2240.800049,4882697,YAHOO_FINANCE_VIA_YFINANCE
2026-04-17,ICICIBANK,ICICIBANK.NS,1335.540771,1346.800049,18151993,YAHOO_FINANCE_VIA_YFINANCE
2026-04-17,IDFCFIRSTB,IDFCFIRSTB.NS,68.32926941,68.52999878,16355291,YAHOO_FINANCE_VIA_YFINANCE
2026-04-17,INDUSINDBK,INDUSINDBK.NS,852.5192261,853.9000244,1850548,YAHOO_FINANCE_VIA_YFINANCE
2026-04-17,INFY,INFY.NS,1290.768555,1318.699951,12064048,YAHOO_FINANCE_VIA_YFINANCE
2026-04-17,KAYNES,KAYNES.NS,4214.399902,4214.399902,1175454,YAHOO_FINANCE_VIA_YFINANCE
2026-04-17,KEI,KEI.NS,4839.299805,4839.299805,489014,YAHOO_FINANCE_VIA_YFINANCE
2026-04-17,KOTAKBANK,KOTAKBANK.NS,382.9388733,383.6000061,11626179,YAHOO_FINANCE_VIA_YFINANCE
2026-04-17,KPITTECH,KPITTECH.NS,741.5385132,747.7999878,1541544,YAHOO_FINANCE_VIA_YFINANCE
2026-04-17,LALPATHLAB,LALPATHLAB.NS,1395.006348,1402.099976,185175,YAHOO_FINANCE_VIA_YFINANCE
2026-04-17,LT,LT.NS,4056.479004,4096.100098,2796673,YAHOO_FINANCE_VIA_YFINANCE
2026-04-17,M&M,M&M.NS,3166.942383,3200.199951,2180404,YAHOO_FINANCE_VIA_YFINANCE
2026-04-17,MARUTI,MARUTI.NS,13319.23438,13453,549308,YAHOO_FINANCE_VIA_YFINANCE
2026-04-17,MAXHEALTH,MAXHEALTH.NS,1005.862427,1007.650024,1640745,YAHOO_FINANCE_VIA_YFINANCE
2026-04-17,NIFTY,^NSEI,24353.55078,24353.55078,498600,YAHOO_FINANCE_VIA_YFINANCE
2026-04-17,PERSISTENT,PERSISTENT.NS,5427.648438,5446.5,841855,YAHOO_FINANCE_VIA_YFINANCE
2026-04-17,PIIND,PIIND.NS,3128.470703,3139.699951,467006,YAHOO_FINANCE_VIA_YFINANCE
2026-04-17,POLYCAB,POLYCAB.NS,8143.858887,8182.5,683294,YAHOO_FINANCE_VIA_YFINANCE
2026-04-17,RELIANCE,RELIANCE.NS,1358.717896,1365,13869105,YAHOO_FINANCE_VIA_YFINANCE
2026-04-17,SBIN,SBIN.NS,1061.123169,1080.25,16823879,YAHOO_FINANCE_VIA_YFINANCE
2026-04-17,SIEMENS,SIEMENS.NS,3689.768311,3707.899902,1034058,YAHOO_FINANCE_VIA_YFINANCE
2026-04-17,SUNPHARMA,SUNPHARMA.NS,1671.120361,1675.5,3146482,YAHOO_FINANCE_VIA_YFINANCE
2026-04-17,SUPREMEIND,SUPREMEIND.NS,3682.956543,3709,1177024,YAHOO_FINANCE_VIA_YFINANCE
2026-04-17,TATAMOTORS,TMPV.NS,357.1374512,360.1000061,7314044,YAHOO_FINANCE_VIA_YFINANCE
2026-04-17,TCS,TCS.NS,2533.07666,2581.5,2718206,YAHOO_FINANCE_VIA_YFINANCE
2026-04-17,TITAN,TITAN.NS,4511.097656,4525.899902,2124034,YAHOO_FINANCE_VIA_YFINANCE
2026-04-17,TRENT,TRENT.NS,2734.426025,2738.466553,1872909,YAHOO_FINANCE_VIA_YFINANCE
2026-04-17,ULTRACEMCO,ULTRACEMCO.NS,11648.24023,11886,165109,YAHOO_FINANCE_VIA_YFINANCE
2026-04-17,VOLTAS,VOLTAS.NS,1435.590088,1440.099976,1266294,YAHOO_FINANCE_VIA_YFINANCE
2026-04-20,ABB,ABB.NS,7045.896484,7158,559841,YAHOO_FINANCE_VIA_YFINANCE
2026-04-20,APLAPOLLO,APLAPOLLO.NS,2143.899902,2143.899902,1061518,YAHOO_FINANCE_VIA_YFINANCE
2026-04-20,APOLLOHOSP,APOLLOHOSP.NS,7648.09668,7657,344019,YAHOO_FINANCE_VIA_YFINANCE
2026-04-20,ASIANPAINT,ASIANPAINT.NS,2495.1521,2516.800049,1203157,YAHOO_FINANCE_VIA_YFINANCE
2026-04-20,ASTRAL,ASTRAL.NS,1588.901001,1591.400024,793939,YAHOO_FINANCE_VIA_YFINANCE
2026-04-20,AXISBANK,AXISBANK.NS,1353.656006,1354.699951,4878641,YAHOO_FINANCE_VIA_YFINANCE
2026-04-20,BAJFINANCE,BAJFINANCE.NS,912.1428833,917.75,6184179,YAHOO_FINANCE_VIA_YFINANCE
2026-04-20,BALKRISIND,BALKRISIND.NS,2274.088867,2282,168809,YAHOO_FINANCE_VIA_YFINANCE
2026-04-20,BANKBARODA,BANKBARODA.NS,272.20578,281.0100098,12006723,YAHOO_FINANCE_VIA_YFINANCE
2026-04-20,BANKNIFTY,^NSEBANK,56582.35156,56582.35156,596100,YAHOO_FINANCE_VIA_YFINANCE
2026-04-20,BEL,BEL.NS,456.9296875,457.5499878,9914017,YAHOO_FINANCE_VIA_YFINANCE
2026-04-20,BHARTIARTL,BHARTIARTL.NS,1823.155151,1846.099976,9243641,YAHOO_FINANCE_VIA_YFINANCE
2026-04-20,CIPLA,CIPLA.NS,1218.072632,1229.5,1158618,YAHOO_FINANCE_VIA_YFINANCE
2026-04-20,COFORGE,COFORGE.NS,1282.163574,1288.099976,2018128,YAHOO_FINANCE_VIA_YFINANCE
2026-04-20,CROMPTON,CROMPTON.NS,258.1157837,261.2200012,5611186,YAHOO_FINANCE_VIA_YFINANCE
2026-04-20,CUMMINSIND,CUMMINSIND.NS,5157.521973,5200.299805,616937,YAHOO_FINANCE_VIA_YFINANCE
2026-04-20,DEEPAKNTR,DEEPAKNTR.NS,1528.419189,1535.400024,121763,YAHOO_FINANCE_VIA_YFINANCE
2026-04-20,DIXON,DIXON.NS,11211,11211,630673,YAHOO_FINANCE_VIA_YFINANCE
2026-04-20,DRREDDY,DRREDDY.NS,1224.83252,1232.599976,1605279,YAHOO_FINANCE_VIA_YFINANCE
2026-04-20,ESCORTS,ESCORTS.NS,3278.898193,3316,89478,YAHOO_FINANCE_VIA_YFINANCE
2026-04-20,FEDERALBNK,FEDERALBNK.NS,293.3478088,294.3500061,11292785,YAHOO_FINANCE_VIA_YFINANCE
2026-04-20,HAL,HAL.NS,4335.714355,4344.5,898541,YAHOO_FINANCE_VIA_YFINANCE
2026-04-20,HDFCBANK,HDFCBANK.NS,782.5077515,795.4500122,52148044,YAHOO_FINANCE_VIA_YFINANCE
2026-04-20,HINDUNILVR,HINDUNILVR.NS,2209.030762,2231.5,1460822,YAHOO_FINANCE_VIA_YFINANCE
2026-04-20,ICICIBANK,ICICIBANK.NS,1344.862061,1356.199951,21551520,YAHOO_FINANCE_VIA_YFINANCE
2026-04-20,IDFCFIRSTB,IDFCFIRSTB.NS,67.30228424,67.5,15818282,YAHOO_FINANCE_VIA_YFINANCE
2026-04-20,INDUSINDBK,INDUSINDBK.NS,850.5723267,851.9500122,2453075,YAHOO_FINANCE_VIA_YFINANCE
2026-04-20,INFY,INFY.NS,1284.797729,1312.599976,7172300,YAHOO_FINANCE_VIA_YFINANCE
2026-04-20,KAYNES,KAYNES.NS,4222.600098,4222.600098,1389449,YAHOO_FINANCE_VIA_YFINANCE
2026-04-20,KEI,KEI.NS,4880.600098,4880.600098,360940,YAHOO_FINANCE_VIA_YFINANCE
2026-04-20,KOTAKBANK,KOTAKBANK.NS,378.5464783,379.2000122,11146713,YAHOO_FINANCE_VIA_YFINANCE
2026-04-20,KPITTECH,KPITTECH.NS,728.2507324,734.4000244,1674776,YAHOO_FINANCE_VIA_YFINANCE
2026-04-20,LALPATHLAB,LALPATHLAB.NS,1411.422852,1418.599976,257134,YAHOO_FINANCE_VIA_YFINANCE
2026-04-20,LT,LT.NS,4011.815186,4051,3545024,YAHOO_FINANCE_VIA_YFINANCE
2026-04-20,M&M,M&M.NS,3188.120117,3221.600098,3201466,YAHOO_FINANCE_VIA_YFINANCE
2026-04-20,MARUTI,MARUTI.NS,13316.26367,13450,348629,YAHOO_FINANCE_VIA_YFINANCE
2026-04-20,MAXHEALTH,MAXHEALTH.NS,1009.555847,1011.349976,2301160,YAHOO_FINANCE_VIA_YFINANCE
2026-04-20,NIFTY,^NSEI,24364.84961,24364.84961,415900,YAHOO_FINANCE_VIA_YFINANCE
2026-04-20,PERSISTENT,PERSISTENT.NS,5306.768555,5325.200195,1021416,YAHOO_FINANCE_VIA_YFINANCE
2026-04-20,PIIND,PIIND.NS,3026.138184,3037,240900,YAHOO_FINANCE_VIA_YFINANCE
2026-04-20,POLYCAB,POLYCAB.NS,8159.783203,8198.5,403635,YAHOO_FINANCE_VIA_YFINANCE
2026-04-20,RELIANCE,RELIANCE.NS,1357.025757,1363.300049,13614733,YAHOO_FINANCE_VIA_YFINANCE
2026-04-20,SBIN,SBIN.NS,1088.234497,1107.849976,31179584,YAHOO_FINANCE_VIA_YFINANCE
2026-04-20,SIEMENS,SIEMENS.NS,3690.863037,3709,659226,YAHOO_FINANCE_VIA_YFINANCE
2026-04-20,SUNPHARMA,SUNPHARMA.NS,1664.238281,1668.599976,1834532,YAHOO_FINANCE_VIA_YFINANCE
2026-04-20,SUPREMEIND,SUPREMEIND.NS,3685.737061,3711.800049,145589,YAHOO_FINANCE_VIA_YFINANCE
2026-04-20,TATAMOTORS,TMPV.NS,352.7736511,355.7000122,7216605,YAHOO_FINANCE_VIA_YFINANCE
2026-04-20,TCS,TCS.NS,2531.212646,2579.600098,2288558,YAHOO_FINANCE_VIA_YFINANCE
2026-04-20,TITAN,TITAN.NS,4498.239746,4513,1646815,YAHOO_FINANCE_VIA_YFINANCE
2026-04-20,TRENT,TRENT.NS,2824.359863,2828.533447,3342232,YAHOO_FINANCE_VIA_YFINANCE
2026-04-20,ULTRACEMCO,ULTRACEMCO.NS,11678.62012,11917,335624,YAHOO_FINANCE_VIA_YFINANCE
2026-04-20,VOLTAS,VOLTAS.NS,1433.496704,1438,1789507,YAHOO_FINANCE_VIA_YFINANCE
2026-04-21,ABB,ABB.NS,7141.377441,7255,260767,YAHOO_FINANCE_VIA_YFINANCE
2026-04-21,APLAPOLLO,APLAPOLLO.NS,2106.600098,2106.600098,593683,YAHOO_FINANCE_VIA_YFINANCE
2026-04-21,APOLLOHOSP,APOLLOHOSP.NS,7734.995605,7744,312758,YAHOO_FINANCE_VIA_YFINANCE
2026-04-21,ASIANPAINT,ASIANPAINT.NS,2521.72168,2543.600098,1681872,YAHOO_FINANCE_VIA_YFINANCE
2026-04-21,ASTRAL,ASTRAL.NS,1580.014893,1582.5,697463,YAHOO_FINANCE_VIA_YFINANCE
2026-04-21,AXISBANK,AXISBANK.NS,1376.638306,1377.699951,5145338,YAHOO_FINANCE_VIA_YFINANCE
2026-04-21,BAJFINANCE,BAJFINANCE.NS,933.1139526,938.8499756,6713975,YAHOO_FINANCE_VIA_YFINANCE
2026-04-21,BALKRISIND,BALKRISIND.NS,2296.112305,2304.100098,139527,YAHOO_FINANCE_VIA_YFINANCE
2026-04-21,BANKBARODA,BANKBARODA.NS,275.1505127,284.0499878,7814738,YAHOO_FINANCE_VIA_YFINANCE
2026-04-21,BANKNIFTY,^NSEBANK,57371.44922,57371.44922,281400,YAHOO_FINANCE_VIA_YFINANCE
2026-04-21,BEL,BEL.NS,450.8879089,451.5,13492130,YAHOO_FINANCE_VIA_YFINANCE
2026-04-21,BHARTIARTL,BHARTIARTL.NS,1831.94458,1855,10485373,YAHOO_FINANCE_VIA_YFINANCE
2026-04-21,CIPLA,CIPLA.NS,1221.044678,1232.5,1428292,YAHOO_FINANCE_VIA_YFINANCE
2026-04-21,COFORGE,COFORGE.NS,1286.841919,1292.800049,1636421,YAHOO_FINANCE_VIA_YFINANCE
2026-04-21,CROMPTON,CROMPTON.NS,255.5763092,258.6499939,1785812,YAHOO_FINANCE_VIA_YFINANCE
2026-04-21,CUMMINSIND,CUMMINSIND.NS,5074.312012,5116.399902,717933,YAHOO_FINANCE_VIA_YFINANCE
2026-04-21,DEEPAKNTR,DEEPAKNTR.NS,1637.321777,1644.800049,622735,YAHOO_FINANCE_VIA_YFINANCE
2026-04-21,DIXON,DIXON.NS,11265,11265,403154,YAHOO_FINANCE_VIA_YFINANCE
2026-04-21,DRREDDY,DRREDDY.NS,1212.908081,1220.599976,1230733,YAHOO_FINANCE_VIA_YFINANCE
2026-04-21,ESCORTS,ESCORTS.NS,3322.306885,3359.899902,107390,YAHOO_FINANCE_VIA_YFINANCE
2026-04-21,FEDERALBNK,FEDERALBNK.NS,294.743042,295.75,7746822,YAHOO_FINANCE_VIA_YFINANCE
2026-04-21,HAL,HAL.NS,4349.585938,4358.399902,616910,YAHOO_FINANCE_VIA_YFINANCE
2026-04-21,HDFCBANK,HDFCBANK.NS,798.5425415,811.75,49135752,YAHOO_FINANCE_VIA_YFINANCE
2026-04-21,HINDUNILVR,HINDUNILVR.NS,2287.433105,2310.699951,3217281,YAHOO_FINANCE_VIA_YFINANCE
2026-04-21,ICICIBANK,ICICIBANK.NS,1376.792969,1388.400024,23312455,YAHOO_FINANCE_VIA_YFINANCE
2026-04-21,IDFCFIRSTB,IDFCFIRSTB.NS,67.74099731,67.94000244,10588919,YAHOO_FINANCE_VIA_YFINANCE
2026-04-21,INDUSINDBK,INDUSINDBK.NS,855.0151367,856.4000244,975223,YAHOO_FINANCE_VIA_YFINANCE
2026-04-21,INFY,INFY.NS,1285.38501,1313.199951,10057440,YAHOO_FINANCE_VIA_YFINANCE
2026-04-21,KAYNES,KAYNES.NS,4247.299805,4247.299805,985879,YAHOO_FINANCE_VIA_YFINANCE
2026-04-21,KEI,KEI.NS,4825.700195,4825.700195,411620,YAHOO_FINANCE_VIA_YFINANCE
2026-04-21,KOTAKBANK,KOTAKBANK.NS,381.4913635,382.1499939,12323488,YAHOO_FINANCE_VIA_YFINANCE
2026-04-21,KPITTECH,KPITTECH.NS,738.4644775,744.7000122,745302,YAHOO_FINANCE_VIA_YFINANCE
2026-04-21,LALPATHLAB,LALPATHLAB.NS,1429.729858,1437,914770,YAHOO_FINANCE_VIA_YFINANCE
2026-04-21,LT,LT.NS,4035.979004,4075.399902,2426718,YAHOO_FINANCE_VIA_YFINANCE
2026-04-21,M&M,M&M.NS,3213.552979,3247.300049,1972188,YAHOO_FINANCE_VIA_YFINANCE
2026-04-21,MARUTI,MARUTI.NS,13327.1543,13461,292879,YAHOO_FINANCE_VIA_YFINANCE
2026-04-21,MAXHEALTH,MAXHEALTH.NS,1018.440063,1020.25,1321746,YAHOO_FINANCE_VIA_YFINANCE
2026-04-21,NIFTY,^NSEI,24576.59961,24576.59961,425800,YAHOO_FINANCE_VIA_YFINANCE
2026-04-21,PERSISTENT,PERSISTENT.NS,5311.452148,5329.899902,1010633,YAHOO_FINANCE_VIA_YFINANCE
2026-04-21,PIIND,PIIND.NS,3010.494385,3021.300049,214653,YAHOO_FINANCE_VIA_YFINANCE
2026-04-21,POLYCAB,POLYCAB.NS,7917.930664,7955.5,443095,YAHOO_FINANCE_VIA_YFINANCE
2026-04-21,RELIANCE,RELIANCE.NS,1347.071777,1353.300049,27293629,YAHOO_FINANCE_VIA_YFINANCE
2026-04-21,SBIN,SBIN.NS,1092.163696,1111.849976,16963734,YAHOO_FINANCE_VIA_YFINANCE
2026-04-21,SIEMENS,SIEMENS.NS,3703.500977,3721.699951,371076,YAHOO_FINANCE_VIA_YFINANCE
2026-04-21,SUNPHARMA,SUNPHARMA.NS,1660.847168,1665.199951,3631490,YAHOO_FINANCE_VIA_YFINANCE
2026-04-21,SUPREMEIND,SUPREMEIND.NS,3640.854492,3666.600098,179930,YAHOO_FINANCE_VIA_YFINANCE
2026-04-21,TATAMOTORS,TMPV.NS,352.9719849,355.8999939,5922373,YAHOO_FINANCE_VIA_YFINANCE
2026-04-21,TCS,TCS.NS,2561.532959,2610.5,2719959,YAHOO_FINANCE_VIA_YFINANCE
2026-04-21,TITAN,TITAN.NS,4465.048828,4479.700195,656106,YAHOO_FINANCE_VIA_YFINANCE
2026-04-21,TRENT,TRENT.NS,2922.681152,2927,3657111,YAHOO_FINANCE_VIA_YFINANCE
2026-04-21,ULTRACEMCO,ULTRACEMCO.NS,11798.17969,12039,320111,YAHOO_FINANCE_VIA_YFINANCE
2026-04-21,VOLTAS,VOLTAS.NS,1452.636597,1457.199951,1068169,YAHOO_FINANCE_VIA_YFINANCE
2026-04-22,ABB,ABB.NS,7468.177734,7587,1729200,YAHOO_FINANCE_VIA_YFINANCE
2026-04-22,APLAPOLLO,APLAPOLLO.NS,2121.899902,2121.899902,263001,YAHOO_FINANCE_VIA_YFINANCE
2026-04-22,APOLLOHOSP,APOLLOHOSP.NS,7653.09082,7662,608446,YAHOO_FINANCE_VIA_YFINANCE
2026-04-22,ASIANPAINT,ASIANPAINT.NS,2540.855469,2562.899902,1126584,YAHOO_FINANCE_VIA_YFINANCE
2026-04-22,ASTRAL,ASTRAL.NS,1587.10376,1589.599976,555897,YAHOO_FINANCE_VIA_YFINANCE
2026-04-22,AXISBANK,AXISBANK.NS,1378.536865,1379.599976,3997911,YAHOO_FINANCE_VIA_YFINANCE
2026-04-22,BAJFINANCE,BAJFINANCE.NS,929.0390015,934.75,5759028,YAHOO_FINANCE_VIA_YFINANCE
2026-04-22,BALKRISIND,BALKRISIND.NS,2301.692627,2309.699951,63978,YAHOO_FINANCE_VIA_YFINANCE
2026-04-22,BANKBARODA,BANKBARODA.NS,273.910614,282.769989,7482697,YAHOO_FINANCE_VIA_YFINANCE
2026-04-22,BANKNIFTY,^NSEBANK,57124.44922,57124.44922,261900,YAHOO_FINANCE_VIA_YFINANCE
2026-04-22,BEL,BEL.NS,448.0917053,448.7000122,11538028,YAHOO_FINANCE_VIA_YFINANCE
2026-04-22,BHARTIARTL,BHARTIARTL.NS,1806.2677,1829,5687058,YAHOO_FINANCE_VIA_YFINANCE
2026-04-22,CIPLA,CIPLA.NS,1224.809448,1236.300049,1172238,YAHOO_FINANCE_VIA_YFINANCE
2026-04-22,COFORGE,COFORGE.NS,1230.104614,1235.800049,6289853,YAHOO_FINANCE_VIA_YFINANCE
2026-04-22,CROMPTON,CROMPTON.NS,258.2639771,261.3699951,2999029,YAHOO_FINANCE_VIA_YFINANCE
2026-04-22,CUMMINSIND,CUMMINSIND.NS,5168.927246,5211.799805,503337,YAHOO_FINANCE_VIA_YFINANCE
2026-04-22,DEEPAKNTR,DEEPAKNTR.NS,1737.563965,1745.5,800958,YAHOO_FINANCE_VIA_YFINANCE
2026-04-22,DIXON,DIXON.NS,11267,11267,474026,YAHOO_FINANCE_VIA_YFINANCE
2026-04-22,DRREDDY,DRREDDY.NS,1209.330811,1217,1573272,YAHOO_FINANCE_VIA_YFINANCE
2026-04-22,ESCORTS,ESCORTS.NS,3301.245361,3338.600098,71741,YAHOO_FINANCE_VIA_YFINANCE
2026-04-22,FEDERALBNK,FEDERALBNK.NS,295.4406738,296.4500122,6443950,YAHOO_FINANCE_VIA_YFINANCE
2026-04-22,HAL,HAL.NS,4391.700684,4400.600098,796091,YAHOO_FINANCE_VIA_YFINANCE
2026-04-22,HDFCBANK,HDFCBANK.NS,786.885376,799.9000244,23876412,YAHOO_FINANCE_VIA_YFINANCE
2026-04-22,HINDUNILVR,HINDUNILVR.NS,2344.948242,2368.800049,5558325,YAHOO_FINANCE_VIA_YFINANCE
2026-04-22,ICICIBANK,ICICIBANK.NS,1356.166748,1367.599976,13613487,YAHOO_FINANCE_VIA_YFINANCE
2026-04-22,IDFCFIRSTB,IDFCFIRSTB.NS,68.17970276,68.37999725,16016883,YAHOO_FINANCE_VIA_YFINANCE
2026-04-22,INDUSINDBK,INDUSINDBK.NS,868.6929321,870.0999756,2253573,YAHOO_FINANCE_VIA_YFINANCE
2026-04-22,INFY,INFY.NS,1241.729736,1268.599976,20088378,YAHOO_FINANCE_VIA_YFINANCE
2026-04-22,KAYNES,KAYNES.NS,4458.899902,4458.899902,1904268,YAHOO_FINANCE_VIA_YFINANCE
2026-04-22,KEI,KEI.NS,4909.700195,4909.700195,280906,YAHOO_FINANCE_VIA_YFINANCE
2026-04-22,KOTAKBANK,KOTAKBANK.NS,376.200531,376.8500061,14471487,YAHOO_FINANCE_VIA_YFINANCE
2026-04-22,KPITTECH,KPITTECH.NS,729.7877808,735.9500122,1703203,YAHOO_FINANCE_VIA_YFINANCE
2026-04-22,LALPATHLAB,LALPATHLAB.NS,1451.718018,1459.099976,388485,YAHOO_FINANCE_VIA_YFINANCE
2026-04-22,LT,LT.NS,3982.20459,4021.100098,2178082,YAHOO_FINANCE_VIA_YFINANCE
2026-04-22,M&M,M&M.NS,3116.967041,3149.699951,3096787,YAHOO_FINANCE_VIA_YFINANCE
2026-04-22,MARUTI,MARUTI.NS,13204.3877,13337,434640,YAHOO_FINANCE_VIA_YFINANCE
2026-04-22,MAXHEALTH,MAXHEALTH.NS,1003.566467,1005.349976,1410740,YAHOO_FINANCE_VIA_YFINANCE
2026-04-22,NIFTY,^NSEI,24378.09961,24378.09961,440500,YAHOO_FINANCE_VIA_YFINANCE
2026-04-22,PERSISTENT,PERSISTENT.NS,5055.740234,5073.299805,2183080,YAHOO_FINANCE_VIA_YFINANCE
2026-04-22,PIIND,PIIND.NS,3046.365479,3057.300049,225701,YAHOO_FINANCE_VIA_YFINANCE
2026-04-22,POLYCAB,POLYCAB.NS,8000.041016,8038,468978,YAHOO_FINANCE_VIA_YFINANCE
2026-04-22,RELIANCE,RELIANCE.NS,1355.831177,1362.099976,9525953,YAHOO_FINANCE_VIA_YFINANCE
2026-04-22,SBIN,SBIN.NS,1083.765137,1103.300049,12412659,YAHOO_FINANCE_VIA_YFINANCE
2026-04-22,SIEMENS,SIEMENS.NS,3825.501465,3844.300049,882278,YAHOO_FINANCE_VIA_YFINANCE
2026-04-22,SUNPHARMA,SUNPHARMA.NS,1665.435303,1669.800049,2169514,YAHOO_FINANCE_VIA_YFINANCE
2026-04-22,SUPREMEIND,SUPREMEIND.NS,3665.480225,3691.399902,266549,YAHOO_FINANCE_VIA_YFINANCE
2026-04-22,TATAMOTORS,TMPV.NS,358.8730469,361.8500061,14994313,YAHOO_FINANCE_VIA_YFINANCE
2026-04-22,TCS,TCS.NS,2490.883545,2538.5,5232045,YAHOO_FINANCE_VIA_YFINANCE
2026-04-22,TITAN,TITAN.NS,4440.03125,4454.600098,596352,YAHOO_FINANCE_VIA_YFINANCE
2026-04-22,TRENT,TRENT.NS,2951.971191,2956.333252,3895303,YAHOO_FINANCE_VIA_YFINANCE
2026-04-22,ULTRACEMCO,ULTRACEMCO.NS,11949.09961,12193,312307,YAHOO_FINANCE_VIA_YFINANCE
2026-04-22,VOLTAS,VOLTAS.NS,1476.960205,1481.599976,865864,YAHOO_FINANCE_VIA_YFINANCE
2026-04-23,ABB,ABB.NS,7456.85791,7575.5,376857,YAHOO_FINANCE_VIA_YFINANCE
2026-04-23,APLAPOLLO,APLAPOLLO.NS,2022.900024,2022.900024,568645,YAHOO_FINANCE_VIA_YFINANCE
2026-04-23,APOLLOHOSP,APOLLOHOSP.NS,7771.952637,7781,304110,YAHOO_FINANCE_VIA_YFINANCE
2026-04-23,ASIANPAINT,ASIANPAINT.NS,2499.712402,2521.399902,1378614,YAHOO_FINANCE_VIA_YFINANCE
2026-04-23,ASTRAL,ASTRAL.NS,1572.42688,1574.900024,414330,YAHOO_FINANCE_VIA_YFINANCE
2026-04-23,AXISBANK,AXISBANK.NS,1368.544556,1369.599976,5671255,YAHOO_FINANCE_VIA_YFINANCE
2026-04-23,BAJFINANCE,BAJFINANCE.NS,912.7391968,918.3499756,9143598,YAHOO_FINANCE_VIA_YFINANCE
2026-04-23,BALKRISIND,BALKRISIND.NS,2257.546143,2265.399902,84308,YAHOO_FINANCE_VIA_YFINANCE
2026-04-23,BANKBARODA,BANKBARODA.NS,267.6820984,276.3399963,8177124,YAHOO_FINANCE_VIA_YFINANCE
2026-04-23,BANKNIFTY,^NSEBANK,56305,56305,336300,YAHOO_FINANCE_VIA_YFINANCE
2026-04-23,BEL,BEL.NS,449.3399963,449.9500122,15021500,YAHOO_FINANCE_VIA_YFINANCE
2026-04-23,BHARTIARTL,BHARTIARTL.NS,1818.31604,1841.199951,7489947,YAHOO_FINANCE_VIA_YFINANCE
2026-04-23,CIPLA,CIPLA.NS,1293.762573,1305.900024,5274028,YAHOO_FINANCE_VIA_YFINANCE
2026-04-23,COFORGE,COFORGE.NS,1214.974609,1220.599976,2115050,YAHOO_FINANCE_VIA_YFINANCE
2026-04-23,CROMPTON,CROMPTON.NS,250.37883,253.3899994,5335493,YAHOO_FINANCE_VIA_YFINANCE
2026-04-23,CUMMINSIND,CUMMINSIND.NS,5134.314453,5176.899902,500090,YAHOO_FINANCE_VIA_YFINANCE
2026-04-23,DEEPAKNTR,DEEPAKNTR.NS,1724.025757,1731.900024,334195,YAHOO_FINANCE_VIA_YFINANCE
2026-04-23,DIXON,DIXON.NS,10866.5,10866.5,733524,YAHOO_FINANCE_VIA_YFINANCE
2026-04-23,DRREDDY,DRREDDY.NS,1322.612427,1331,16407707,YAHOO_FINANCE_VIA_YFINANCE
2026-04-23,ESCORTS,ESCORTS.NS,3271.976562,3309,77491,YAHOO_FINANCE_VIA_YFINANCE
2026-04-23,FEDERALBNK,FEDERALBNK.NS,294.3942261,295.3999939,3657050,YAHOO_FINANCE_VIA_YFINANCE
2026-04-23,HAL,HAL.NS,4343.698242,4352.5,629014,YAHOO_FINANCE_VIA_YFINANCE
2026-04-23,HDFCBANK,HDFCBANK.NS,771.5883179,784.3499756,37677616,YAHOO_FINANCE_VIA_YFINANCE
2026-04-23,HINDUNILVR,HINDUNILVR.NS,2342.572266,2366.399902,2063531,YAHOO_FINANCE_VIA_YFINANCE
2026-04-23,ICICIBANK,ICICIBANK.NS,1336.730713,1348,20111792,YAHOO_FINANCE_VIA_YFINANCE
2026-04-23,IDFCFIRSTB,IDFCFIRSTB.NS,67.63132477,67.83000183,19979812,YAHOO_FINANCE_VIA_YFINANCE
2026-04-23,INDUSINDBK,INDUSINDBK.NS,858.9587402,860.3499756,1561128,YAHOO_FINANCE_VIA_YFINANCE
2026-04-23,INFY,INFY.NS,1214.322754,1240.599976,14792854,YAHOO_FINANCE_VIA_YFINANCE
2026-04-23,KAYNES,KAYNES.NS,4387.700195,4387.700195,998599,YAHOO_FINANCE_VIA_YFINANCE
2026-04-23,KEI,KEI.NS,4839.5,4839.5,367334,YAHOO_FINANCE_VIA_YFINANCE
2026-04-23,KOTAKBANK,KOTAKBANK.NS,369.7616272,370.3999939,27628052,YAHOO_FINANCE_VIA_YFINANCE
2026-04-23,KPITTECH,KPITTECH.NS,727.507019,733.6500244,1046359,YAHOO_FINANCE_VIA_YFINANCE
2026-04-23,LALPATHLAB,LALPATHLAB.NS,1423.660645,1430.900024,217043,YAHOO_FINANCE_VIA_YFINANCE
2026-04-23,LT,LT.NS,4014.885254,4054.100098,2229134,YAHOO_FINANCE_VIA_YFINANCE
2026-04-23,M&M,M&M.NS,3016.0271,3047.699951,4540875,YAHOO_FINANCE_VIA_YFINANCE
2026-04-23,MARUTI,MARUTI.NS,13029.14746,13160,541086,YAHOO_FINANCE_VIA_YFINANCE
2026-04-23,MAXHEALTH,MAXHEALTH.NS,1004.963989,1006.75,1393123,YAHOO_FINANCE_VIA_YFINANCE
2026-04-23,NIFTY,^NSEI,24173.05078,24173.05078,467500,YAHOO_FINANCE_VIA_YFINANCE
2026-04-23,PERSISTENT,PERSISTENT.NS,5047.668457,5065.200195,600435,YAHOO_FINANCE_VIA_YFINANCE
2026-04-23,PIIND,PIIND.NS,3058.621582,3069.600098,140137,YAHOO_FINANCE_VIA_YFINANCE
2026-04-23,POLYCAB,POLYCAB.NS,7925.893066,7963.5,482518,YAHOO_FINANCE_VIA_YFINANCE
2026-04-23,RELIANCE,RELIANCE.NS,1337.217285,1343.400024,16385079,YAHOO_FINANCE_VIA_YFINANCE
2026-04-23,SBIN,SBIN.NS,1074.875244,1094.25,13669001,YAHOO_FINANCE_VIA_YFINANCE
2026-04-23,SIEMENS,SIEMENS.NS,3845.503174,3864.399902,663008,YAHOO_FINANCE_VIA_YFINANCE
2026-04-23,SUNPHARMA,SUNPHARMA.NS,1675.708252,1680.099976,3245164,YAHOO_FINANCE_VIA_YFINANCE
2026-04-23,SUPREMEIND,SUPREMEIND.NS,3651.479248,3677.300049,351905,YAHOO_FINANCE_VIA_YFINANCE
2026-04-23,TATAMOTORS,TMPV.NS,349.0545044,351.9500122,11374109,YAHOO_FINANCE_VIA_YFINANCE
2026-04-23,TCS,TCS.NS,2474.496826,2521.800049,2509050,YAHOO_FINANCE_VIA_YFINANCE
2026-04-23,TITAN,TITAN.NS,4441.924805,4456.5,680187,YAHOO_FINANCE_VIA_YFINANCE
2026-04-23,TRENT,TRENT.NS,2830.084717,2834.266602,7204105,YAHOO_FINANCE_VIA_YFINANCE
2026-04-23,ULTRACEMCO,ULTRACEMCO.NS,11923.61914,12167,227223,YAHOO_FINANCE_VIA_YFINANCE
2026-04-23,VOLTAS,VOLTAS.NS,1440.973267,1445.5,1043970,YAHOO_FINANCE_VIA_YFINANCE
2026-04-24,ABB,ABB.NS,7213.726562,7328.5,343502,YAHOO_FINANCE_VIA_YFINANCE
2026-04-24,APLAPOLLO,APLAPOLLO.NS,2004.5,2004.5,581997,YAHOO_FINANCE_VIA_YFINANCE
2026-04-24,APOLLOHOSP,APOLLOHOSP.NS,7723.508789,7732.5,407458,YAHOO_FINANCE_VIA_YFINANCE
2026-04-24,ASIANPAINT,ASIANPAINT.NS,2463.724854,2485.100098,436871,YAHOO_FINANCE_VIA_YFINANCE
2026-04-24,ASTRAL,ASTRAL.NS,1560.745239,1563.199951,2390129,YAHOO_FINANCE_VIA_YFINANCE
2026-04-24,AXISBANK,AXISBANK.NS,1364.847412,1365.900024,3648313,YAHOO_FINANCE_VIA_YFINANCE
2026-04-24,BAJFINANCE,BAJFINANCE.NS,915.9196167,921.5499878,3982355,YAHOO_FINANCE_VIA_YFINANCE
2026-04-24,BALKRISIND,BALKRISIND.NS,2217.684814,2225.399902,134893,YAHOO_FINANCE_VIA_YFINANCE
2026-04-24,BANKBARODA,BANKBARODA.NS,265.5413208,274.1300049,7797230,YAHOO_FINANCE_VIA_YFINANCE
2026-04-24,BANKNIFTY,^NSEBANK,56089.75,56089.75,241200,YAHOO_FINANCE_VIA_YFINANCE
2026-04-24,BEL,BEL.NS,443.8474731,444.4500122,11651499,YAHOO_FINANCE_VIA_YFINANCE
2026-04-24,BHARTIARTL,BHARTIARTL.NS,1791.947876,1814.5,6306448,YAHOO_FINANCE_VIA_YFINANCE
2026-04-24,CIPLA,CIPLA.NS,1282.963867,1295,4427307,YAHOO_FINANCE_VIA_YFINANCE
2026-04-24,COFORGE,COFORGE.NS,1145.595947,1150.900024,5331848,YAHOO_FINANCE_VIA_YFINANCE
2026-04-24,CROMPTON,CROMPTON.NS,247.2563782,250.2299957,2472229,YAHOO_FINANCE_VIA_YFINANCE
2026-04-24,CUMMINSIND,CUMMINSIND.NS,5188.961426,5232,495775,YAHOO_FINANCE_VIA_YFINANCE
2026-04-24,DEEPAKNTR,DEEPAKNTR.NS,1682.61499,1690.300049,129232,YAHOO_FINANCE_VIA_YFINANCE
2026-04-24,DIXON,DIXON.NS,10815.5,10815.5,709864,YAHOO_FINANCE_VIA_YFINANCE
2026-04-24,DRREDDY,DRREDDY.NS,1308.800049,1317.099976,5638719,YAHOO_FINANCE_VIA_YFINANCE
2026-04-24,ESCORTS,ESCORTS.NS,3195.145752,3231.300049,100805,YAHOO_FINANCE_VIA_YFINANCE
2026-04-24,FEDERALBNK,FEDERALBNK.NS,292.0024109,293,7243806,YAHOO_FINANCE_VIA_YFINANCE
2026-04-24,HAL,HAL.NS,4257.17334,4265.799805,799635,YAHOO_FINANCE_VIA_YFINANCE
2026-04-24,HDFCBANK,HDFCBANK.NS,772.0802002,784.8499756,27720358,YAHOO_FINANCE_VIA_YFINANCE
2026-04-24,HINDUNILVR,HINDUNILVR.NS,2303.866211,2327.300049,1676706,YAHOO_FINANCE_VIA_YFINANCE
2026-04-24,ICICIBANK,ICICIBANK.NS,1315.112915,1326.199951,14056743,YAHOO_FINANCE_VIA_YFINANCE
2026-04-24,IDFCFIRSTB,IDFCFIRSTB.NS,67.03308105,67.23000336,16910557,YAHOO_FINANCE_VIA_YFINANCE
2026-04-24,INDUSINDBK,INDUSINDBK.NS,846.5787964,847.9500122,1453183,YAHOO_FINANCE_VIA_YFINANCE
2026-04-24,INFY,INFY.NS,1130.144287,1154.599976,42078914,YAHOO_FINANCE_VIA_YFINANCE
2026-04-24,KAYNES,KAYNES.NS,4266.799805,4266.799805,1191662,YAHOO_FINANCE_VIA_YFINANCE
2026-04-24,KEI,KEI.NS,4816.100098,4816.100098,262223,YAHOO_FINANCE_VIA_YFINANCE
2026-04-24,KOTAKBANK,KOTAKBANK.NS,370.2108459,370.8500061,19678907,YAHOO_FINANCE_VIA_YFINANCE
2026-04-24,KPITTECH,KPITTECH.NS,703.6583252,709.5999756,2240743,YAHOO_FINANCE_VIA_YFINANCE
2026-04-24,LALPATHLAB,LALPATHLAB.NS,1401.772095,1408.900024,324606,YAHOO_FINANCE_VIA_YFINANCE
2026-04-24,LT,LT.NS,3975.470215,4014.300049,2162213,YAHOO_FINANCE_VIA_YFINANCE
2026-04-24,M&M,M&M.NS,3006.82373,3038.399902,2300917,YAHOO_FINANCE_VIA_YFINANCE
2026-04-24,MARUTI,MARUTI.NS,12918.26172,13048,464098,YAHOO_FINANCE_VIA_YFINANCE
2026-04-24,MAXHEALTH,MAXHEALTH.NS,997.6270752,999.4000244,2553726,YAHOO_FINANCE_VIA_YFINANCE
2026-04-24,NIFTY,^NSEI,23897.94922,23897.94922,438400,YAHOO_FINANCE_VIA_YFINANCE
2026-04-24,PERSISTENT,PERSISTENT.NS,4730.868652,4747.299805,1280422,YAHOO_FINANCE_VIA_YFINANCE
2026-04-24,PIIND,PIIND.NS,3070.179932,3081.199951,528353,YAHOO_FINANCE_VIA_YFINANCE
2026-04-24,POLYCAB,POLYCAB.NS,7995.064941,8033,616686,YAHOO_FINANCE_VIA_YFINANCE
2026-04-24,RELIANCE,RELIANCE.NS,1321.689087,1327.800049,11744802,YAHOO_FINANCE_VIA_YFINANCE
2026-04-24,SBIN,SBIN.NS,1081.604004,1101.099976,13774745,YAHOO_FINANCE_VIA_YFINANCE
2026-04-24,SIEMENS,SIEMENS.NS,3790.274414,3808.899902,315661,YAHOO_FINANCE_VIA_YFINANCE
2026-04-24,SUNPHARMA,SUNPHARMA.NS,1616.164307,1620.400024,9606128,YAHOO_FINANCE_VIA_YFINANCE
2026-04-24,SUPREMEIND,SUPREMEIND.NS,3638.272705,3664,622295,YAHOO_FINANCE_VIA_YFINANCE
2026-04-24,TATAMOTORS,TMPV.NS,347.6164246,350.5,5722477,YAHOO_FINANCE_VIA_YFINANCE
2026-04-24,TCS,TCS.NS,2351.939453,2396.899902,5107719,YAHOO_FINANCE_VIA_YFINANCE
2026-04-24,TITAN,TITAN.NS,4395.57666,4410,958536,YAHOO_FINANCE_VIA_YFINANCE
2026-04-24,TRENT,TRENT.NS,2860.639648,2864.866699,2433141,YAHOO_FINANCE_VIA_YFINANCE
2026-04-24,ULTRACEMCO,ULTRACEMCO.NS,11758,11998,349586,YAHOO_FINANCE_VIA_YFINANCE
2026-04-24,VOLTAS,VOLTAS.NS,1459.415283,1464,715448,YAHOO_FINANCE_VIA_YFINANCE
2026-04-27,ABB,ABB.NS,7314.128906,7430.5,267337,YAHOO_FINANCE_VIA_YFINANCE
2026-04-27,APLAPOLLO,APLAPOLLO.NS,1987.699951,1987.699951,405891,YAHOO_FINANCE_VIA_YFINANCE
2026-04-27,APOLLOHOSP,APOLLOHOSP.NS,7815.901367,7825,289661,YAHOO_FINANCE_VIA_YFINANCE
2026-04-27,ASIANPAINT,ASIANPAINT.NS,2463.82373,2485.199951,452134,YAHOO_FINANCE_VIA_YFINANCE
2026-04-27,ASTRAL,ASTRAL.NS,1532.589478,1535,535721,YAHOO_FINANCE_VIA_YFINANCE
2026-04-27,AXISBANK,AXISBANK.NS,1323.179443,1324.199951,10768267,YAHOO_FINANCE_VIA_YFINANCE
2026-04-27,BAJFINANCE,BAJFINANCE.NS,916.1680908,921.7999878,7813458,YAHOO_FINANCE_VIA_YFINANCE
2026-04-27,BALKRISIND,BALKRISIND.NS,2215.69165,2223.399902,113788,YAHOO_FINANCE_VIA_YFINANCE
2026-04-27,BANKBARODA,BANKBARODA.NS,265.4057007,273.9899902,6045069,YAHOO_FINANCE_VIA_YFINANCE
2026-04-27,BANKNIFTY,^NSEBANK,56264.30078,56264.30078,235500,YAHOO_FINANCE_VIA_YFINANCE
2026-04-27,BEL,BEL.NS,435.0094604,435.6000061,18502535,YAHOO_FINANCE_VIA_YFINANCE
2026-04-27,BHARTIARTL,BHARTIARTL.NS,1797.478271,1820.099976,4413769,YAHOO_FINANCE_VIA_YFINANCE
2026-04-27,CIPLA,CIPLA.NS,1304.95752,1317.199951,1721187,YAHOO_FINANCE_VIA_YFINANCE
2026-04-27,COFORGE,COFORGE.NS,1196.858643,1202.400024,1701923,YAHOO_FINANCE_VIA_YFINANCE
2026-04-27,CROMPTON,CROMPTON.NS,255.605957,258.6799927,2660391,YAHOO_FINANCE_VIA_YFINANCE
2026-04-27,CUMMINSIND,CUMMINSIND.NS,5190.151855,5233.200195,601902,YAHOO_FINANCE_VIA_YFINANCE
2026-04-27,DEEPAKNTR,DEEPAKNTR.NS,1677.239502,1684.900024,100643,YAHOO_FINANCE_VIA_YFINANCE
2026-04-27,DIXON,DIXON.NS,11252,11252,814270,YAHOO_FINANCE_VIA_YFINANCE
2026-04-27,DRREDDY,DRREDDY.NS,1326.090332,1334.5,1940454,YAHOO_FINANCE_VIA_YFINANCE
2026-04-27,ESCORTS,ESCORTS.NS,3225.996826,3262.5,57089,YAHOO_FINANCE_VIA_YFINANCE
2026-04-27,FEDERALBNK,FEDERALBNK.NS,293.0488281,294.0499878,3880432,YAHOO_FINANCE_VIA_YFINANCE
2026-04-27,HAL,HAL.NS,4301.583008,4310.299805,449038,YAHOO_FINANCE_VIA_YFINANCE
2026-04-27,HDFCBANK,HDFCBANK.NS,776.949646,789.7999878,18115375,YAHOO_FINANCE_VIA_YFINANCE
2026-04-27,HINDUNILVR,HINDUNILVR.NS,2304.856201,2328.300049,1099681,YAHOO_FINANCE_VIA_YFINANCE
2026-04-27,ICICIBANK,ICICIBANK.NS,1303.114014,1314.099976,15385625,YAHOO_FINANCE_VIA_YFINANCE
2026-04-27,IDFCFIRSTB,IDFCFIRSTB.NS,70.06417084,70.26999664,49051353,YAHOO_FINANCE_VIA_YFINANCE
2026-04-27,INDUSINDBK,INDUSINDBK.NS,898.694397,900.1500244,11254307,YAHOO_FINANCE_VIA_YFINANCE
2026-04-27,INFY,INFY.NS,1145.511841,1170.300049,19579883,YAHOO_FINANCE_VIA_YFINANCE
2026-04-27,KAYNES,KAYNES.NS,4194.100098,4194.100098,1323534,YAHOO_FINANCE_VIA_YFINANCE
2026-04-27,KEI,KEI.NS,4888.700195,4888.700195,338902,YAHOO_FINANCE_VIA_YFINANCE
2026-04-27,KOTAKBANK,KOTAKBANK.NS,376.1505737,376.7999878,11559552,YAHOO_FINANCE_VIA_YFINANCE
2026-04-27,KPITTECH,KPITTECH.NS,729.1431885,735.2999878,1703717,YAHOO_FINANCE_VIA_YFINANCE
2026-04-27,LALPATHLAB,LALPATHLAB.NS,1408.83606,1416,259248,YAHOO_FINANCE_VIA_YFINANCE
2026-04-27,LT,LT.NS,4014.390137,4053.600098,2000348,YAHOO_FINANCE_VIA_YFINANCE
2026-04-27,M&M,M&M.NS,3070.158691,3102.399902,1816150,YAHOO_FINANCE_VIA_YFINANCE
2026-04-27,MARUTI,MARUTI.NS,13090.53125,13222,312786,YAHOO_FINANCE_VIA_YFINANCE
2026-04-27,MAXHEALTH,MAXHEALTH.NS,1008.058472,1009.849976,1065883,YAHOO_FINANCE_VIA_YFINANCE
2026-04-27,NIFTY,^NSEI,24092.69922,24092.69922,430300,YAHOO_FINANCE_VIA_YFINANCE
2026-04-27,PERSISTENT,PERSISTENT.NS,4800.825684,4817.5,845578,YAHOO_FINANCE_VIA_YFINANCE
2026-04-27,PIIND,PIIND.NS,3072.571533,3083.600098,178541,YAHOO_FINANCE_VIA_YFINANCE
2026-04-27,POLYCAB,POLYCAB.NS,8027.411133,8065.5,291146,YAHOO_FINANCE_VIA_YFINANCE
2026-04-27,RELIANCE,RELIANCE.NS,1359.51416,1365.800049,24673098,YAHOO_FINANCE_VIA_YFINANCE
2026-04-27,SBIN,SBIN.NS,1092.163696,1111.849976,11624385,YAHOO_FINANCE_VIA_YFINANCE
2026-04-27,SIEMENS,SIEMENS.NS,3837.144287,3856,309453,YAHOO_FINANCE_VIA_YFINANCE
2026-04-27,SUNPHARMA,SUNPHARMA.NS,1728.96875,1733.5,26995361,YAHOO_FINANCE_VIA_YFINANCE
2026-04-27,SUPREMEIND,SUPREMEIND.NS,3666.473145,3692.399902,1110497,YAHOO_FINANCE_VIA_YFINANCE
2026-04-27,TATAMOTORS,TMPV.NS,351.4347534,354.3500061,9713765,YAHOO_FINANCE_VIA_YFINANCE
2026-04-27,TCS,TCS.NS,2401.688477,2447.600098,5853425,YAHOO_FINANCE_VIA_YFINANCE
2026-04-27,TITAN,TITAN.NS,4427.272461,4441.799805,649222,YAHOO_FINANCE_VIA_YFINANCE
2026-04-27,TRENT,TRENT.NS,2836.342285,2840.533447,1586730,YAHOO_FINANCE_VIA_YFINANCE
2026-04-27,ULTRACEMCO,ULTRACEMCO.NS,11769.75977,12010,567601,YAHOO_FINANCE_VIA_YFINANCE
2026-04-27,VOLTAS,VOLTAS.NS,1510.255615,1515,1856047,YAHOO_FINANCE_VIA_YFINANCE
2026-04-28,ABB,ABB.NS,7173.86084,7288,296110,YAHOO_FINANCE_VIA_YFINANCE
2026-04-28,APLAPOLLO,APLAPOLLO.NS,1976,1976,955891,YAHOO_FINANCE_VIA_YFINANCE
2026-04-28,APOLLOHOSP,APOLLOHOSP.NS,7743.984863,7753,353826,YAHOO_FINANCE_VIA_YFINANCE
2026-04-28,ASIANPAINT,ASIANPAINT.NS,2441.418457,2462.600098,556571,YAHOO_FINANCE_VIA_YFINANCE
2026-04-28,ASTRAL,ASTRAL.NS,1546.467773,1548.900024,468230,YAHOO_FINANCE_VIA_YFINANCE
2026-04-28,AXISBANK,AXISBANK.NS,1288.006714,1289,9939787,YAHOO_FINANCE_VIA_YFINANCE
2026-04-28,BAJFINANCE,BAJFINANCE.NS,918.0068359,923.6500244,7119135,YAHOO_FINANCE_VIA_YFINANCE
2026-04-28,BALKRISIND,BALKRISIND.NS,2181.710205,2189.300049,83857,YAHOO_FINANCE_VIA_YFINANCE
2026-04-28,BANKBARODA,BANKBARODA.NS,259.4386902,267.8299866,12427177,YAHOO_FINANCE_VIA_YFINANCE
2026-04-28,BANKNIFTY,^NSEBANK,55400.35156,55400.35156,292600,YAHOO_FINANCE_VIA_YFINANCE
2026-04-28,BEL,BEL.NS,435.1592407,435.75,10883746,YAHOO_FINANCE_VIA_YFINANCE
2026-04-28,BHARTIARTL,BHARTIARTL.NS,1820.883789,1843.800049,10558455,YAHOO_FINANCE_VIA_YFINANCE
2026-04-28,CIPLA,CIPLA.NS,1294.356934,1306.5,1501522,YAHOO_FINANCE_VIA_YFINANCE
2026-04-28,COFORGE,COFORGE.NS,1195.365479,1200.900024,1325561,YAHOO_FINANCE_VIA_YFINANCE
2026-04-28,CROMPTON,CROMPTON.NS,266.4258423,269.6300049,11443201,YAHOO_FINANCE_VIA_YFINANCE
2026-04-28,CUMMINSIND,CUMMINSIND.NS,5214.747559,5258,341686,YAHOO_FINANCE_VIA_YFINANCE
2026-04-28,DEEPAKNTR,DEEPAKNTR.NS,1674.949951,1682.599976,62779,YAHOO_FINANCE_VIA_YFINANCE
2026-04-28,DIXON,DIXON.NS,11370,11370,891315,YAHOO_FINANCE_VIA_YFINANCE
2026-04-28,DRREDDY,DRREDDY.NS,1346.063721,1354.599976,2336352,YAHOO_FINANCE_VIA_YFINANCE
2026-04-28,ESCORTS,ESCORTS.NS,3271.581055,3308.600098,130887,YAHOO_FINANCE_VIA_YFINANCE
2026-04-28,FEDERALBNK,FEDERALBNK.NS,289.6105957,290.6000061,6666139,YAHOO_FINANCE_VIA_YFINANCE
2026-04-28,HAL,HAL.NS,4332.620605,4341.399902,556358,YAHOO_FINANCE_VIA_YFINANCE
2026-04-28,HDFCBANK,HDFCBANK.NS,769.817627,782.5499878,35366803,YAHOO_FINANCE_VIA_YFINANCE
2026-04-28,HINDUNILVR,HINDUNILVR.NS,2266.446777,2289.5,1629120,YAHOO_FINANCE_VIA_YFINANCE
2026-04-28,ICICIBANK,ICICIBANK.NS,1281.198853,1292,16774778,YAHOO_FINANCE_VIA_YFINANCE
2026-04-28,IDFCFIRSTB,IDFCFIRSTB.NS,68.50874329,68.70999908,25640804,YAHOO_FINANCE_VIA_YFINANCE
2026-04-28,INDUSINDBK,INDUSINDBK.NS,884.117981,885.5499878,5748485,YAHOO_FINANCE_VIA_YFINANCE
2026-04-28,INFY,INFY.NS,1127.697266,1152.099976,12720276,YAHOO_FINANCE_VIA_YFINANCE
2026-04-28,KAYNES,KAYNES.NS,4096.899902,4096.899902,1047330,YAHOO_FINANCE_VIA_YFINANCE
2026-04-28,KEI,KEI.NS,4965.100098,4965.100098,236667,YAHOO_FINANCE_VIA_YFINANCE
2026-04-28,KOTAKBANK,KOTAKBANK.NS,377.2986145,377.9500122,12852733,YAHOO_FINANCE_VIA_YFINANCE
2026-04-28,KPITTECH,KPITTECH.NS,728.300293,734.4500122,1438774,YAHOO_FINANCE_VIA_YFINANCE
2026-04-28,LALPATHLAB,LALPATHLAB.NS,1404.557739,1411.699951,121659,YAHOO_FINANCE_VIA_YFINANCE
2026-04-28,LT,LT.NS,3998.643799,4037.699951,1750237,YAHOO_FINANCE_VIA_YFINANCE
2026-04-28,M&M,M&M.NS,3056.007324,3088.100098,2645344,YAHOO_FINANCE_VIA_YFINANCE
2026-04-28,MARUTI,MARUTI.NS,12763.8125,12892,836679,YAHOO_FINANCE_VIA_YFINANCE
2026-04-28,MAXHEALTH,MAXHEALTH.NS,1002.96759,1004.75,1035872,YAHOO_FINANCE_VIA_YFINANCE
2026-04-28,NIFTY,^NSEI,23995.69922,23995.69922,554100,YAHOO_FINANCE_VIA_YFINANCE
2026-04-28,PERSISTENT,PERSISTENT.NS,4786.874023,4803.5,759673,YAHOO_FINANCE_VIA_YFINANCE
2026-04-28,PIIND,PIIND.NS,3086.521484,3097.600098,486707,YAHOO_FINANCE_VIA_YFINANCE
2026-04-28,POLYCAB,POLYCAB.NS,8215.021484,8254,363780,YAHOO_FINANCE_VIA_YFINANCE
2026-04-28,RELIANCE,RELIANCE.NS,1382.507812,1388.900024,41027699,YAHOO_FINANCE_VIA_YFINANCE
2026-04-28,SBIN,SBIN.NS,1071.977539,1091.300049,10727835,YAHOO_FINANCE_VIA_YFINANCE
2026-04-28,SIEMENS,SIEMENS.NS,3808.584717,3827.300049,267852,YAHOO_FINANCE_VIA_YFINANCE
2026-04-28,SUNPHARMA,SUNPHARMA.NS,1742.732666,1747.300049,16599167,YAHOO_FINANCE_VIA_YFINANCE
2026-04-28,SUPREMEIND,SUPREMEIND.NS,3606.397949,3631.899902,560369,YAHOO_FINANCE_VIA_YFINANCE
2026-04-28,TATAMOTORS,TMPV.NS,347.9139404,350.7999878,7247106,YAHOO_FINANCE_VIA_YFINANCE
2026-04-28,TCS,TCS.NS,2398.842773,2444.699951,4508363,YAHOO_FINANCE_VIA_YFINANCE
2026-04-28,TITAN,TITAN.NS,4402.553711,4417,620778,YAHOO_FINANCE_VIA_YFINANCE
2026-04-28,TRENT,TRENT.NS,2831.748779,2835.93335,1343208,YAHOO_FINANCE_VIA_YFINANCE
2026-04-28,ULTRACEMCO,ULTRACEMCO.NS,11580.62109,11817,509322,YAHOO_FINANCE_VIA_YFINANCE
2026-04-28,VOLTAS,VOLTAS.NS,1506.367798,1511.099976,1090853,YAHOO_FINANCE_VIA_YFINANCE
2026-04-29,ABB,ABB.NS,7150.728516,7264.5,361430,YAHOO_FINANCE_VIA_YFINANCE
2026-04-29,APLAPOLLO,APLAPOLLO.NS,1966.599976,1966.599976,373009,YAHOO_FINANCE_VIA_YFINANCE
2026-04-29,APOLLOHOSP,APOLLOHOSP.NS,7700.036133,7709,321242,YAHOO_FINANCE_VIA_YFINANCE
2026-04-29,ASIANPAINT,ASIANPAINT.NS,2426.25,2447.300049,603585,YAHOO_FINANCE_VIA_YFINANCE
2026-04-29,ASTRAL,ASTRAL.NS,1550.361572,1552.800049,803166,YAHOO_FINANCE_VIA_YFINANCE
2026-04-29,AXISBANK,AXISBANK.NS,1295.401001,1296.400024,6228275,YAHOO_FINANCE_VIA_YFINANCE
2026-04-29,BAJFINANCE,BAJFINANCE.NS,924.3179932,930,5438997,YAHOO_FINANCE_VIA_YFINANCE
2026-04-29,BALKRISIND,BALKRISIND.NS,2192.273193,2199.899902,158595,YAHOO_FINANCE_VIA_YFINANCE
2026-04-29,BANKBARODA,BANKBARODA.NS,259.8455505,268.25,5919525,YAHOO_FINANCE_VIA_YFINANCE
2026-04-29,BANKNIFTY,^NSEBANK,55403.60156,55403.60156,313100,YAHOO_FINANCE_VIA_YFINANCE
2026-04-29,BEL,BEL.NS,436.9567871,437.5499878,9507163,YAHOO_FINANCE_VIA_YFINANCE
2026-04-29,BHARTIARTL,BHARTIARTL.NS,1864.633179,1888.099976,7713013,YAHOO_FINANCE_VIA_YFINANCE
2026-04-29,CIPLA,CIPLA.NS,1305.35376,1317.599976,986556,YAHOO_FINANCE_VIA_YFINANCE
2026-04-29,COFORGE,COFORGE.NS,1198.451172,1204,1174935,YAHOO_FINANCE_VIA_YFINANCE
2026-04-29,CROMPTON,CROMPTON.NS,272.7300415,276.0100098,17813850,YAHOO_FINANCE_VIA_YFINANCE
2026-04-29,CUMMINSIND,CUMMINSIND.NS,5244.500488,5288,328892,YAHOO_FINANCE_VIA_YFINANCE
2026-04-29,DEEPAKNTR,DEEPAKNTR.NS,1716.26123,1724.099976,275307,YAHOO_FINANCE_VIA_YFINANCE
2026-04-29,DIXON,DIXON.NS,11325,11325,677475,YAHOO_FINANCE_VIA_YFINANCE
2026-04-29,DRREDDY,DRREDDY.NS,1321.420044,1329.800049,4545837,YAHOO_FINANCE_VIA_YFINANCE
2026-04-29,ESCORTS,ESCORTS.NS,3265.153809,3302.100098,80686,YAHOO_FINANCE_VIA_YFINANCE
2026-04-29,FEDERALBNK,FEDERALBNK.NS,283.7804871,284.75,21186876,YAHOO_FINANCE_VIA_YFINANCE
2026-04-29,HAL,HAL.NS,4342.799805,4351.600098,907743,YAHOO_FINANCE_VIA_YFINANCE
2026-04-29,HDFCBANK,HDFCBANK.NS,766.3253784,779,25799963,YAHOO_FINANCE_VIA_YFINANCE
2026-04-29,HINDUNILVR,HINDUNILVR.NS,2291.095947,2314.399902,1778765,YAHOO_FINANCE_VIA_YFINANCE
2026-04-29,ICICIBANK,ICICIBANK.NS,1270.290771,1281,11716030,YAHOO_FINANCE_VIA_YFINANCE
2026-04-29,IDFCFIRSTB,IDFCFIRSTB.NS,69.94452667,70.15000153,35995299,YAHOO_FINANCE_VIA_YFINANCE
2026-04-29,INDUSINDBK,INDUSINDBK.NS,912.2723999,913.75,3485256,YAHOO_FINANCE_VIA_YFINANCE
2026-04-29,INFY,INFY.NS,1142.771118,1167.5,8303109,YAHOO_FINANCE_VIA_YFINANCE
2026-04-29,KAYNES,KAYNES.NS,4112.5,4112.5,862358,YAHOO_FINANCE_VIA_YFINANCE
2026-04-29,KEI,KEI.NS,4935.200195,4935.200195,354086,YAHOO_FINANCE_VIA_YFINANCE
2026-04-29,KOTAKBANK,KOTAKBANK.NS,381.3416443,382,7913344,YAHOO_FINANCE_VIA_YFINANCE
2026-04-29,KPITTECH,KPITTECH.NS,733.8533936,740.0499878,1272977,YAHOO_FINANCE_VIA_YFINANCE
2026-04-29,LALPATHLAB,LALPATHLAB.NS,1390.728271,1397.800049,203821,YAHOO_FINANCE_VIA_YFINANCE
2026-04-29,LT,LT.NS,4056.479004,4096.100098,2175030,YAHOO_FINANCE_VIA_YFINANCE
2026-04-29,M&M,M&M.NS,3119.540283,3152.300049,3917359,YAHOO_FINANCE_VIA_YFINANCE
2026-04-29,MARUTI,MARUTI.NS,13125.18359,13257,754798,YAHOO_FINANCE_VIA_YFINANCE
2026-04-29,MAXHEALTH,MAXHEALTH.NS,1004.81427,1006.599976,1870409,YAHOO_FINANCE_VIA_YFINANCE
2026-04-29,NIFTY,^NSEI,24177.65039,24177.65039,531100,YAHOO_FINANCE_VIA_YFINANCE
2026-04-29,PERSISTENT,PERSISTENT.NS,4789.166016,4805.799805,628484,YAHOO_FINANCE_VIA_YFINANCE
2026-04-29,PIIND,PIIND.NS,3080.044678,3091.100098,289695,YAHOO_FINANCE_VIA_YFINANCE
2026-04-29,POLYCAB,POLYCAB.NS,8110.019531,8148.5,263510,YAHOO_FINANCE_VIA_YFINANCE
2026-04-29,RELIANCE,RELIANCE.NS,1418.839844,1425.400024,30542143,YAHOO_FINANCE_VIA_YFINANCE
2026-04-29,SBIN,SBIN.NS,1067.655518,1086.900024,10611104,YAHOO_FINANCE_VIA_YFINANCE
2026-04-29,SIEMENS,SIEMENS.NS,3758.331543,3776.800049,204618,YAHOO_FINANCE_VIA_YFINANCE
2026-04-29,SUNPHARMA,SUNPHARMA.NS,1774.050537,1778.699951,9809449,YAHOO_FINANCE_VIA_YFINANCE
2026-04-29,SUPREMEIND,SUPREMEIND.NS,3641.549561,3667.300049,324795,YAHOO_FINANCE_VIA_YFINANCE
2026-04-29,TATAMOTORS,TMPV.NS,349.7983398,352.7000122,10581537,YAHOO_FINANCE_VIA_YFINANCE
2026-04-29,TCS,TCS.NS,2428.280029,2474.699951,2835961,YAHOO_FINANCE_VIA_YFINANCE
2026-04-29,TITAN,TITAN.NS,4425.279297,4439.799805,702730,YAHOO_FINANCE_VIA_YFINANCE
2026-04-29,TRENT,TRENT.NS,2814.70752,2818.866699,965358,YAHOO_FINANCE_VIA_YFINANCE
2026-04-29,ULTRACEMCO,ULTRACEMCO.NS,11596.30078,11833,361932,YAHOO_FINANCE_VIA_YFINANCE
2026-04-29,VOLTAS,VOLTAS.NS,1470.181519,1474.800049,793781,YAHOO_FINANCE_VIA_YFINANCE
2026-04-30,ABB,ABB.NS,7145.875977,7230,327820,YAHOO_FINANCE_VIA_YFINANCE
2026-04-30,APLAPOLLO,APLAPOLLO.NS,1905,1905,724377,YAHOO_FINANCE_VIA_YFINANCE
2026-04-30,APOLLOHOSP,APOLLOHOSP.NS,7627.620605,7636.5,392016,YAHOO_FINANCE_VIA_YFINANCE
2026-04-30,ASIANPAINT,ASIANPAINT.NS,2423.473877,2444.5,823684,YAHOO_FINANCE_VIA_YFINANCE
2026-04-30,ASTRAL,ASTRAL.NS,1527.297852,1529.699951,333474,YAHOO_FINANCE_VIA_YFINANCE
2026-04-30,AXISBANK,AXISBANK.NS,1267.322632,1268.300049,16481853,YAHOO_FINANCE_VIA_YFINANCE
2026-04-30,BAJFINANCE,BAJFINANCE.NS,931.2752686,937,27364272,YAHOO_FINANCE_VIA_YFINANCE
2026-04-30,BALKRISIND,BALKRISIND.NS,2153.308838,2160.800049,138178,YAHOO_FINANCE_VIA_YFINANCE
2026-04-30,BANKBARODA,BANKBARODA.NS,255.2056274,263.4599915,12323040,YAHOO_FINANCE_VIA_YFINANCE
2026-04-30,BANKNIFTY,^NSEBANK,54863.35156,54863.35156,299000,YAHOO_FINANCE_VIA_YFINANCE
2026-04-30,BEL,BEL.NS,430.715271,431.2999878,15795581,YAHOO_FINANCE_VIA_YFINANCE
2026-04-30,BHARTIARTL,BHARTIARTL.NS,1863.349365,1886.800049,12709188,YAHOO_FINANCE_VIA_YFINANCE
2026-04-30,CIPLA,CIPLA.NS,1297.428101,1309.599976,1370336,YAHOO_FINANCE_VIA_YFINANCE
2026-04-30,COFORGE,COFORGE.NS,1190.38855,1195.900024,1424354,YAHOO_FINANCE_VIA_YFINANCE
2026-04-30,CROMPTON,CROMPTON.NS,269.1233826,272.3599854,6912508,YAHOO_FINANCE_VIA_YFINANCE
2026-04-30,CUMMINSIND,CUMMINSIND.NS,5223.078125,5266.399902,448330,YAHOO_FINANCE_VIA_YFINANCE
2026-04-30,DEEPAKNTR,DEEPAKNTR.NS,1729.003052,1736.900024,258917,YAHOO_FINANCE_VIA_YFINANCE
2026-04-30,DIXON,DIXON.NS,11166.5,11166.5,459389,YAHOO_FINANCE_VIA_YFINANCE
2026-04-30,DRREDDY,DRREDDY.NS,1314.563477,1322.900024,1227007,YAHOO_FINANCE_VIA_YFINANCE
2026-04-30,ESCORTS,ESCORTS.NS,3205.330566,3241.600098,82689,YAHOO_FINANCE_VIA_YFINANCE
2026-04-30,FEDERALBNK,FEDERALBNK.NS,285.9730225,286.9500122,13939720,YAHOO_FINANCE_VIA_YFINANCE
2026-04-30,HAL,HAL.NS,4330.025391,4338.799805,818024,YAHOO_FINANCE_VIA_YFINANCE
2026-04-30,HDFCBANK,HDFCBANK.NS,759.144165,771.7000122,47998755,YAHOO_FINANCE_VIA_YFINANCE
2026-04-30,HINDUNILVR,HINDUNILVR.NS,2228.235352,2250.899902,4434979,YAHOO_FINANCE_VIA_YFINANCE
2026-04-30,ICICIBANK,ICICIBANK.NS,1252.838013,1263.400024,17740110,YAHOO_FINANCE_VIA_YFINANCE
2026-04-30,IDFCFIRSTB,IDFCFIRSTB.NS,69.4360199,69.63999939,24354003,YAHOO_FINANCE_VIA_YFINANCE
2026-04-30,INDUSINDBK,INDUSINDBK.NS,914.5686646,916.0499878,3438569,YAHOO_FINANCE_VIA_YFINANCE
2026-04-30,INFY,INFY.NS,1156.768311,1181.800049,12205669,YAHOO_FINANCE_VIA_YFINANCE
2026-04-30,KAYNES,KAYNES.NS,4044.399902,4044.399902,952161,YAHOO_FINANCE_VIA_YFINANCE
2026-04-30,KEI,KEI.NS,4857.5,4857.5,724328,YAHOO_FINANCE_VIA_YFINANCE
2026-04-30,KOTAKBANK,KOTAKBANK.NS,382.6393738,383.2999878,24812228,YAHOO_FINANCE_VIA_YFINANCE
2026-04-30,KPITTECH,KPITTECH.NS,752.6943359,759.0499878,2877480,YAHOO_FINANCE_VIA_YFINANCE
2026-04-30,LALPATHLAB,LALPATHLAB.NS,1360.282959,1367.199951,295679,YAHOO_FINANCE_VIA_YFINANCE
2026-04-30,LT,LT.NS,3975.173096,4014,2569328,YAHOO_FINANCE_VIA_YFINANCE
2026-04-30,M&M,M&M.NS,3065.30957,3097.5,3331158,YAHOO_FINANCE_VIA_YFINANCE
2026-04-30,MARUTI,MARUTI.NS,13181.61621,13314,612975,YAHOO_FINANCE_VIA_YFINANCE
2026-04-30,MAXHEALTH,MAXHEALTH.NS,991.2883301,993.0499878,2365736,YAHOO_FINANCE_VIA_YFINANCE
2026-04-30,NIFTY,^NSEI,23997.55078,23997.55078,505500,YAHOO_FINANCE_VIA_YFINANCE
2026-04-30,PERSISTENT,PERSISTENT.NS,4783.38623,4800,542790,YAHOO_FINANCE_VIA_YFINANCE
2026-04-30,PIIND,PIIND.NS,3043.874512,3054.800049,200677,YAHOO_FINANCE_VIA_YFINANCE
2026-04-30,POLYCAB,POLYCAB.NS,8072.19873,8110.5,415486,YAHOO_FINANCE_VIA_YFINANCE
2026-04-30,RELIANCE,RELIANCE.NS,1424.215088,1430.800049,30957881,YAHOO_FINANCE_VIA_YFINANCE
2026-04-30,SBIN,SBIN.NS,1049.532104,1068.449951,14269539,YAHOO_FINANCE_VIA_YFINANCE
2026-04-30,SIEMENS,SIEMENS.NS,3789.577881,3808.199951,474246,YAHOO_FINANCE_VIA_YFINANCE
2026-04-30,SUNPHARMA,SUNPHARMA.NS,1803.573242,1808.300049,4749798,YAHOO_FINANCE_VIA_YFINANCE
2026-04-30,SUPREMEIND,SUPREMEIND.NS,3597.16333,3622.600098,302540,YAHOO_FINANCE_VIA_YFINANCE
2026-04-30,TATAMOTORS,TMPV.NS,338.7400513,341.5499878,12670807,YAHOO_FINANCE_VIA_YFINANCE
2026-04-30,TCS,TCS.NS,2427.495117,2473.899902,3970446,YAHOO_FINANCE_VIA_YFINANCE
2026-04-30,TITAN,TITAN.NS,4370.85791,4385.200195,869299,YAHOO_FINANCE_VIA_YFINANCE
2026-04-30,TRENT,TRENT.NS,2758.989746,2763.06665,850288,YAHOO_FINANCE_VIA_YFINANCE
2026-04-30,ULTRACEMCO,ULTRACEMCO.NS,11354.24121,11586,719688,YAHOO_FINANCE_VIA_YFINANCE
2026-04-30,VOLTAS,VOLTAS.NS,1425.920532,1430.400024,1259835,YAHOO_FINANCE_VIA_YFINANCE
2026-05-01,ABB,ABB.NS,7145.875977,7230,0,YAHOO_FINANCE_VIA_YFINANCE
2026-05-01,APLAPOLLO,APLAPOLLO.NS,1905,1905,0,YAHOO_FINANCE_VIA_YFINANCE
2026-05-01,APOLLOHOSP,APOLLOHOSP.NS,7627.620605,7636.5,0,YAHOO_FINANCE_VIA_YFINANCE
2026-05-01,ASIANPAINT,ASIANPAINT.NS,2423.473877,2444.5,0,YAHOO_FINANCE_VIA_YFINANCE
2026-05-01,ASTRAL,ASTRAL.NS,1527.297852,1529.699951,0,YAHOO_FINANCE_VIA_YFINANCE
2026-05-01,AXISBANK,AXISBANK.NS,1267.322632,1268.300049,0,YAHOO_FINANCE_VIA_YFINANCE
2026-05-01,BAJFINANCE,BAJFINANCE.NS,931.2752686,937,0,YAHOO_FINANCE_VIA_YFINANCE
2026-05-01,BANKBARODA,BANKBARODA.NS,255.2056274,263.4599915,0,YAHOO_FINANCE_VIA_YFINANCE
2026-05-01,BEL,BEL.NS,430.715271,431.2999878,0,YAHOO_FINANCE_VIA_YFINANCE
2026-05-01,BHARTIARTL,BHARTIARTL.NS,1863.349365,1886.800049,0,YAHOO_FINANCE_VIA_YFINANCE
2026-05-01,CIPLA,CIPLA.NS,1297.428101,1309.599976,0,YAHOO_FINANCE_VIA_YFINANCE
2026-05-01,COFORGE,COFORGE.NS,1190.38855,1195.900024,0,YAHOO_FINANCE_VIA_YFINANCE
2026-05-01,CROMPTON,CROMPTON.NS,269.1233826,272.3599854,0,YAHOO_FINANCE_VIA_YFINANCE
2026-05-01,CUMMINSIND,CUMMINSIND.NS,5223.078125,5266.399902,0,YAHOO_FINANCE_VIA_YFINANCE
2026-05-01,DIXON,DIXON.NS,11166.5,11166.5,0,YAHOO_FINANCE_VIA_YFINANCE
2026-05-01,DRREDDY,DRREDDY.NS,1314.563477,1322.900024,0,YAHOO_FINANCE_VIA_YFINANCE
2026-05-01,ESCORTS,ESCORTS.NS,3205.330566,3241.600098,0,YAHOO_FINANCE_VIA_YFINANCE
2026-05-01,FEDERALBNK,FEDERALBNK.NS,285.9730225,286.9500122,0,YAHOO_FINANCE_VIA_YFINANCE
2026-05-01,HAL,HAL.NS,4330.025391,4338.799805,0,YAHOO_FINANCE_VIA_YFINANCE
2026-05-01,HDFCBANK,HDFCBANK.NS,759.144165,771.7000122,0,YAHOO_FINANCE_VIA_YFINANCE
2026-05-01,HINDUNILVR,HINDUNILVR.NS,2228.235352,2250.899902,0,YAHOO_FINANCE_VIA_YFINANCE
2026-05-01,ICICIBANK,ICICIBANK.NS,1252.838013,1263.400024,0,YAHOO_FINANCE_VIA_YFINANCE
2026-05-01,IDFCFIRSTB,IDFCFIRSTB.NS,69.4360199,69.63999939,0,YAHOO_FINANCE_VIA_YFINANCE
2026-05-01,INDUSINDBK,INDUSINDBK.NS,914.5686646,916.0499878,0,YAHOO_FINANCE_VIA_YFINANCE
2026-05-01,INFY,INFY.NS,1156.768311,1181.800049,0,YAHOO_FINANCE_VIA_YFINANCE
2026-05-01,KAYNES,KAYNES.NS,4044.399902,4044.399902,0,YAHOO_FINANCE_VIA_YFINANCE
2026-05-01,KEI,KEI.NS,4857.5,4857.5,0,YAHOO_FINANCE_VIA_YFINANCE
2026-05-01,KOTAKBANK,KOTAKBANK.NS,382.6393738,383.2999878,0,YAHOO_FINANCE_VIA_YFINANCE
2026-05-01,KPITTECH,KPITTECH.NS,752.6943359,759.0499878,0,YAHOO_FINANCE_VIA_YFINANCE
2026-05-01,LALPATHLAB,LALPATHLAB.NS,1360.282959,1367.199951,0,YAHOO_FINANCE_VIA_YFINANCE
2026-05-01,LT,LT.NS,3975.173096,4014,0,YAHOO_FINANCE_VIA_YFINANCE
2026-05-01,M&M,M&M.NS,3065.30957,3097.5,0,YAHOO_FINANCE_VIA_YFINANCE
2026-05-01,MARUTI,MARUTI.NS,13181.61621,13314,0,YAHOO_FINANCE_VIA_YFINANCE
2026-05-01,MAXHEALTH,MAXHEALTH.NS,991.2883301,993.0499878,0,YAHOO_FINANCE_VIA_YFINANCE
2026-05-01,PERSISTENT,PERSISTENT.NS,4783.38623,4800,0,YAHOO_FINANCE_VIA_YFINANCE
2026-05-01,PIIND,PIIND.NS,3043.874512,3054.800049,0,YAHOO_FINANCE_VIA_YFINANCE
2026-05-01,POLYCAB,POLYCAB.NS,8072.19873,8110.5,0,YAHOO_FINANCE_VIA_YFINANCE
2026-05-01,RELIANCE,RELIANCE.NS,1424.215088,1430.800049,0,YAHOO_FINANCE_VIA_YFINANCE
2026-05-01,SBIN,SBIN.NS,1049.532104,1068.449951,0,YAHOO_FINANCE_VIA_YFINANCE
2026-05-01,SIEMENS,SIEMENS.NS,3789.577881,3808.199951,0,YAHOO_FINANCE_VIA_YFINANCE
2026-05-01,SUNPHARMA,SUNPHARMA.NS,1803.573242,1808.300049,0,YAHOO_FINANCE_VIA_YFINANCE
2026-05-01,SUPREMEIND,SUPREMEIND.NS,3597.16333,3622.600098,0,YAHOO_FINANCE_VIA_YFINANCE
2026-05-01,TATAMOTORS,TMPV.NS,338.7400513,341.5499878,0,YAHOO_FINANCE_VIA_YFINANCE
2026-05-01,TCS,TCS.NS,2427.495117,2473.899902,0,YAHOO_FINANCE_VIA_YFINANCE
2026-05-01,TITAN,TITAN.NS,4370.85791,4385.200195,0,YAHOO_FINANCE_VIA_YFINANCE
2026-05-01,TRENT,TRENT.NS,2758.989746,2763.06665,0,YAHOO_FINANCE_VIA_YFINANCE
2026-05-01,ULTRACEMCO,ULTRACEMCO.NS,11354.24121,11586,0,YAHOO_FINANCE_VIA_YFINANCE
2026-05-01,VOLTAS,VOLTAS.NS,1425.920532,1430.400024,0,YAHOO_FINANCE_VIA_YFINANCE
2026-05-04,ABB,ABB.NS,7152.300293,7236.5,364239,YAHOO_FINANCE_VIA_YFINANCE
2026-05-04,APLAPOLLO,APLAPOLLO.NS,1873,1873,2345967,YAHOO_FINANCE_VIA_YFINANCE
2026-05-04,APOLLOHOSP,APOLLOHOSP.NS,7728.50293,7737.5,328426,YAHOO_FINANCE_VIA_YFINANCE
2026-05-04,ASIANPAINT,ASIANPAINT.NS,2427.042969,2448.100098,581159,YAHOO_FINANCE_VIA_YFINANCE
2026-05-04,ASTRAL,ASTRAL.NS,1557.150879,1559.599976,378546,YAHOO_FINANCE_VIA_YFINANCE
2026-05-04,AXISBANK,AXISBANK.NS,1274.11731,1275.099976,9759479,YAHOO_FINANCE_VIA_YFINANCE
2026-05-04,BAJFINANCE,BAJFINANCE.NS,944.3945923,950.2000122,7503756,YAHOO_FINANCE_VIA_YFINANCE
2026-05-04,BALKRISIND,BALKRISIND.NS,2197.355713,2205,84821,YAHOO_FINANCE_VIA_YFINANCE
2026-05-04,BANKBARODA,BANKBARODA.NS,256.7942505,265.1000061,6230309,YAHOO_FINANCE_VIA_YFINANCE
2026-05-04,BANKNIFTY,^NSEBANK,54878.5,54878.5,282600,YAHOO_FINANCE_VIA_YFINANCE
2026-05-04,BEL,BEL.NS,432.9622192,433.5499878,10764998,YAHOO_FINANCE_VIA_YFINANCE
2026-05-04,BHARTIARTL,BHARTIARTL.NS,1804.391235,1827.099976,10707858,YAHOO_FINANCE_VIA_YFINANCE
2026-05-04,CIPLA,CIPLA.NS,1322.592041,1335,1088765,YAHOO_FINANCE_VIA_YFINANCE
2026-05-04,COFORGE,COFORGE.NS,1146.292725,1151.599976,2133159,YAHOO_FINANCE_VIA_YFINANCE
2026-05-04,CROMPTON,CROMPTON.NS,274.6469727,277.9500122,5096674,YAHOO_FINANCE_VIA_YFINANCE
2026-05-04,CUMMINSIND,CUMMINSIND.NS,5245.492676,5289,386727,YAHOO_FINANCE_VIA_YFINANCE
2026-05-04,DEEPAKNTR,DEEPAKNTR.NS,1744.33313,1752.300049,153713,YAHOO_FINANCE_VIA_YFINANCE
2026-05-04,DIXON,DIXON.NS,11408,11408,380919,YAHOO_FINANCE_VIA_YFINANCE
2026-05-04,DRREDDY,DRREDDY.NS,1279.088379,1287.199951,2285506,YAHOO_FINANCE_VIA_YFINANCE
2026-05-04,ESCORTS,ESCORTS.NS,3169.239014,3205.100098,90883,YAHOO_FINANCE_VIA_YFINANCE
2026-05-04,FEDERALBNK,FEDERALBNK.NS,288.1655273,289.1499939,5494699,YAHOO_FINANCE_VIA_YFINANCE
2026-05-04,HAL,HAL.NS,4550.279297,4559.5,2841170,YAHOO_FINANCE_VIA_YFINANCE
2026-05-04,HDFCBANK,HDFCBANK.NS,766.7189331,779.4000244,29028060,YAHOO_FINANCE_VIA_YFINANCE
2026-05-04,HINDUNILVR,HINDUNILVR.NS,2286.047363,2309.300049,2554255,YAHOO_FINANCE_VIA_YFINANCE
2026-05-04,ICICIBANK,ICICIBANK.NS,1260.176147,1270.800049,14597051,YAHOO_FINANCE_VIA_YFINANCE
2026-05-04,IDFCFIRSTB,IDFCFIRSTB.NS,69.3861618,69.58999634,20416007,YAHOO_FINANCE_VIA_YFINANCE
2026-05-04,INDUSINDBK,INDUSINDBK.NS,912.4221802,913.9000244,1973688,YAHOO_FINANCE_VIA_YFINANCE
2026-05-04,INFY,INFY.NS,1143.6521,1168.400024,7735811,YAHOO_FINANCE_VIA_YFINANCE
2026-05-04,KAYNES,KAYNES.NS,4098.899902,4098.899902,578802,YAHOO_FINANCE_VIA_YFINANCE
2026-05-04,KEI,KEI.NS,5058.299805,5058.299805,662781,YAHOO_FINANCE_VIA_YFINANCE
2026-05-04,KOTAKBANK,KOTAKBANK.NS,371.0094604,371.6499939,74467483,YAHOO_FINANCE_VIA_YFINANCE
2026-05-04,KPITTECH,KPITTECH.NS,762.1147461,768.5499878,2376007,YAHOO_FINANCE_VIA_YFINANCE
2026-05-04,LALPATHLAB,LALPATHLAB.NS,1565.439697,1573.400024,8280710,YAHOO_FINANCE_VIA_YFINANCE
2026-05-04,LT,LT.NS,4061.133301,4100.799805,2173027,YAHOO_FINANCE_VIA_YFINANCE
2026-05-04,M&M,M&M.NS,3074.216064,3106.5,2873467,YAHOO_FINANCE_VIA_YFINANCE
2026-05-04,MARUTI,MARUTI.NS,13444.97168,13580,722127,YAHOO_FINANCE_VIA_YFINANCE
2026-05-04,MAXHEALTH,MAXHEALTH.NS,1009.755493,1011.549988,2605812,YAHOO_FINANCE_VIA_YFINANCE
2026-05-04,NIFTY,^NSEI,24119.30078,24119.30078,419100,YAHOO_FINANCE_VIA_YFINANCE
2026-05-04,PERSISTENT,PERSISTENT.NS,4771.527832,4788.100098,486694,YAHOO_FINANCE_VIA_YFINANCE
2026-05-04,PIIND,PIIND.NS,3036.600586,3047.5,211103,YAHOO_FINANCE_VIA_YFINANCE
2026-05-04,POLYCAB,POLYCAB.NS,8305.09375,8344.5,435059,YAHOO_FINANCE_VIA_YFINANCE
2026-05-04,RELIANCE,RELIANCE.NS,1456.366333,1463.099976,24035700,YAHOO_FINANCE_VIA_YFINANCE
2026-05-04,SBIN,SBIN.NS,1049.483032,1068.400024,11693211,YAHOO_FINANCE_VIA_YFINANCE
2026-05-04,SIEMENS,SIEMENS.NS,3815.351562,3834.100098,813487,YAHOO_FINANCE_VIA_YFINANCE
2026-05-04,SUNPHARMA,SUNPHARMA.NS,1818.733398,1823.5,4206373,YAHOO_FINANCE_VIA_YFINANCE
2026-05-04,SUPREMEIND,SUPREMEIND.NS,3594.680908,3620.100098,146015,YAHOO_FINANCE_VIA_YFINANCE
2026-05-04,TATAMOTORS,TMPV.NS,340.2276917,343.0499878,7734863,YAHOO_FINANCE_VIA_YFINANCE
2026-05-04,TCS,TCS.NS,2385.694336,2431.300049,2632358,YAHOO_FINANCE_VIA_YFINANCE
2026-05-04,TITAN,TITAN.NS,4348.730469,4363,709160,YAHOO_FINANCE_VIA_YFINANCE
2026-05-04,TRENT,TRENT.NS,2768.242676,2772.333252,1021008,YAHOO_FINANCE_VIA_YFINANCE
2026-05-04,ULTRACEMCO,ULTRACEMCO.NS,11522.80078,11758,461238,YAHOO_FINANCE_VIA_YFINANCE
2026-05-04,VOLTAS,VOLTAS.NS,1449.645996,1454.199951,506557,YAHOO_FINANCE_VIA_YFINANCE
2026-05-05,ABB,ABB.NS,7242.73584,7328,324323,YAHOO_FINANCE_VIA_YFINANCE
2026-05-05,APLAPOLLO,APLAPOLLO.NS,1870.599976,1870.599976,1091446,YAHOO_FINANCE_VIA_YFINANCE
2026-05-05,APOLLOHOSP,APOLLOHOSP.NS,7762.962891,7772,254331,YAHOO_FINANCE_VIA_YFINANCE
2026-05-05,ASIANPAINT,ASIANPAINT.NS,2409.098633,2430,327682,YAHOO_FINANCE_VIA_YFINANCE
2026-05-05,ASTRAL,ASTRAL.NS,1529.194824,1531.599976,259756,YAHOO_FINANCE_VIA_YFINANCE
2026-05-05,AXISBANK,AXISBANK.NS,1258.729248,1259.699951,10163714,YAHOO_FINANCE_VIA_YFINANCE
2026-05-05,BAJFINANCE,BAJFINANCE.NS,952.7432861,958.5999756,7290077,YAHOO_FINANCE_VIA_YFINANCE
2026-05-05,BALKRISIND,BALKRISIND.NS,2164.469971,2172,58790,YAHOO_FINANCE_VIA_YFINANCE
2026-05-05,BANKBARODA,BANKBARODA.NS,255.1475067,263.3999939,6130906,YAHOO_FINANCE_VIA_YFINANCE
2026-05-05,BANKNIFTY,^NSEBANK,54547.05078,54547.05078,379800,YAHOO_FINANCE_VIA_YFINANCE
2026-05-05,BEL,BEL.NS,432.7625122,433.3500061,11671943,YAHOO_FINANCE_VIA_YFINANCE
2026-05-05,BHARTIARTL,BHARTIARTL.NS,1783.652344,1806.099976,11407461,YAHOO_FINANCE_VIA_YFINANCE
2026-05-05,CIPLA,CIPLA.NS,1321.304077,1333.699951,1051020,YAHOO_FINANCE_VIA_YFINANCE
2026-05-05,COFORGE,COFORGE.NS,1163.413452,1168.800049,1607889,YAHOO_FINANCE_VIA_YFINANCE
2026-05-05,CROMPTON,CROMPTON.NS,272.2260742,275.5,4168821,YAHOO_FINANCE_VIA_YFINANCE
2026-05-05,CUMMINSIND,CUMMINSIND.NS,5216.730957,5260,304874,YAHOO_FINANCE_VIA_YFINANCE
2026-05-05,DEEPAKNTR,DEEPAKNTR.NS,1763.246704,1771.300049,170927,YAHOO_FINANCE_VIA_YFINANCE
2026-05-05,DIXON,DIXON.NS,11253,11253,552400,YAHOO_FINANCE_VIA_YFINANCE
2026-05-05,DRREDDY,DRREDDY.NS,1263.189209,1271.199951,986348,YAHOO_FINANCE_VIA_YFINANCE
2026-05-05,ESCORTS,ESCORTS.NS,3171.612061,3207.5,51939,YAHOO_FINANCE_VIA_YFINANCE
2026-05-05,FEDERALBNK,FEDERALBNK.NS,291.6037903,292.6000061,5869785,YAHOO_FINANCE_VIA_YFINANCE
2026-05-05,HAL,HAL.NS,4601.07666,4610.399902,1476586,YAHOO_FINANCE_VIA_YFINANCE
2026-05-05,HDFCBANK,HDFCBANK.NS,759.734375,772.2999878,38887657,YAHOO_FINANCE_VIA_YFINANCE
2026-05-05,HINDUNILVR,HINDUNILVR.NS,2303.965088,2327.399902,1741424,YAHOO_FINANCE_VIA_YFINANCE
2026-05-05,ICICIBANK,ICICIBANK.NS,1240.839111,1251.300049,24447935,YAHOO_FINANCE_VIA_YFINANCE
2026-05-05,IDFCFIRSTB,IDFCFIRSTB.NS,68.54862213,68.75,15316962,YAHOO_FINANCE_VIA_YFINANCE
2026-05-05,INDUSINDBK,INDUSINDBK.NS,909.227356,910.7000122,2006111,YAHOO_FINANCE_VIA_YFINANCE
2026-05-05,INFY,INFY.NS,1153.146606,1178.099976,8164108,YAHOO_FINANCE_VIA_YFINANCE
2026-05-05,KAYNES,KAYNES.NS,4170.600098,4170.600098,801471,YAHOO_FINANCE_VIA_YFINANCE
2026-05-05,KEI,KEI.NS,5018.200195,5018.200195,1875678,YAHOO_FINANCE_VIA_YFINANCE
2026-05-05,KOTAKBANK,KOTAKBANK.NS,370.7099915,371.3500061,19084772,YAHOO_FINANCE_VIA_YFINANCE
2026-05-05,KPITTECH,KPITTECH.NS,766.0316772,772.5,1260326,YAHOO_FINANCE_VIA_YFINANCE
2026-05-05,LALPATHLAB,LALPATHLAB.NS,1528.925415,1536.699951,673275,YAHOO_FINANCE_VIA_YFINANCE
2026-05-05,LT,LT.NS,4015.28125,4054.5,3849402,YAHOO_FINANCE_VIA_YFINANCE
2026-05-05,M&M,M&M.NS,3177.432129,3210.800049,6454419,YAHOO_FINANCE_VIA_YFINANCE
2026-05-05,MARUTI,MARUTI.NS,13292.50293,13426,419490,YAHOO_FINANCE_VIA_YFINANCE
2026-05-05,MAXHEALTH,MAXHEALTH.NS,998.6751709,1000.450012,970882,YAHOO_FINANCE_VIA_YFINANCE
2026-05-05,NIFTY,^NSEI,24032.80078,24032.80078,363300,YAHOO_FINANCE_VIA_YFINANCE
2026-05-05,PERSISTENT,PERSISTENT.NS,4799.629883,4816.299805,499615,YAHOO_FINANCE_VIA_YFINANCE
2026-05-05,PIIND,PIIND.NS,3003.519287,3014.300049,179768,YAHOO_FINANCE_VIA_YFINANCE
2026-05-05,POLYCAB,POLYCAB.NS,8297.628906,8337,462166,YAHOO_FINANCE_VIA_YFINANCE
2026-05-05,RELIANCE,RELIANCE.NS,1456.864014,1463.599976,23543341,YAHOO_FINANCE_VIA_YFINANCE
2026-05-05,SBIN,SBIN.NS,1041.133545,1059.900024,12194631,YAHOO_FINANCE_VIA_YFINANCE
2026-05-05,SIEMENS,SIEMENS.NS,3827.790283,3846.600098,253569,YAHOO_FINANCE_VIA_YFINANCE
2026-05-05,SUNPHARMA,SUNPHARMA.NS,1816.040527,1820.800049,3011421,YAHOO_FINANCE_VIA_YFINANCE
2026-05-05,SUPREMEIND,SUPREMEIND.NS,3605.504395,3631,132574,YAHOO_FINANCE_VIA_YFINANCE
2026-05-05,TATAMOTORS,TMPV.NS,337.3515625,340.1499939,6084755,YAHOO_FINANCE_VIA_YFINANCE
2026-05-05,TCS,TCS.NS,2381.769531,2427.300049,3385720,YAHOO_FINANCE_VIA_YFINANCE
2026-05-05,TITAN,TITAN.NS,4359.295898,4373.600098,850790,YAHOO_FINANCE_VIA_YFINANCE
2026-05-05,TRENT,TRENT.NS,2752.865479,2756.93335,697752,YAHOO_FINANCE_VIA_YFINANCE
2026-05-05,ULTRACEMCO,ULTRACEMCO.NS,11723.7002,11963,350047,YAHOO_FINANCE_VIA_YFINANCE
2026-05-05,VOLTAS,VOLTAS.NS,1371.591187,1375.900024,2219827,YAHOO_FINANCE_VIA_YFINANCE
2026-05-06,ABB,ABB.NS,7098.928711,7182.5,282411,YAHOO_FINANCE_VIA_YFINANCE
2026-05-06,APLAPOLLO,APLAPOLLO.NS,1914.699951,1914.699951,1099178,YAHOO_FINANCE_VIA_YFINANCE
2026-05-06,APOLLOHOSP,APOLLOHOSP.NS,7751.476562,7760.5,437084,YAHOO_FINANCE_VIA_YFINANCE
2026-05-06,ASIANPAINT,ASIANPAINT.NS,2497.333252,2519,1395987,YAHOO_FINANCE_VIA_YFINANCE
2026-05-06,ASTRAL,ASTRAL.NS,1573.625,1576.099976,542926,YAHOO_FINANCE_VIA_YFINANCE
2026-05-06,AXISBANK,AXISBANK.NS,1293.202637,1294.199951,7277673,YAHOO_FINANCE_VIA_YFINANCE
2026-05-06,BAJFINANCE,BAJFINANCE.NS,974.7579346,980.75,7771237,YAHOO_FINANCE_VIA_YFINANCE
2026-05-06,BALKRISIND,BALKRISIND.NS,2222.568115,2230.300049,68805,YAHOO_FINANCE_VIA_YFINANCE
2026-05-06,BANKBARODA,BANKBARODA.NS,261.8313293,270.2999878,17657931,YAHOO_FINANCE_VIA_YFINANCE
2026-05-06,BANKNIFTY,^NSEBANK,55981.05078,55981.05078,653300,YAHOO_FINANCE_VIA_YFINANCE
2026-05-06,BEL,BEL.NS,437.6059265,438.2000122,9748728,YAHOO_FINANCE_VIA_YFINANCE
2026-05-06,BHARTIARTL,BHARTIARTL.NS,1810.90918,1833.699951,5507749,YAHOO_FINANCE_VIA_YFINANCE
2026-05-06,CIPLA,CIPLA.NS,1351.718872,1364.400024,1854812,YAHOO_FINANCE_VIA_YFINANCE
2026-05-06,COFORGE,COFORGE.NS,1274.499023,1280.400024,26656460,YAHOO_FINANCE_VIA_YFINANCE
2026-05-06,CROMPTON,CROMPTON.NS,280.674469,284.0499878,8247404,YAHOO_FINANCE_VIA_YFINANCE
2026-05-06,CUMMINSIND,CUMMINSIND.NS,5280.700684,5324.5,343679,YAHOO_FINANCE_VIA_YFINANCE
2026-05-06,DEEPAKNTR,DEEPAKNTR.NS,1813.317871,1821.599976,333528,YAHOO_FINANCE_VIA_YFINANCE
2026-05-06,DIXON,DIXON.NS,11299,11299,366954,YAHOO_FINANCE_VIA_YFINANCE
2026-05-06,DRREDDY,DRREDDY.NS,1302.738525,1311,3340410,YAHOO_FINANCE_VIA_YFINANCE
2026-05-06,ESCORTS,ESCORTS.NS,3279.98584,3317.100098,118378,YAHOO_FINANCE_VIA_YFINANCE
2026-05-06,FEDERALBNK,FEDERALBNK.NS,292.0024109,293,9998298,YAHOO_FINANCE_VIA_YFINANCE
2026-05-06,HAL,HAL.NS,4617.542969,4626.899902,775836,YAHOO_FINANCE_VIA_YFINANCE
2026-05-06,HDFCBANK,HDFCBANK.NS,783.5898438,796.5499878,35530831,YAHOO_FINANCE_VIA_YFINANCE
2026-05-06,HINDUNILVR,HINDUNILVR.NS,2293.768799,2317.100098,1196175,YAHOO_FINANCE_VIA_YFINANCE
2026-05-06,ICICIBANK,ICICIBANK.NS,1268.803345,1279.5,22909586,YAHOO_FINANCE_VIA_YFINANCE
2026-05-06,IDFCFIRSTB,IDFCFIRSTB.NS,69.3861618,69.58999634,31381072,YAHOO_FINANCE_VIA_YFINANCE
2026-05-06,INDUSINDBK,INDUSINDBK.NS,945.2190552,946.75,2901974,YAHOO_FINANCE_VIA_YFINANCE
2026-05-06,INFY,INFY.NS,1142.477417,1167.199951,9856963,YAHOO_FINANCE_VIA_YFINANCE
2026-05-06,KAYNES,KAYNES.NS,4305.5,4305.5,854374,YAHOO_FINANCE_VIA_YFINANCE
2026-05-06,KEI,KEI.NS,5148.600098,5148.600098,587088,YAHOO_FINANCE_VIA_YFINANCE
2026-05-06,KOTAKBANK,KOTAKBANK.NS,375.9509583,376.6000061,36195481,YAHOO_FINANCE_VIA_YFINANCE
2026-05-06,KPITTECH,KPITTECH.NS,742.3317871,748.5999756,11996230,YAHOO_FINANCE_VIA_YFINANCE
2026-05-06,LALPATHLAB,LALPATHLAB.NS,1578.174927,1586.199951,945255,YAHOO_FINANCE_VIA_YFINANCE
2026-05-06,LT,LT.NS,3969.726318,4008.5,9540104,YAHOO_FINANCE_VIA_YFINANCE
2026-05-06,M&M,M&M.NS,3266.496826,3300.800049,6007370,YAHOO_FINANCE_VIA_YFINANCE
2026-05-06,MARUTI,MARUTI.NS,13585.55957,13722,435208,YAHOO_FINANCE_VIA_YFINANCE
2026-05-06,MAXHEALTH,MAXHEALTH.NS,1014.097778,1015.900024,1327465,YAHOO_FINANCE_VIA_YFINANCE
2026-05-06,NIFTY,^NSEI,24330.94922,24330.94922,429200,YAHOO_FINANCE_VIA_YFINANCE
2026-05-06,PERSISTENT,PERSISTENT.NS,4996.645508,5014,799823,YAHOO_FINANCE_VIA_YFINANCE
2026-05-06,PIIND,PIIND.NS,3060.016602,3071,315117,YAHOO_FINANCE_VIA_YFINANCE
2026-05-06,POLYCAB,POLYCAB.NS,8375.758789,8415.5,1084637,YAHOO_FINANCE_VIA_YFINANCE
2026-05-06,RELIANCE,RELIANCE.NS,1431.282349,1437.900024,14221786,YAHOO_FINANCE_VIA_YFINANCE
2026-05-06,SBIN,SBIN.NS,1076.59436,1096,14384779,YAHOO_FINANCE_VIA_YFINANCE
2026-05-06,SIEMENS,SIEMENS.NS,3823.013672,3841.800049,330665,YAHOO_FINANCE_VIA_YFINANCE
2026-05-06,SUNPHARMA,SUNPHARMA.NS,1845.363647,1850.199951,3247156,YAHOO_FINANCE_VIA_YFINANCE
2026-05-06,SUPREMEIND,SUPREMEIND.NS,3683.35376,3709.399902,303451,YAHOO_FINANCE_VIA_YFINANCE
2026-05-06,TATAMOTORS,TMPV.NS,355.2034607,358.1499939,11036464,YAHOO_FINANCE_VIA_YFINANCE
2026-05-06,TCS,TCS.NS,2389.717285,2435.399902,3147628,YAHOO_FINANCE_VIA_YFINANCE
2026-05-06,TITAN,TITAN.NS,4345.341797,4359.600098,1459870,YAHOO_FINANCE_VIA_YFINANCE
2026-05-06,TRENT,TRENT.NS,2855.646973,2859.866699,2076619,YAHOO_FINANCE_VIA_YFINANCE
2026-05-06,ULTRACEMCO,ULTRACEMCO.NS,11851.09961,12093,355092,YAHOO_FINANCE_VIA_YFINANCE
2026-05-06,VOLTAS,VOLTAS.NS,1375.279541,1379.599976,747279,YAHOO_FINANCE_VIA_YFINANCE
2026-05-07,ABB,ABB.NS,7104.364746,7188,367185,YAHOO_FINANCE_VIA_YFINANCE
2026-05-07,APLAPOLLO,APLAPOLLO.NS,1973.699951,1973.699951,1360049,YAHOO_FINANCE_VIA_YFINANCE
2026-05-07,APOLLOHOSP,APOLLOHOSP.NS,7827.887207,7837,405862,YAHOO_FINANCE_VIA_YFINANCE
2026-05-07,ASIANPAINT,ASIANPAINT.NS,2508.833496,2530.600098,1053513,YAHOO_FINANCE_VIA_YFINANCE
2026-05-07,ASTRAL,ASTRAL.NS,1566.635986,1569.099976,984891,YAHOO_FINANCE_VIA_YFINANCE
2026-05-07,AXISBANK,AXISBANK.NS,1291.703735,1292.699951,6785048,YAHOO_FINANCE_VIA_YFINANCE
2026-05-07,BAJFINANCE,BAJFINANCE.NS,966.8068237,972.75,7873561,YAHOO_FINANCE_VIA_YFINANCE
2026-05-07,BALKRISIND,BALKRISIND.NS,2250.570312,2258.399902,90321,YAHOO_FINANCE_VIA_YFINANCE
2026-05-07,BANKBARODA,BANKBARODA.NS,261.8797607,270.3500061,10221403,YAHOO_FINANCE_VIA_YFINANCE
2026-05-07,BANKNIFTY,^NSEBANK,56047.39844,56047.39844,463500,YAHOO_FINANCE_VIA_YFINANCE
2026-05-07,BEL,BEL.NS,438.854248,439.4500122,15696400,YAHOO_FINANCE_VIA_YFINANCE
2026-05-07,BHARTIARTL,BHARTIARTL.NS,1803.897461,1826.599976,7914845,YAHOO_FINANCE_VIA_YFINANCE
2026-05-07,CIPLA,CIPLA.NS,1349.638428,1362.300049,1248019,YAHOO_FINANCE_VIA_YFINANCE
2026-05-07,COFORGE,COFORGE.NS,1279.376587,1285.300049,5846100,YAHOO_FINANCE_VIA_YFINANCE
2026-05-07,CROMPTON,CROMPTON.NS,287.2948608,290.75,6870435,YAHOO_FINANCE_VIA_YFINANCE
2026-05-07,CUMMINSIND,CUMMINSIND.NS,5358.554688,5403,496602,YAHOO_FINANCE_VIA_YFINANCE
2026-05-07,DEEPAKNTR,DEEPAKNTR.NS,1845.968872,1854.400024,371083,YAHOO_FINANCE_VIA_YFINANCE
2026-05-07,DIXON,DIXON.NS,11048,11048,619219,YAHOO_FINANCE_VIA_YFINANCE
2026-05-07,DRREDDY,DRREDDY.NS,1299.359863,1307.599976,2530096,YAHOO_FINANCE_VIA_YFINANCE
2026-05-07,ESCORTS,ESCORTS.NS,3308.463379,3345.899902,507852,YAHOO_FINANCE_VIA_YFINANCE
2026-05-07,FEDERALBNK,FEDERALBNK.NS,296.0386047,297.0499878,6089681,YAHOO_FINANCE_VIA_YFINANCE
2026-05-07,HAL,HAL.NS,4772.429199,4782.100098,1889223,YAHOO_FINANCE_VIA_YFINANCE
2026-05-07,HDFCBANK,HDFCBANK.NS,783.0979614,796.0499878,46137553,YAHOO_FINANCE_VIA_YFINANCE
2026-05-07,HINDUNILVR,HINDUNILVR.NS,2249.320801,2272.199951,1859012,YAHOO_FINANCE_VIA_YFINANCE
2026-05-07,ICICIBANK,ICICIBANK.NS,1268.307495,1279,25028552,YAHOO_FINANCE_VIA_YFINANCE
2026-05-07,IDFCFIRSTB,IDFCFIRSTB.NS,70.18382263,70.38999939,24250509,YAHOO_FINANCE_VIA_YFINANCE
2026-05-07,INDUSINDBK,INDUSINDBK.NS,945.4187012,946.9500122,2007411,YAHOO_FINANCE_VIA_YFINANCE
2026-05-07,INFY,INFY.NS,1138.072754,1162.699951,12013987,YAHOO_FINANCE_VIA_YFINANCE
2026-05-07,KAYNES,KAYNES.NS,4379.700195,4379.700195,893688,YAHOO_FINANCE_VIA_YFINANCE
2026-05-07,KEI,KEI.NS,5110.200195,5110.200195,1118993,YAHOO_FINANCE_VIA_YFINANCE
2026-05-07,KOTAKBANK,KOTAKBANK.NS,378.7461243,379.3999939,27286751,YAHOO_FINANCE_VIA_YFINANCE
2026-05-07,KPITTECH,KPITTECH.NS,716.5991211,722.6500244,8691588,YAHOO_FINANCE_VIA_YFINANCE
2026-05-07,LALPATHLAB,LALPATHLAB.NS,1557.57959,1565.5,620229,YAHOO_FINANCE_VIA_YFINANCE
2026-05-07,LT,LT.NS,3984.085938,4023,3477185,YAHOO_FINANCE_VIA_YFINANCE
2026-05-07,M&M,M&M.NS,3335.67041,3370.699951,4916193,YAHOO_FINANCE_VIA_YFINANCE
2026-05-07,MARUTI,MARUTI.NS,13633.08203,13770,726199,YAHOO_FINANCE_VIA_YFINANCE
2026-05-07,MAXHEALTH,MAXHEALTH.NS,1013.49884,1015.299988,1886787,YAHOO_FINANCE_VIA_YFINANCE
2026-05-07,NIFTY,^NSEI,24326.65039,24326.65039,440600,YAHOO_FINANCE_VIA_YFINANCE
2026-05-07,PERSISTENT,PERSISTENT.NS,4966.749512,4984,512165,YAHOO_FINANCE_VIA_YFINANCE
2026-05-07,PIIND,PIIND.NS,3090.407471,3101.5,247712,YAHOO_FINANCE_VIA_YFINANCE
2026-05-07,POLYCAB,POLYCAB.NS,8960.484375,9003,1837111,YAHOO_FINANCE_VIA_YFINANCE
2026-05-07,RELIANCE,RELIANCE.NS,1429.590088,1436.199951,19816903,YAHOO_FINANCE_VIA_YFINANCE
2026-05-07,SBIN,SBIN.NS,1072.665161,1092,16105163,YAHOO_FINANCE_VIA_YFINANCE
2026-05-07,SIEMENS,SIEMENS.NS,3852.568604,3871.5,315030,YAHOO_FINANCE_VIA_YFINANCE
2026-05-07,SUNPHARMA,SUNPHARMA.NS,1829.60498,1834.400024,2201070,YAHOO_FINANCE_VIA_YFINANCE
2026-05-07,SUPREMEIND,SUPREMEIND.NS,3639.16626,3664.899902,204661,YAHOO_FINANCE_VIA_YFINANCE
2026-05-07,TATAMOTORS,TMPV.NS,356.2944336,359.25,6975162,YAHOO_FINANCE_VIA_YFINANCE
2026-05-07,TCS,TCS.NS,2356.35498,2401.399902,5829594,YAHOO_FINANCE_VIA_YFINANCE
2026-05-07,TITAN,TITAN.NS,4293.412109,4307.5,1377631,YAHOO_FINANCE_VIA_YFINANCE
2026-05-07,TRENT,TRENT.NS,2858.509277,2862.733398,899052,YAHOO_FINANCE_VIA_YFINANCE
2026-05-07,ULTRACEMCO,ULTRACEMCO.NS,11903.04004,12146,227651,YAHOO_FINANCE_VIA_YFINANCE
2026-05-07,VOLTAS,VOLTAS.NS,1359.628784,1363.900024,957521,YAHOO_FINANCE_VIA_YFINANCE
2026-05-08,ABB,ABB.NS,6930.906738,7012.5,443952,YAHOO_FINANCE_VIA_YFINANCE
2026-05-08,APLAPOLLO,APLAPOLLO.NS,1948.599976,1948.599976,639610,YAHOO_FINANCE_VIA_YFINANCE
2026-05-08,APOLLOHOSP,APOLLOHOSP.NS,8087.584961,8097,922866,YAHOO_FINANCE_VIA_YFINANCE
2026-05-08,ASIANPAINT,ASIANPAINT.NS,2577.537109,2599.899902,2327900,YAHOO_FINANCE_VIA_YFINANCE
2026-05-08,ASTRAL,ASTRAL.NS,1567.334961,1569.800049,488596,YAHOO_FINANCE_VIA_YFINANCE
2026-05-08,AXISBANK,AXISBANK.NS,1267.322632,1268.300049,6358595,YAHOO_FINANCE_VIA_YFINANCE
2026-05-08,BAJFINANCE,BAJFINANCE.NS,949.5131226,955.3499756,5555386,YAHOO_FINANCE_VIA_YFINANCE
2026-05-08,BALKRISIND,BALKRISIND.NS,2254.656494,2262.5,154989,YAHOO_FINANCE_VIA_YFINANCE
2026-05-08,BANKBARODA,BANKBARODA.NS,255.6318359,263.8999939,16922683,YAHOO_FINANCE_VIA_YFINANCE
2026-05-08,BANKNIFTY,^NSEBANK,55310.55078,55310.55078,429500,YAHOO_FINANCE_VIA_YFINANCE
2026-05-08,BEL,BEL.NS,439.1039124,439.7000122,11164661,YAHOO_FINANCE_VIA_YFINANCE
2026-05-08,BHARTIARTL,BHARTIARTL.NS,1811.699341,1834.5,4839183,YAHOO_FINANCE_VIA_YFINANCE
2026-05-08,CIPLA,CIPLA.NS,1334.480591,1347,1044824,YAHOO_FINANCE_VIA_YFINANCE
2026-05-08,COFORGE,COFORGE.NS,1361.7948,1368.099976,9375709,YAHOO_FINANCE_VIA_YFINANCE
2026-05-08,CROMPTON,CROMPTON.NS,289.8145447,293.2999878,8477610,YAHOO_FINANCE_VIA_YFINANCE
2026-05-08,CUMMINSIND,CUMMINSIND.NS,5356.571289,5401,528649,YAHOO_FINANCE_VIA_YFINANCE
2026-05-08,DEEPAKNTR,DEEPAKNTR.NS,1867.371094,1875.900024,254014,YAHOO_FINANCE_VIA_YFINANCE
2026-05-08,DIXON,DIXON.NS,10803,10803,817765,YAHOO_FINANCE_VIA_YFINANCE
2026-05-08,DRREDDY,DRREDDY.NS,1285.746216,1293.900024,964903,YAHOO_FINANCE_VIA_YFINANCE
2026-05-08,ESCORTS,ESCORTS.NS,3111.393555,3146.600098,379151,YAHOO_FINANCE_VIA_YFINANCE
2026-05-08,FEDERALBNK,FEDERALBNK.NS,296.2379456,297.25,6129346,YAHOO_FINANCE_VIA_YFINANCE
2026-05-08,HAL,HAL.NS,4778.41748,4788.100098,1674686,YAHOO_FINANCE_VIA_YFINANCE
2026-05-08,HDFCBANK,HDFCBANK.NS,768.1452637,780.8499756,38016841,YAHOO_FINANCE_VIA_YFINANCE
2026-05-08,HINDUNILVR,HINDUNILVR.NS,2264.664795,2287.699951,1104526,YAHOO_FINANCE_VIA_YFINANCE
2026-05-08,ICICIBANK,ICICIBANK.NS,1254.226318,1264.800049,11137424,YAHOO_FINANCE_VIA_YFINANCE
2026-05-08,IDFCFIRSTB,IDFCFIRSTB.NS,71.06124115,71.26999664,21083557,YAHOO_FINANCE_VIA_YFINANCE
2026-05-08,INDUSINDBK,INDUSINDBK.NS,949.2125854,950.75,1604266,YAHOO_FINANCE_VIA_YFINANCE
2026-05-08,INFY,INFY.NS,1154.223267,1179.199951,7582770,YAHOO_FINANCE_VIA_YFINANCE
2026-05-08,KAYNES,KAYNES.NS,4507.5,4507.5,1481029,YAHOO_FINANCE_VIA_YFINANCE
2026-05-08,KEI,KEI.NS,5099.600098,5099.600098,361665,YAHOO_FINANCE_VIA_YFINANCE
2026-05-08,KOTAKBANK,KOTAKBANK.NS,380.1436768,380.7999878,16183126,YAHOO_FINANCE_VIA_YFINANCE
2026-05-08,KPITTECH,KPITTECH.NS,723.0446777,729.1500244,4551374,YAHOO_FINANCE_VIA_YFINANCE
2026-05-08,LALPATHLAB,LALPATHLAB.NS,1641.453247,1649.800049,885886,YAHOO_FINANCE_VIA_YFINANCE
2026-05-08,LT,LT.NS,3936.055176,3974.5,1620273,YAHOO_FINANCE_VIA_YFINANCE
2026-05-08,M&M,M&M.NS,3295.789062,3330.399902,2071348,YAHOO_FINANCE_VIA_YFINANCE
2026-05-08,MARUTI,MARUTI.NS,13589.51953,13726,270505,YAHOO_FINANCE_VIA_YFINANCE
2026-05-08,MAXHEALTH,MAXHEALTH.NS,1010.703796,1012.5,1835293,YAHOO_FINANCE_VIA_YFINANCE
2026-05-08,NIFTY,^NSEI,24176.15039,24176.15039,335900,YAHOO_FINANCE_VIA_YFINANCE
2026-05-08,PERSISTENT,PERSISTENT.NS,5095.900879,5113.600098,633097,YAHOO_FINANCE_VIA_YFINANCE
2026-05-08,PIIND,PIIND.NS,3099.674316,3110.800049,164302,YAHOO_FINANCE_VIA_YFINANCE
2026-05-08,POLYCAB,POLYCAB.NS,9040.106445,9083,613457,YAHOO_FINANCE_VIA_YFINANCE
2026-05-08,RELIANCE,RELIANCE.NS,1428.594727,1435.199951,8663105,YAHOO_FINANCE_VIA_YFINANCE
2026-05-08,SBIN,SBIN.NS,1001.252319,1019.299988,48065909,YAHOO_FINANCE_VIA_YFINANCE
2026-05-08,SIEMENS,SIEMENS.NS,3803.907715,3822.600098,366353,YAHOO_FINANCE_VIA_YFINANCE
2026-05-08,SUNPHARMA,SUNPHARMA.NS,1843.069702,1847.900024,2837885,YAHOO_FINANCE_VIA_YFINANCE
2026-05-08,SUPREMEIND,SUPREMEIND.NS,3629.236328,3654.899902,138853,YAHOO_FINANCE_VIA_YFINANCE
2026-05-08,TATAMOTORS,TMPV.NS,352.5256958,355.4500122,4615800,YAHOO_FINANCE_VIA_YFINANCE
2026-05-08,TCS,TCS.NS,2349.486084,2394.399902,3792199,YAHOO_FINANCE_VIA_YFINANCE
2026-05-08,TITAN,TITAN.NS,4494.25293,4509,4777990,YAHOO_FINANCE_VIA_YFINANCE
2026-05-08,TRENT,TRENT.NS,2824.026855,2828.199951,812644,YAHOO_FINANCE_VIA_YFINANCE
2026-05-08,ULTRACEMCO,ULTRACEMCO.NS,11710.95996,11950,258727,YAHOO_FINANCE_VIA_YFINANCE
2026-05-08,VOLTAS,VOLTAS.NS,1320.651245,1324.800049,1133112,YAHOO_FINANCE_VIA_YFINANCE
2026-05-11,ABB,ABB.NS,6313.178711,6387.5,2419336,YAHOO_FINANCE_VIA_YFINANCE
2026-05-11,APLAPOLLO,APLAPOLLO.NS,1949.800049,1949.800049,776096,YAHOO_FINANCE_VIA_YFINANCE
2026-05-11,APOLLOHOSP,APOLLOHOSP.NS,8072.602539,8082,466135,YAHOO_FINANCE_VIA_YFINANCE
2026-05-11,ASIANPAINT,ASIANPAINT.NS,2544.028076,2566.100098,1271257,YAHOO_FINANCE_VIA_YFINANCE
2026-05-11,ASTRAL,ASTRAL.NS,1569.631226,1572.099976,471229,YAHOO_FINANCE_VIA_YFINANCE
2026-05-11,AXISBANK,AXISBANK.NS,1271.31958,1272.300049,7341360,YAHOO_FINANCE_VIA_YFINANCE
2026-05-11,BAJFINANCE,BAJFINANCE.NS,930.3310547,936.0499878,5581022,YAHOO_FINANCE_VIA_YFINANCE
2026-05-11,BALKRISIND,BALKRISIND.NS,2174.335449,2181.899902,344913,YAHOO_FINANCE_VIA_YFINANCE
2026-05-11,BANKBARODA,BANKBARODA.NS,257.6660461,266,26039714,YAHOO_FINANCE_VIA_YFINANCE
2026-05-11,BANKNIFTY,^NSEBANK,54439.89844,54439.89844,486800,YAHOO_FINANCE_VIA_YFINANCE
2026-05-11,BEL,BEL.NS,431.3644104,431.9500122,7631226,YAHOO_FINANCE_VIA_YFINANCE
2026-05-11,BHARTIARTL,BHARTIARTL.NS,1737.927856,1759.800049,15803791,YAHOO_FINANCE_VIA_YFINANCE
2026-05-11,CIPLA,CIPLA.NS,1292.771851,1304.900024,1428197,YAHOO_FINANCE_VIA_YFINANCE
2026-05-11,COFORGE,COFORGE.NS,1368.862061,1375.199951,5641233,YAHOO_FINANCE_VIA_YFINANCE
2026-05-11,CROMPTON,CROMPTON.NS,286.7514038,290.2000122,3478542,YAHOO_FINANCE_VIA_YFINANCE
2026-05-11,CUMMINSIND,CUMMINSIND.NS,5195.407715,5238.5,477092,YAHOO_FINANCE_VIA_YFINANCE
2026-05-11,DEEPAKNTR,DEEPAKNTR.NS,1855.126953,1863.599976,311146,YAHOO_FINANCE_VIA_YFINANCE
2026-05-11,DIXON,DIXON.NS,10772,10772,605961,YAHOO_FINANCE_VIA_YFINANCE
2026-05-11,DRREDDY,DRREDDY.NS,1271.834473,1279.900024,1506740,YAHOO_FINANCE_VIA_YFINANCE
2026-05-11,ESCORTS,ESCORTS.NS,2933.506348,2966.699951,328852,YAHOO_FINANCE_VIA_YFINANCE
2026-05-11,FEDERALBNK,FEDERALBNK.NS,291.4542847,292.4500122,11135956,YAHOO_FINANCE_VIA_YFINANCE
2026-05-11,HAL,HAL.NS,4746.681152,4756.299805,1218880,YAHOO_FINANCE_VIA_YFINANCE
2026-05-11,HDFCBANK,HDFCBANK.NS,751.2251587,763.6500244,41123422,YAHOO_FINANCE_VIA_YFINANCE
2026-05-11,HINDUNILVR,HINDUNILVR.NS,2283.968506,2307.199951,1903862,YAHOO_FINANCE_VIA_YFINANCE
2026-05-11,ICICIBANK,ICICIBANK.NS,1255.812866,1266.400024,18980488,YAHOO_FINANCE_VIA_YFINANCE
2026-05-11,IDFCFIRSTB,IDFCFIRSTB.NS,69.01725006,69.22000122,17821878,YAHOO_FINANCE_VIA_YFINANCE
2026-05-11,INDUSINDBK,INDUSINDBK.NS,920.8085327,922.2999878,1584134,YAHOO_FINANCE_VIA_YFINANCE
2026-05-11,INFY,INFY.NS,1152.069946,1177,7336288,YAHOO_FINANCE_VIA_YFINANCE
2026-05-11,KAYNES,KAYNES.NS,4364.299805,4364.299805,1189671,YAHOO_FINANCE_VIA_YFINANCE
2026-05-11,KEI,KEI.NS,5120,5120,442843,YAHOO_FINANCE_VIA_YFINANCE
2026-05-11,KOTAKBANK,KOTAKBANK.NS,380.3932495,381.0499878,21347878,YAHOO_FINANCE_VIA_YFINANCE
2026-05-11,KPITTECH,KPITTECH.NS,727.3087158,733.4500122,1990591,YAHOO_FINANCE_VIA_YFINANCE
2026-05-11,LALPATHLAB,LALPATHLAB.NS,1644.040039,1652.400024,937712,YAHOO_FINANCE_VIA_YFINANCE
2026-05-11,LT,LT.NS,3902.086914,3940.199951,2027769,YAHOO_FINANCE_VIA_YFINANCE
2026-05-11,M&M,M&M.NS,3212.167236,3245.899902,2320887,YAHOO_FINANCE_VIA_YFINANCE
2026-05-11,MARUTI,MARUTI.NS,13348.93555,13483,634354,YAHOO_FINANCE_VIA_YFINANCE
2026-05-11,MAXHEALTH,MAXHEALTH.NS,1036.108643,1037.949951,3043486,YAHOO_FINANCE_VIA_YFINANCE
2026-05-11,NIFTY,^NSEI,23815.84961,23815.84961,390100,YAHOO_FINANCE_VIA_YFINANCE
2026-05-11,PERSISTENT,PERSISTENT.NS,5080.45459,5098.100098,339705,YAHOO_FINANCE_VIA_YFINANCE
2026-05-11,PIIND,PIIND.NS,3079.74585,3090.800049,111486,YAHOO_FINANCE_VIA_YFINANCE
2026-05-11,POLYCAB,POLYCAB.NS,9022.688477,9065.5,261216,YAHOO_FINANCE_VIA_YFINANCE
2026-05-11,RELIANCE,RELIANCE.NS,1381.811035,1388.199951,15261787,YAHOO_FINANCE_VIA_YFINANCE
2026-05-11,SBIN,SBIN.NS,956.3615112,973.5999756,46927396,YAHOO_FINANCE_VIA_YFINANCE
2026-05-11,SIEMENS,SIEMENS.NS,3587.96875,3605.600098,996964,YAHOO_FINANCE_VIA_YFINANCE
2026-05-11,SUNPHARMA,SUNPHARMA.NS,1867.80481,1872.699951,2564978,YAHOO_FINANCE_VIA_YFINANCE
2026-05-11,SUPREMEIND,SUPREMEIND.NS,3591.900635,3617.300049,93789,YAHOO_FINANCE_VIA_YFINANCE
2026-05-11,TATAMOTORS,TMPV.NS,343.1534424,346,4283236,YAHOO_FINANCE_VIA_YFINANCE
2026-05-11,TCS,TCS.NS,2348.014404,2392.899902,1975188,YAHOO_FINANCE_VIA_YFINANCE
2026-05-11,TITAN,TITAN.NS,4191.845215,4205.600098,5925166,YAHOO_FINANCE_VIA_YFINANCE
2026-05-11,TRENT,TRENT.NS,2783.287109,2787.399902,671347,YAHOO_FINANCE_VIA_YFINANCE
2026-05-11,ULTRACEMCO,ULTRACEMCO.NS,11628.64062,11866,198930,YAHOO_FINANCE_VIA_YFINANCE
2026-05-11,VOLTAS,VOLTAS.NS,1302.408569,1306.5,632667,YAHOO_FINANCE_VIA_YFINANCE
2026-05-12,ABB,ABB.NS,6254.865234,6328.5,976463,YAHOO_FINANCE_VIA_YFINANCE
2026-05-12,APLAPOLLO,APLAPOLLO.NS,1881.199951,1881.199951,482177,YAHOO_FINANCE_VIA_YFINANCE
2026-05-12,APOLLOHOSP,APOLLOHOSP.NS,8013.171875,8022.5,390002,YAHOO_FINANCE_VIA_YFINANCE
2026-05-12,ASIANPAINT,ASIANPAINT.NS,2483.949219,2505.5,628802,YAHOO_FINANCE_VIA_YFINANCE
2026-05-12,ASTRAL,ASTRAL.NS,1525.201172,1527.599976,312623,YAHOO_FINANCE_VIA_YFINANCE
2026-05-12,AXISBANK,AXISBANK.NS,1259.128906,1260.099976,5727828,YAHOO_FINANCE_VIA_YFINANCE
2026-05-12,BAJFINANCE,BAJFINANCE.NS,898.6756592,904.2000122,7174645,YAHOO_FINANCE_VIA_YFINANCE
2026-05-12,BALKRISIND,BALKRISIND.NS,2103.282959,2110.600098,130998,YAHOO_FINANCE_VIA_YFINANCE
2026-05-12,BANKBARODA,BANKBARODA.NS,251.805603,259.9500122,9935242,YAHOO_FINANCE_VIA_YFINANCE
2026-05-12,BANKNIFTY,^NSEBANK,53555.19922,53555.19922,364400,YAHOO_FINANCE_VIA_YFINANCE
2026-05-12,BEL,BEL.NS,415.9353333,416.5,15199825,YAHOO_FINANCE_VIA_YFINANCE
2026-05-12,BHARTIARTL,BHARTIARTL.NS,1734.965088,1756.800049,11945399,YAHOO_FINANCE_VIA_YFINANCE
2026-05-12,CIPLA,CIPLA.NS,1280.28894,1292.300049,1398439,YAHOO_FINANCE_VIA_YFINANCE
2026-05-12,COFORGE,COFORGE.NS,1314.314697,1320.400024,4590660,YAHOO_FINANCE_VIA_YFINANCE
2026-05-12,CROMPTON,CROMPTON.NS,278.6982422,282.0499878,5419634,YAHOO_FINANCE_VIA_YFINANCE
2026-05-12,CUMMINSIND,CUMMINSIND.NS,5117.553711,5160,403954,YAHOO_FINANCE_VIA_YFINANCE
2026-05-12,DEEPAKNTR,DEEPAKNTR.NS,1839.896606,1848.300049,333512,YAHOO_FINANCE_VIA_YFINANCE
2026-05-12,DIXON,DIXON.NS,10138,10138,830155,YAHOO_FINANCE_VIA_YFINANCE
2026-05-12,DRREDDY,DRREDDY.NS,1261.996826,1270,1946195,YAHOO_FINANCE_VIA_YFINANCE
2026-05-12,ESCORTS,ESCORTS.NS,2927.573486,2960.699951,153219,YAHOO_FINANCE_VIA_YFINANCE
2026-05-12,FEDERALBNK,FEDERALBNK.NS,283.8303223,284.7999878,8461329,YAHOO_FINANCE_VIA_YFINANCE
2026-05-12,HAL,HAL.NS,4563.253418,4572.5,1587979,YAHOO_FINANCE_VIA_YFINANCE
2026-05-12,HDFCBANK,HDFCBANK.NS,738.2399292,750.4500122,43937132,YAHOO_FINANCE_VIA_YFINANCE
2026-05-12,HINDUNILVR,HINDUNILVR.NS,2239.223633,2262,983506,YAHOO_FINANCE_VIA_YFINANCE
2026-05-12,ICICIBANK,ICICIBANK.NS,1229.931152,1240.300049,21110708,YAHOO_FINANCE_VIA_YFINANCE
2026-05-12,IDFCFIRSTB,IDFCFIRSTB.NS,67.48175812,67.68000031,16597687,YAHOO_FINANCE_VIA_YFINANCE
2026-05-12,INDUSINDBK,INDUSINDBK.NS,891.406189,892.8499756,1374763,YAHOO_FINANCE_VIA_YFINANCE
2026-05-12,INFY,INFY.NS,1116.147339,1140.300049,16891948,YAHOO_FINANCE_VIA_YFINANCE
2026-05-12,KAYNES,KAYNES.NS,4049.300049,4049.300049,1865243,YAHOO_FINANCE_VIA_YFINANCE
2026-05-12,KEI,KEI.NS,4997.100098,4997.100098,236015,YAHOO_FINANCE_VIA_YFINANCE
2026-05-12,KOTAKBANK,KOTAKBANK.NS,375.3519897,376,13065308,YAHOO_FINANCE_VIA_YFINANCE
2026-05-12,KPITTECH,KPITTECH.NS,706.0878296,712.0499878,2937642,YAHOO_FINANCE_VIA_YFINANCE
2026-05-12,LALPATHLAB,LALPATHLAB.NS,1578.970947,1587,278094,YAHOO_FINANCE_VIA_YFINANCE
2026-05-12,LT,LT.NS,3819.196533,3856.5,2255075,YAHOO_FINANCE_VIA_YFINANCE
2026-05-12,M&M,M&M.NS,3142.993896,3176,2638081,YAHOO_FINANCE_VIA_YFINANCE
2026-05-12,MARUTI,MARUTI.NS,13041.02832,13172,302512,YAHOO_FINANCE_VIA_YFINANCE
2026-05-12,MAXHEALTH,MAXHEALTH.NS,1015.894592,1017.700012,1891443,YAHOO_FINANCE_VIA_YFINANCE
2026-05-12,NIFTY,^NSEI,23379.55078,23379.55078,447500,YAHOO_FINANCE_VIA_YFINANCE
2026-05-12,PERSISTENT,PERSISTENT.NS,4860.219727,4877.100098,697635,YAHOO_FINANCE_VIA_YFINANCE
2026-05-12,PIIND,PIIND.NS,2986.87915,2997.600098,166680,YAHOO_FINANCE_VIA_YFINANCE
2026-05-12,POLYCAB,POLYCAB.NS,8978.896484,9021.5,617924,YAHOO_FINANCE_VIA_YFINANCE
2026-05-12,RELIANCE,RELIANCE.NS,1357.722412,1364,24357500,YAHOO_FINANCE_VIA_YFINANCE
2026-05-12,SBIN,SBIN.NS,957.343811,974.5999756,25787092,YAHOO_FINANCE_VIA_YFINANCE
2026-05-12,SIEMENS,SIEMENS.NS,3556.921143,3574.399902,385531,YAHOO_FINANCE_VIA_YFINANCE
2026-05-12,SUNPHARMA,SUNPHARMA.NS,1840.875366,1845.699951,3263351,YAHOO_FINANCE_VIA_YFINANCE
2026-05-12,SUPREMEIND,SUPREMEIND.NS,3509.284912,3534.100098,112529,YAHOO_FINANCE_VIA_YFINANCE
2026-05-12,TATAMOTORS,TMPV.NS,334.0787354,336.8500061,5758949,YAHOO_FINANCE_VIA_YFINANCE
2026-05-12,TCS,TCS.NS,2257.151611,2300.300049,6347884,YAHOO_FINANCE_VIA_YFINANCE
2026-05-12,TITAN,TITAN.NS,4042.036865,4055.300049,1978748,YAHOO_FINANCE_VIA_YFINANCE
2026-05-12,TRENT,TRENT.NS,2696.415527,2700.399902,1257577,YAHOO_FINANCE_VIA_YFINANCE
2026-05-12,ULTRACEMCO,ULTRACEMCO.NS,11285.6416,11516,343980,YAHOO_FINANCE_VIA_YFINANCE
2026-05-12,VOLTAS,VOLTAS.NS,1265.624023,1269.599976,1087483,YAHOO_FINANCE_VIA_YFINANCE
2026-05-13,ABB,ABB.NS,6231.638672,6305,367052,YAHOO_FINANCE_VIA_YFINANCE
2026-05-13,APLAPOLLO,APLAPOLLO.NS,1891.099976,1891.099976,242539,YAHOO_FINANCE_VIA_YFINANCE
2026-05-13,APOLLOHOSP,APOLLOHOSP.NS,7995.192871,8004.5,329337,YAHOO_FINANCE_VIA_YFINANCE
2026-05-13,ASIANPAINT,ASIANPAINT.NS,2595.085205,2617.600098,3515018,YAHOO_FINANCE_VIA_YFINANCE
2026-05-13,ASTRAL,ASTRAL.NS,1541.575439,1544,425281,YAHOO_FINANCE_VIA_YFINANCE
2026-05-13,AXISBANK,AXISBANK.NS,1254.7323,1255.699951,6045406,YAHOO_FINANCE_VIA_YFINANCE
2026-05-13,BAJFINANCE,BAJFINANCE.NS,890.6748657,896.1500244,7422952,YAHOO_FINANCE_VIA_YFINANCE
2026-05-13,BALKRISIND,BALKRISIND.NS,2097.802002,2105.100098,502422,YAHOO_FINANCE_VIA_YFINANCE
2026-05-13,BANKBARODA,BANKBARODA.NS,253.4523315,261.6499939,14028629,YAHOO_FINANCE_VIA_YFINANCE
2026-05-13,BANKNIFTY,^NSEBANK,53456.14844,53456.14844,305900,YAHOO_FINANCE_VIA_YFINANCE
2026-05-13,BEL,BEL.NS,427.6694031,428.25,13230827,YAHOO_FINANCE_VIA_YFINANCE
2026-05-13,BHARTIARTL,BHARTIARTL.NS,1766.96228,1789.199951,9825413,YAHOO_FINANCE_VIA_YFINANCE
2026-05-13,CIPLA,CIPLA.NS,1315.260864,1327.599976,6015153,YAHOO_FINANCE_VIA_YFINANCE
2026-05-13,COFORGE,COFORGE.NS,1291.12207,1297.099976,2151407,YAHOO_FINANCE_VIA_YFINANCE
2026-05-13,CROMPTON,CROMPTON.NS,281.4155579,284.7999878,6086493,YAHOO_FINANCE_VIA_YFINANCE
2026-05-13,CUMMINSIND,CUMMINSIND.NS,5169.125977,5212,590903,YAHOO_FINANCE_VIA_YFINANCE
2026-05-13,DEEPAKNTR,DEEPAKNTR.NS,1847.959717,1856.400024,165337,YAHOO_FINANCE_VIA_YFINANCE
2026-05-13,DIXON,DIXON.NS,11124,11124,2690187,YAHOO_FINANCE_VIA_YFINANCE
2026-05-13,DRREDDY,DRREDDY.NS,1257.326538,1265.300049,9276074,YAHOO_FINANCE_VIA_YFINANCE
2026-05-13,ESCORTS,ESCORTS.NS,2949.327393,2982.699951,127451,YAHOO_FINANCE_VIA_YFINANCE
2026-05-13,FEDERALBNK,FEDERALBNK.NS,279.0964966,280.0499878,15147738,YAHOO_FINANCE_VIA_YFINANCE
2026-05-13,HAL,HAL.NS,4609.160156,4618.5,1092960,YAHOO_FINANCE_VIA_YFINANCE
2026-05-13,HDFCBANK,HDFCBANK.NS,737.4037476,749.5999756,28960919,YAHOO_FINANCE_VIA_YFINANCE
2026-05-13,HINDUNILVR,HINDUNILVR.NS,2244.470215,2267.300049,1308559,YAHOO_FINANCE_VIA_YFINANCE
2026-05-13,ICICIBANK,ICICIBANK.NS,1225.270386,1235.599976,19490295,YAHOO_FINANCE_VIA_YFINANCE
2026-05-13,IDFCFIRSTB,IDFCFIRSTB.NS,68.09994507,68.30000305,16610311,YAHOO_FINANCE_VIA_YFINANCE
2026-05-13,INDUSINDBK,INDUSINDBK.NS,891.0567627,892.5,1428120,YAHOO_FINANCE_VIA_YFINANCE
2026-05-13,INFY,INFY.NS,1099.311523,1123.099976,6664111,YAHOO_FINANCE_VIA_YFINANCE
2026-05-13,KAYNES,KAYNES.NS,4178.399902,4178.399902,1915230,YAHOO_FINANCE_VIA_YFINANCE
2026-05-13,KEI,KEI.NS,4919.5,4919.5,593722,YAHOO_FINANCE_VIA_YFINANCE
2026-05-13,KOTAKBANK,KOTAKBANK.NS,376.999115,377.6499939,16267456,YAHOO_FINANCE_VIA_YFINANCE
2026-05-13,KPITTECH,KPITTECH.NS,704.699585,710.6500244,1300856,YAHOO_FINANCE_VIA_YFINANCE
2026-05-13,LALPATHLAB,LALPATHLAB.NS,1567.728027,1575.699951,338898,YAHOO_FINANCE_VIA_YFINANCE
2026-05-13,LT,LT.NS,3877.923096,3915.800049,2486330,YAHOO_FINANCE_VIA_YFINANCE
2026-05-13,M&M,M&M.NS,3079.461182,3111.800049,2692484,YAHOO_FINANCE_VIA_YFINANCE
2026-05-13,MARUTI,MARUTI.NS,12972.71484,13103,307027,YAHOO_FINANCE_VIA_YFINANCE
2026-05-13,MAXHEALTH,MAXHEALTH.NS,1024.279663,1026.099976,1056295,YAHOO_FINANCE_VIA_YFINANCE
2026-05-13,NIFTY,^NSEI,23412.59961,23412.59961,415400,YAHOO_FINANCE_VIA_YFINANCE
2026-05-13,PERSISTENT,PERSISTENT.NS,4828.230469,4845,310545,YAHOO_FINANCE_VIA_YFINANCE
2026-05-13,PIIND,PIIND.NS,3040.088135,3051,219907,YAHOO_FINANCE_VIA_YFINANCE
2026-05-13,POLYCAB,POLYCAB.NS,8845.529297,8887.5,423358,YAHOO_FINANCE_VIA_YFINANCE
2026-05-13,RELIANCE,RELIANCE.NS,1352.546387,1358.800049,13797989,YAHOO_FINANCE_VIA_YFINANCE
2026-05-13,SBIN,SBIN.NS,952.9234619,970.0999756,17584580,YAHOO_FINANCE_VIA_YFINANCE
2026-05-13,SIEMENS,SIEMENS.NS,3514.927734,3532.199951,396807,YAHOO_FINANCE_VIA_YFINANCE
2026-05-13,SUNPHARMA,SUNPHARMA.NS,1820.030151,1824.800049,1972365,YAHOO_FINANCE_VIA_YFINANCE
2026-05-13,SUPREMEIND,SUPREMEIND.NS,3496.276611,3521,98343,YAHOO_FINANCE_VIA_YFINANCE
2026-05-13,TATAMOTORS,TMPV.NS,334.0787354,336.8500061,5692558,YAHOO_FINANCE_VIA_YFINANCE
2026-05-13,TCS,TCS.NS,2230.167236,2272.800049,3171843,YAHOO_FINANCE_VIA_YFINANCE
2026-05-13,TITAN,TITAN.NS,4077.321045,4090.699951,2841521,YAHOO_FINANCE_VIA_YFINANCE
2026-05-13,TRENT,TRENT.NS,2718.982178,2723,682320,YAHOO_FINANCE_VIA_YFINANCE
2026-05-13,ULTRACEMCO,ULTRACEMCO.NS,11341.50195,11573,453482,YAHOO_FINANCE_VIA_YFINANCE
2026-05-13,VOLTAS,VOLTAS.NS,1254.957642,1258.900024,1049831,YAHOO_FINANCE_VIA_YFINANCE
2026-05-14,ABB,ABB.NS,6354.195801,6429,327209,YAHOO_FINANCE_VIA_YFINANCE
2026-05-14,APLAPOLLO,APLAPOLLO.NS,1890.099976,1890.099976,368390,YAHOO_FINANCE_VIA_YFINANCE
2026-05-14,APOLLOHOSP,APOLLOHOSP.NS,8109.55957,8119,431011,YAHOO_FINANCE_VIA_YFINANCE
2026-05-14,ASIANPAINT,ASIANPAINT.NS,2599.645508,2622.199951,1040916,YAHOO_FINANCE_VIA_YFINANCE
2026-05-14,ASTRAL,ASTRAL.NS,1558.848267,1561.300049,304800,YAHOO_FINANCE_VIA_YFINANCE
2026-05-14,AXISBANK,AXISBANK.NS,1253.633179,1254.599976,5822618,YAHOO_FINANCE_VIA_YFINANCE
2026-05-14,BAJFINANCE,BAJFINANCE.NS,906.5770874,912.1500244,6815238,YAHOO_FINANCE_VIA_YFINANCE
2026-05-14,BALKRISIND,BALKRISIND.NS,2183.503906,2191.100098,124061,YAHOO_FINANCE_VIA_YFINANCE
2026-05-14,BANKBARODA,BANKBARODA.NS,259.4096375,267.7999878,11352510,YAHOO_FINANCE_VIA_YFINANCE
2026-05-14,BANKNIFTY,^NSEBANK,54128.94922,54128.94922,311800,YAHOO_FINANCE_VIA_YFINANCE
2026-05-14,BEL,BEL.NS,428.2686157,428.8500061,9807792,YAHOO_FINANCE_VIA_YFINANCE
2026-05-14,BHARTIARTL,BHARTIARTL.NS,1860.090332,1883.5,21279151,YAHOO_FINANCE_VIA_YFINANCE
2026-05-14,CIPLA,CIPLA.NS,1423.346802,1436.699951,9166941,YAHOO_FINANCE_VIA_YFINANCE
2026-05-14,COFORGE,COFORGE.NS,1268.725708,1274.599976,3004315,YAHOO_FINANCE_VIA_YFINANCE
2026-05-14,CROMPTON,CROMPTON.NS,285.5162659,288.9500122,12392861,YAHOO_FINANCE_VIA_YFINANCE
2026-05-14,CUMMINSIND,CUMMINSIND.NS,5322.851074,5367,324086,YAHOO_FINANCE_VIA_YFINANCE
2026-05-14,DEEPAKNTR,DEEPAKNTR.NS,1831.833374,1840.199951,181332,YAHOO_FINANCE_VIA_YFINANCE
2026-05-14,DIXON,DIXON.NS,11103,11103,857111,YAHOO_FINANCE_VIA_YFINANCE
2026-05-14,DRREDDY,DRREDDY.NS,1295.385132,1303.599976,2362951,YAHOO_FINANCE_VIA_YFINANCE
2026-05-14,ESCORTS,ESCORTS.NS,2965.642578,2999.199951,128474,YAHOO_FINANCE_VIA_YFINANCE
2026-05-14,FEDERALBNK,FEDERALBNK.NS,279.2958374,280.25,8574291,YAHOO_FINANCE_VIA_YFINANCE
2026-05-14,HAL,HAL.NS,4598.681641,4608,3241559,YAHOO_FINANCE_VIA_YFINANCE
2026-05-14,HDFCBANK,HDFCBANK.NS,757.0291748,769.5499878,50992358,YAHOO_FINANCE_VIA_YFINANCE
2026-05-14,HINDUNILVR,HINDUNILVR.NS,2226.057373,2248.699951,1380764,YAHOO_FINANCE_VIA_YFINANCE
2026-05-14,ICICIBANK,ICICIBANK.NS,1235.583374,1246,16535600,YAHOO_FINANCE_VIA_YFINANCE
2026-05-14,IDFCFIRSTB,IDFCFIRSTB.NS,68.33924103,68.54000092,34531922,YAHOO_FINANCE_VIA_YFINANCE
2026-05-14,INDUSINDBK,INDUSINDBK.NS,906.4318848,907.9000244,1862991,YAHOO_FINANCE_VIA_YFINANCE
2026-05-14,INFY,INFY.NS,1071.806763,1095,16914842,YAHOO_FINANCE_VIA_YFINANCE
2026-05-14,KAYNES,KAYNES.NS,3336.5,3336.5,10655451,YAHOO_FINANCE_VIA_YFINANCE
2026-05-14,KEI,KEI.NS,5144.700195,5144.700195,387925,YAHOO_FINANCE_VIA_YFINANCE
2026-05-14,KOTAKBANK,KOTAKBANK.NS,382.5395813,383.2000122,10652514,YAHOO_FINANCE_VIA_YFINANCE
2026-05-14,KPITTECH,KPITTECH.NS,703.0634155,709,1986342,YAHOO_FINANCE_VIA_YFINANCE
2026-05-14,LALPATHLAB,LALPATHLAB.NS,1592.004517,1600.099976,258732,YAHOO_FINANCE_VIA_YFINANCE
2026-05-14,LT,LT.NS,3902.284912,3940.399902,2982228,YAHOO_FINANCE_VIA_YFINANCE
2026-05-14,M&M,M&M.NS,3140.915527,3173.899902,2167959,YAHOO_FINANCE_VIA_YFINANCE
2026-05-14,MARUTI,MARUTI.NS,12944.99316,13075,286648,YAHOO_FINANCE_VIA_YFINANCE
2026-05-14,MAXHEALTH,MAXHEALTH.NS,1047.68811,1049.550049,1822137,YAHOO_FINANCE_VIA_YFINANCE
2026-05-14,NIFTY,^NSEI,23689.59961,23689.59961,428700,YAHOO_FINANCE_VIA_YFINANCE
2026-05-14,PERSISTENT,PERSISTENT.NS,4612.778809,4628.799805,758017,YAHOO_FINANCE_VIA_YFINANCE
2026-05-14,PIIND,PIIND.NS,3092.5,3103.600098,489760,YAHOO_FINANCE_VIA_YFINANCE
2026-05-14,POLYCAB,POLYCAB.NS,9173.970703,9217.5,360127,YAHOO_FINANCE_VIA_YFINANCE
2026-05-14,RELIANCE,RELIANCE.NS,1355.532593,1361.800049,17303059,YAHOO_FINANCE_VIA_YFINANCE
2026-05-14,SBIN,SBIN.NS,962.5499878,979.9000244,16487142,YAHOO_FINANCE_VIA_YFINANCE
2026-05-14,SIEMENS,SIEMENS.NS,3675.737549,3693.800049,788580,YAHOO_FINANCE_VIA_YFINANCE
2026-05-14,SUNPHARMA,SUNPHARMA.NS,1858.32959,1863.199951,2429220,YAHOO_FINANCE_VIA_YFINANCE
2026-05-14,SUPREMEIND,SUPREMEIND.NS,3484.55957,3509.199951,112658,YAHOO_FINANCE_VIA_YFINANCE
2026-05-14,TATAMOTORS,TMPV.NS,335.9630737,338.75,7975089,YAHOO_FINANCE_VIA_YFINANCE
2026-05-14,TCS,TCS.NS,2203.870117,2246,5633313,YAHOO_FINANCE_VIA_YFINANCE
2026-05-14,TITAN,TITAN.NS,4121.675781,4135.200195,1127140,YAHOO_FINANCE_VIA_YFINANCE
2026-05-14,TRENT,TRENT.NS,2750.868408,2754.93335,1006207,YAHOO_FINANCE_VIA_YFINANCE
2026-05-14,ULTRACEMCO,ULTRACEMCO.NS,11458.12109,11692,220410,YAHOO_FINANCE_VIA_YFINANCE
2026-05-14,VOLTAS,VOLTAS.NS,1289.449219,1293.5,1154736,YAHOO_FINANCE_VIA_YFINANCE
2026-05-15,ABB,ABB.NS,6306.754395,6381,249403,YAHOO_FINANCE_VIA_YFINANCE
2026-05-15,APLAPOLLO,APLAPOLLO.NS,1890.199951,1890.199951,332460,YAHOO_FINANCE_VIA_YFINANCE
2026-05-15,APOLLOHOSP,APOLLOHOSP.NS,8073.102051,8082.5,300134,YAHOO_FINANCE_VIA_YFINANCE
2026-05-15,ASIANPAINT,ASIANPAINT.NS,2583.188477,2605.600098,796240,YAHOO_FINANCE_VIA_YFINANCE
2026-05-15,ASTRAL,ASTRAL.NS,1548.364746,1550.800049,328906,YAHOO_FINANCE_VIA_YFINANCE
2026-05-15,AXISBANK,AXISBANK.NS,1243.84082,1244.800049,4805485,YAHOO_FINANCE_VIA_YFINANCE
2026-05-15,BAJFINANCE,BAJFINANCE.NS,904.8874512,910.4500122,5012279,YAHOO_FINANCE_VIA_YFINANCE
2026-05-15,BALKRISIND,BALKRISIND.NS,2140.852295,2148.300049,39566,YAHOO_FINANCE_VIA_YFINANCE
2026-05-15,BANKBARODA,BANKBARODA.NS,253.2101593,261.3999939,10676841,YAHOO_FINANCE_VIA_YFINANCE
2026-05-15,BANKNIFTY,^NSEBANK,53710.35156,53710.35156,315100,YAHOO_FINANCE_VIA_YFINANCE
2026-05-15,BEL,BEL.NS,423.0756531,423.6499939,7593616,YAHOO_FINANCE_VIA_YFINANCE
2026-05-15,BHARTIARTL,BHARTIARTL.NS,1881.71814,1905.400024,15807294,YAHOO_FINANCE_VIA_YFINANCE
2026-05-15,CIPLA,CIPLA.NS,1418.789551,1432.099976,1138894,YAHOO_FINANCE_VIA_YFINANCE
2026-05-15,COFORGE,COFORGE.NS,1276.191284,1282.099976,3346591,YAHOO_FINANCE_VIA_YFINANCE
2026-05-15,CROMPTON,CROMPTON.NS,298.3617859,301.9500122,18051421,YAHOO_FINANCE_VIA_YFINANCE
2026-05-15,CUMMINSIND,CUMMINSIND.NS,5347.64502,5392,436432,YAHOO_FINANCE_VIA_YFINANCE
2026-05-15,DEEPAKNTR,DEEPAKNTR.NS,1818.096191,1826.400024,119062,YAHOO_FINANCE_VIA_YFINANCE
2026-05-15,DIXON,DIXON.NS,10979,10979,647788,YAHOO_FINANCE_VIA_YFINANCE
2026-05-15,DRREDDY,DRREDDY.NS,1328.276489,1336.699951,3982549,YAHOO_FINANCE_VIA_YFINANCE
2026-05-15,ESCORTS,ESCORTS.NS,2966.631592,3000.199951,169148,YAHOO_FINANCE_VIA_YFINANCE
2026-05-15,FEDERALBNK,FEDERALBNK.NS,280.3422241,281.2999878,6034270,YAHOO_FINANCE_VIA_YFINANCE
2026-05-15,HAL,HAL.NS,4377.330078,4386.200195,2201976,YAHOO_FINANCE_VIA_YFINANCE
2026-05-15,HDFCBANK,HDFCBANK.NS,755.0125122,767.5,24347873,YAHOO_FINANCE_VIA_YFINANCE
2026-05-15,HINDUNILVR,HINDUNILVR.NS,2249.320801,2272.199951,1038522,YAHOO_FINANCE_VIA_YFINANCE
2026-05-15,ICICIBANK,ICICIBANK.NS,1234.095947,1244.5,11745614,YAHOO_FINANCE_VIA_YFINANCE
2026-05-15,IDFCFIRSTB,IDFCFIRSTB.NS,67.45185089,67.65000153,30331682,YAHOO_FINANCE_VIA_YFINANCE
2026-05-15,INDUSINDBK,INDUSINDBK.NS,884.9666748,886.4000244,1437283,YAHOO_FINANCE_VIA_YFINANCE
2026-05-15,INFY,INFY.NS,1095.298462,1119,17482450,YAHOO_FINANCE_VIA_YFINANCE
2026-05-15,KAYNES,KAYNES.NS,3271.899902,3271.899902,7578637,YAHOO_FINANCE_VIA_YFINANCE
2026-05-15,KEI,KEI.NS,5117.5,5117.5,357710,YAHOO_FINANCE_VIA_YFINANCE
2026-05-15,KOTAKBANK,KOTAKBANK.NS,386.3829346,387.0499878,19461437,YAHOO_FINANCE_VIA_YFINANCE
2026-05-15,KPITTECH,KPITTECH.NS,697.8078003,703.7000122,1215690,YAHOO_FINANCE_VIA_YFINANCE
2026-05-15,LALPATHLAB,LALPATHLAB.NS,1594.790527,1602.900024,553749,YAHOO_FINANCE_VIA_YFINANCE
2026-05-15,LT,LT.NS,3871.188721,3909,1339185,YAHOO_FINANCE_VIA_YFINANCE
2026-05-15,M&M,M&M.NS,3090.643799,3123.100098,2196383,YAHOO_FINANCE_VIA_YFINANCE
2026-05-15,MARUTI,MARUTI.NS,13089.54102,13221,268206,YAHOO_FINANCE_VIA_YFINANCE
2026-05-15,MAXHEALTH,MAXHEALTH.NS,1048.237061,1050.099976,1471140,YAHOO_FINANCE_VIA_YFINANCE
2026-05-15,NIFTY,^NSEI,23643.5,23643.5,408900,YAHOO_FINANCE_VIA_YFINANCE
2026-05-15,PERSISTENT,PERSISTENT.NS,4685.825195,4702.100098,766506,YAHOO_FINANCE_VIA_YFINANCE
2026-05-15,PIIND,PIIND.NS,3103.759521,3114.899902,218651,YAHOO_FINANCE_VIA_YFINANCE
2026-05-15,POLYCAB,POLYCAB.NS,9109.27832,9152.5,202982,YAHOO_FINANCE_VIA_YFINANCE
2026-05-15,RELIANCE,RELIANCE.NS,1330.249512,1336.400024,19976192,YAHOO_FINANCE_VIA_YFINANCE
2026-05-15,SBIN,SBIN.NS,963.2000122,963.2000122,26972493,YAHOO_FINANCE_VIA_YFINANCE
2026-05-15,SIEMENS,SIEMENS.NS,3570.355225,3587.899902,284206,YAHOO_FINANCE_VIA_YFINANCE
2026-05-15,SUNPHARMA,SUNPHARMA.NS,1873.290405,1878.199951,2756465,YAHOO_FINANCE_VIA_YFINANCE
2026-05-15,SUPREMEIND,SUPREMEIND.NS,3484.062988,3508.699951,68250,YAHOO_FINANCE_VIA_YFINANCE
2026-05-15,TATAMOTORS,TMPV.NS,353.6166382,356.5499878,51689818,YAHOO_FINANCE_VIA_YFINANCE
2026-05-15,TCS,TCS.NS,2221.532471,2264,3410637,YAHOO_FINANCE_VIA_YFINANCE
2026-05-15,TITAN,TITAN.NS,4155.464844,4169.100098,901617,YAHOO_FINANCE_VIA_YFINANCE
2026-05-15,TRENT,TRENT.NS,2730.165527,2734.199951,1025671,YAHOO_FINANCE_VIA_YFINANCE
2026-05-15,ULTRACEMCO,ULTRACEMCO.NS,11257.22168,11487,284388,YAHOO_FINANCE_VIA_YFINANCE
2026-05-15,VOLTAS,VOLTAS.NS,1226.845825,1230.699951,2400991,YAHOO_FINANCE_VIA_YFINANCE
2026-05-18,ABB,ABB.NS,6338.875977,6413.5,370285,YAHOO_FINANCE_VIA_YFINANCE
2026-05-18,APLAPOLLO,APLAPOLLO.NS,1876,1876,346633,YAHOO_FINANCE_VIA_YFINANCE
2026-05-18,APOLLOHOSP,APOLLOHOSP.NS,8011.173828,8020.5,323387,YAHOO_FINANCE_VIA_YFINANCE
2026-05-18,ASIANPAINT,ASIANPAINT.NS,2591.516113,2614,898479,YAHOO_FINANCE_VIA_YFINANCE
2026-05-18,ASTRAL,ASTRAL.NS,1543.272705,1545.699951,414511,YAHOO_FINANCE_VIA_YFINANCE
2026-05-18,AXISBANK,AXISBANK.NS,1236.946045,1237.900024,6052023,YAHOO_FINANCE_VIA_YFINANCE
2026-05-18,BAJFINANCE,BAJFINANCE.NS,915.4723511,921.0999756,6387223,YAHOO_FINANCE_VIA_YFINANCE
2026-05-18,BALKRISIND,BALKRISIND.NS,2109.760498,2117.100098,196600,YAHOO_FINANCE_VIA_YFINANCE
2026-05-18,BANKBARODA,BANKBARODA.NS,251.9024506,260.0499878,7299311,YAHOO_FINANCE_VIA_YFINANCE
2026-05-18,BANKNIFTY,^NSEBANK,53537,53537,311800,YAHOO_FINANCE_VIA_YFINANCE
2026-05-18,BEL,BEL.NS,426.0216675,426.6000061,10452161,YAHOO_FINANCE_VIA_YFINANCE
2026-05-18,BHARTIARTL,BHARTIARTL.NS,1914.011719,1938.099976,13888648,YAHOO_FINANCE_VIA_YFINANCE
2026-05-18,CIPLA,CIPLA.NS,1412.944336,1426.199951,2013605,YAHOO_FINANCE_VIA_YFINANCE
2026-05-18,COFORGE,COFORGE.NS,1341.887085,1348.099976,4392898,YAHOO_FINANCE_VIA_YFINANCE
2026-05-18,CROMPTON,CROMPTON.NS,289.8145447,293.2999878,4483026,YAHOO_FINANCE_VIA_YFINANCE
2026-05-18,CUMMINSIND,CUMMINSIND.NS,5254.914551,5298.5,275007,YAHOO_FINANCE_VIA_YFINANCE
2026-05-18,DEEPAKNTR,DEEPAKNTR.NS,1740.550293,1748.5,322808,YAHOO_FINANCE_VIA_YFINANCE
2026-05-18,DIXON,DIXON.NS,10780,10780,571332,YAHOO_FINANCE_VIA_YFINANCE
2026-05-18,DRREDDY,DRREDDY.NS,1322.811157,1331.199951,1926791,YAHOO_FINANCE_VIA_YFINANCE
2026-05-18,ESCORTS,ESCORTS.NS,2937.758301,2971,122148,YAHOO_FINANCE_VIA_YFINANCE
2026-05-18,FEDERALBNK,FEDERALBNK.NS,282.9832458,283.9500122,7212332,YAHOO_FINANCE_VIA_YFINANCE
2026-05-18,HAL,HAL.NS,4317.750488,4326.5,2044382,YAHOO_FINANCE_VIA_YFINANCE
2026-05-18,HDFCBANK,HDFCBANK.NS,756.1437988,768.6500244,29812079,YAHOO_FINANCE_VIA_YFINANCE
2026-05-18,HINDUNILVR,HINDUNILVR.NS,2231.502197,2254.199951,1118204,YAHOO_FINANCE_VIA_YFINANCE
2026-05-18,ICICIBANK,ICICIBANK.NS,1240.640747,1251.099976,13918850,YAHOO_FINANCE_VIA_YFINANCE
2026-05-18,IDFCFIRSTB,IDFCFIRSTB.NS,67.39202118,67.58999634,20705466,YAHOO_FINANCE_VIA_YFINANCE
2026-05-18,INDUSINDBK,INDUSINDBK.NS,890.7073364,892.1500244,1421988,YAHOO_FINANCE_VIA_YFINANCE
2026-05-18,INFY,INFY.NS,1118.300659,1142.5,12096377,YAHOO_FINANCE_VIA_YFINANCE
2026-05-18,KAYNES,KAYNES.NS,3118.199951,3118.199951,2543325,YAHOO_FINANCE_VIA_YFINANCE
2026-05-18,KEI,KEI.NS,5088.100098,5088.100098,374326,YAHOO_FINANCE_VIA_YFINANCE
2026-05-18,KOTAKBANK,KOTAKBANK.NS,391.1247253,391.7999878,14575831,YAHOO_FINANCE_VIA_YFINANCE
2026-05-18,KPITTECH,KPITTECH.NS,701.8238525,707.75,1166215,YAHOO_FINANCE_VIA_YFINANCE
2026-05-18,LALPATHLAB,LALPATHLAB.NS,1637.970947,1646.300049,482647,YAHOO_FINANCE_VIA_YFINANCE
2026-05-18,LT,LT.NS,3879.903564,3917.800049,1771638,YAHOO_FINANCE_VIA_YFINANCE
2026-05-18,M&M,M&M.NS,3051.653076,3083.699951,1962357,YAHOO_FINANCE_VIA_YFINANCE
2026-05-18,MARUTI,MARUTI.NS,12886.5791,13016,373184,YAHOO_FINANCE_VIA_YFINANCE
2026-05-18,MAXHEALTH,MAXHEALTH.NS,1056.672119,1058.550049,1558086,YAHOO_FINANCE_VIA_YFINANCE
2026-05-18,NIFTY,^NSEI,23649.94922,23649.94922,392000,YAHOO_FINANCE_VIA_YFINANCE
2026-05-18,PERSISTENT,PERSISTENT.NS,4926.987793,4944.100098,572955,YAHOO_FINANCE_VIA_YFINANCE
2026-05-18,PIIND,PIIND.NS,3085.226074,3096.300049,266716,YAHOO_FINANCE_VIA_YFINANCE
2026-05-18,POLYCAB,POLYCAB.NS,9107.785156,9151,295160,YAHOO_FINANCE_VIA_YFINANCE
2026-05-18,RELIANCE,RELIANCE.NS,1329.751831,1335.900024,13022473,YAHOO_FINANCE_VIA_YFINANCE
2026-05-18,SBIN,SBIN.NS,939.4000244,939.4000244,16554877,YAHOO_FINANCE_VIA_YFINANCE
2026-05-18,SIEMENS,SIEMENS.NS,3517.813477,3535.100098,305148,YAHOO_FINANCE_VIA_YFINANCE
2026-05-18,SUNPHARMA,SUNPHARMA.NS,1900.818359,1905.800049,3456331,YAHOO_FINANCE_VIA_YFINANCE
2026-05-18,SUPREMEIND,SUPREMEIND.NS,3479.594727,3504.199951,104903,YAHOO_FINANCE_VIA_YFINANCE
2026-05-18,TATAMOTORS,TMPV.NS,350.2445984,353.1499939,10409685,YAHOO_FINANCE_VIA_YFINANCE
2026-05-18,TCS,TCS.NS,2240.37207,2283.199951,3773336,YAHOO_FINANCE_VIA_YFINANCE
2026-05-18,TITAN,TITAN.NS,4156.062988,4169.700195,851825,YAHOO_FINANCE_VIA_YFINANCE
2026-05-18,TRENT,TRENT.NS,2684.233398,2688.199951,1621033,YAHOO_FINANCE_VIA_YFINANCE
2026-05-18,ULTRACEMCO,ULTRACEMCO.NS,11329.74121,11561,233668,YAHOO_FINANCE_VIA_YFINANCE
2026-05-18,VOLTAS,VOLTAS.NS,1248.876709,1252.800049,1502867,YAHOO_FINANCE_VIA_YFINANCE
2026-05-19,ABB,ABB.NS,6255.359375,6329,344676,YAHOO_FINANCE_VIA_YFINANCE
2026-05-19,APLAPOLLO,APLAPOLLO.NS,1864.5,1864.5,352685,YAHOO_FINANCE_VIA_YFINANCE
2026-05-19,APOLLOHOSP,APOLLOHOSP.NS,8016.66748,8026,396261,YAHOO_FINANCE_VIA_YFINANCE
2026-05-19,ASIANPAINT,ASIANPAINT.NS,2578.330322,2600.699951,688639,YAHOO_FINANCE_VIA_YFINANCE
2026-05-19,ASTRAL,ASTRAL.NS,1446.624756,1448.900024,2377878,YAHOO_FINANCE_VIA_YFINANCE
2026-05-19,AXISBANK,AXISBANK.NS,1237.345825,1238.300049,9200314,YAHOO_FINANCE_VIA_YFINANCE
2026-05-19,BAJFINANCE,BAJFINANCE.NS,917.9074097,923.5499878,8313548,YAHOO_FINANCE_VIA_YFINANCE
2026-05-19,BALKRISIND,BALKRISIND.NS,2120.622559,2128,129225,YAHOO_FINANCE_VIA_YFINANCE
2026-05-19,BANKBARODA,BANKBARODA.NS,252.4352417,260.6000061,7957982,YAHOO_FINANCE_VIA_YFINANCE
2026-05-19,BANKNIFTY,^NSEBANK,53409.14844,53409.14844,267800,YAHOO_FINANCE_VIA_YFINANCE
2026-05-19,BEL,BEL.NS,422.3766174,422.9500122,13350029,YAHOO_FINANCE_VIA_YFINANCE
2026-05-19,BHARTIARTL,BHARTIARTL.NS,1889.717407,1913.5,8962228,YAHOO_FINANCE_VIA_YFINANCE
2026-05-19,CIPLA,CIPLA.NS,1396.696899,1409.800049,1379218,YAHOO_FINANCE_VIA_YFINANCE
2026-05-19,COFORGE,COFORGE.NS,1405.492554,1412,8133656,YAHOO_FINANCE_VIA_YFINANCE
2026-05-19,CROMPTON,CROMPTON.NS,290.1109924,293.6000061,2924150,YAHOO_FINANCE_VIA_YFINANCE
2026-05-19,CUMMINSIND,CUMMINSIND.NS,5210.780273,5254,322706,YAHOO_FINANCE_VIA_YFINANCE
2026-05-19,DEEPAKNTR,DEEPAKNTR.NS,1797.589844,1805.800049,397231,YAHOO_FINANCE_VIA_YFINANCE
2026-05-19,DIXON,DIXON.NS,11048,11048,586228,YAHOO_FINANCE_VIA_YFINANCE
2026-05-19,DRREDDY,DRREDDY.NS,1326.785889,1335.199951,2488019,YAHOO_FINANCE_VIA_YFINANCE
2026-05-19,ESCORTS,ESCORTS.NS,2858.455566,2890.800049,207847,YAHOO_FINANCE_VIA_YFINANCE
2026-05-19,FEDERALBNK,FEDERALBNK.NS,285.6242065,286.6000061,6905213,YAHOO_FINANCE_VIA_YFINANCE
2026-05-19,HAL,HAL.NS,4324.4375,4333.200195,1438816,YAHOO_FINANCE_VIA_YFINANCE
2026-05-19,HDFCBANK,HDFCBANK.NS,750.0446777,762.4500122,40307830,YAHOO_FINANCE_VIA_YFINANCE
2026-05-19,HINDUNILVR,HINDUNILVR.NS,2210.416504,2232.899902,1145022,YAHOO_FINANCE_VIA_YFINANCE
2026-05-19,ICICIBANK,ICICIBANK.NS,1230.42688,1240.800049,38929053,YAHOO_FINANCE_VIA_YFINANCE
2026-05-19,IDFCFIRSTB,IDFCFIRSTB.NS,67.6113739,67.80999756,12861176,YAHOO_FINANCE_VIA_YFINANCE
2026-05-19,INDUSINDBK,INDUSINDBK.NS,893.8023071,895.25,1303728,YAHOO_FINANCE_VIA_YFINANCE
2026-05-19,INFY,INFY.NS,1171.548462,1196.900024,32175705,YAHOO_FINANCE_VIA_YFINANCE
2026-05-19,KAYNES,KAYNES.NS,3091.600098,3091.600098,1948059,YAHOO_FINANCE_VIA_YFINANCE
2026-05-19,KEI,KEI.NS,5082.399902,5082.399902,324895,YAHOO_FINANCE_VIA_YFINANCE
2026-05-19,KOTAKBANK,KOTAKBANK.NS,381.291748,381.9500122,22567886,YAHOO_FINANCE_VIA_YFINANCE
2026-05-19,KPITTECH,KPITTECH.NS,737.4728394,743.7000122,3215754,YAHOO_FINANCE_VIA_YFINANCE
2026-05-19,LALPATHLAB,LALPATHLAB.NS,1695.080444,1703.699951,540099,YAHOO_FINANCE_VIA_YFINANCE
2026-05-19,LT,LT.NS,3883.072754,3921,2318170,YAHOO_FINANCE_VIA_YFINANCE
2026-05-19,M&M,M&M.NS,3060.163818,3092.300049,3151874,YAHOO_FINANCE_VIA_YFINANCE
2026-05-19,MARUTI,MARUTI.NS,12827.17578,12956,342737,YAHOO_FINANCE_VIA_YFINANCE
2026-05-19,MAXHEALTH,MAXHEALTH.NS,1066.854004,1068.75,2102863,YAHOO_FINANCE_VIA_YFINANCE
2026-05-19,NIFTY,^NSEI,23618,23618,442000,YAHOO_FINANCE_VIA_YFINANCE
2026-05-19,PERSISTENT,PERSISTENT.NS,5048.764648,5066.299805,912186,YAHOO_FINANCE_VIA_YFINANCE
2026-05-19,PIIND,PIIND.NS,3113.424805,3124.600098,359092,YAHOO_FINANCE_VIA_YFINANCE
2026-05-19,POLYCAB,POLYCAB.NS,9119.230469,9162.5,337327,YAHOO_FINANCE_VIA_YFINANCE
2026-05-19,RELIANCE,RELIANCE.NS,1316.612427,1322.699951,21665501,YAHOO_FINANCE_VIA_YFINANCE
2026-05-19,SBIN,SBIN.NS,948.7999878,948.7999878,17280869,YAHOO_FINANCE_VIA_YFINANCE
2026-05-19,SIEMENS,SIEMENS.NS,3533.536133,3550.899902,213583,YAHOO_FINANCE_VIA_YFINANCE
2026-05-19,SUNPHARMA,SUNPHARMA.NS,1877.379761,1882.300049,2200951,YAHOO_FINANCE_VIA_YFINANCE
2026-05-19,SUPREMEIND,SUPREMEIND.NS,3422.101318,3446.300049,168782,YAHOO_FINANCE_VIA_YFINANCE
2026-05-19,TATAMOTORS,TMPV.NS,358.2283936,361.2000122,15119605,YAHOO_FINANCE_VIA_YFINANCE
2026-05-19,TCS,TCS.NS,2283.448975,2327.100098,10394707,YAHOO_FINANCE_VIA_YFINANCE
2026-05-19,TITAN,TITAN.NS,4088.584229,4102,711398,YAHOO_FINANCE_VIA_YFINANCE
2026-05-19,TRENT,TRENT.NS,2709.063477,2713.06665,778135,YAHOO_FINANCE_VIA_YFINANCE
2026-05-19,ULTRACEMCO,ULTRACEMCO.NS,11140.60254,11368,347784,YAHOO_FINANCE_VIA_YFINANCE
2026-05-19,VOLTAS,VOLTAS.NS,1298.520752,1302.599976,1272392,YAHOO_FINANCE_VIA_YFINANCE
2026-05-20,ABB,ABB.NS,6528.147949,6605,546490,YAHOO_FINANCE_VIA_YFINANCE
2026-05-20,APLAPOLLO,APLAPOLLO.NS,1857.099976,1857.099976,583170,YAHOO_FINANCE_VIA_YFINANCE
2026-05-20,APOLLOHOSP,APOLLOHOSP.NS,8069.106445,8078.5,492013,YAHOO_FINANCE_VIA_YFINANCE
2026-05-20,ASIANPAINT,ASIANPAINT.NS,2576.248535,2598.600098,586190,YAHOO_FINANCE_VIA_YFINANCE
2026-05-20,ASTRAL,ASTRAL.NS,1441.432861,1443.699951,769323,YAHOO_FINANCE_VIA_YFINANCE
2026-05-20,AXISBANK,AXISBANK.NS,1248.836914,1249.800049,3562641,YAHOO_FINANCE_VIA_YFINANCE
2026-05-20,BAJFINANCE,BAJFINANCE.NS,917.460144,923.0999756,5864990,YAHOO_FINANCE_VIA_YFINANCE
2026-05-20,BALKRISIND,BALKRISIND.NS,2147.529053,2155,316780,YAHOO_FINANCE_VIA_YFINANCE
2026-05-20,BANKBARODA,BANKBARODA.NS,255.2928009,263.5499878,13610643,YAHOO_FINANCE_VIA_YFINANCE
2026-05-20,BANKNIFTY,^NSEBANK,53562.19922,53562.19922,221400,YAHOO_FINANCE_VIA_YFINANCE
2026-05-20,BEL,BEL.NS,412.7396851,413.2999878,28012723,YAHOO_FINANCE_VIA_YFINANCE
2026-05-20,BHARTIARTL,BHARTIARTL.NS,1881.224365,1904.900024,5778742,YAHOO_FINANCE_VIA_YFINANCE
2026-05-20,CIPLA,CIPLA.NS,1386.492554,1399.5,1316586,YAHOO_FINANCE_VIA_YFINANCE
2026-05-20,COFORGE,COFORGE.NS,1395.83728,1402.300049,4869095,YAHOO_FINANCE_VIA_YFINANCE
2026-05-20,CROMPTON,CROMPTON.NS,287.146637,290.6000061,1877603,YAHOO_FINANCE_VIA_YFINANCE
2026-05-20,CUMMINSIND,CUMMINSIND.NS,5355.083496,5399.5,444634,YAHOO_FINANCE_VIA_YFINANCE
2026-05-20,DEEPAKNTR,DEEPAKNTR.NS,1815.707031,1824,199127,YAHOO_FINANCE_VIA_YFINANCE
2026-05-20,DIXON,DIXON.NS,10997,10997,379965,YAHOO_FINANCE_VIA_YFINANCE
2026-05-20,DRREDDY,DRREDDY.NS,1313.569824,1321.900024,1277182,YAHOO_FINANCE_VIA_YFINANCE
2026-05-20,ESCORTS,ESCORTS.NS,2863.201904,2895.600098,96381,YAHOO_FINANCE_VIA_YFINANCE
2026-05-20,FEDERALBNK,FEDERALBNK.NS,288.9129639,289.8999939,6657728,YAHOO_FINANCE_VIA_YFINANCE
2026-05-20,HAL,HAL.NS,4317.750488,4326.5,1262228,YAHOO_FINANCE_VIA_YFINANCE
2026-05-20,HDFCBANK,HDFCBANK.NS,747.1427002,759.5,24013451,YAHOO_FINANCE_VIA_YFINANCE
2026-05-20,HINDUNILVR,HINDUNILVR.NS,2187.054199,2209.300049,1071994,YAHOO_FINANCE_VIA_YFINANCE
2026-05-20,ICICIBANK,ICICIBANK.NS,1226.956177,1237.300049,14953103,YAHOO_FINANCE_VIA_YFINANCE
2026-05-20,IDFCFIRSTB,IDFCFIRSTB.NS,68.01020813,68.20999908,16727023,YAHOO_FINANCE_VIA_YFINANCE
2026-05-20,INDUSINDBK,INDUSINDBK.NS,895.6992798,897.1500244,2947978,YAHOO_FINANCE_VIA_YFINANCE
2026-05-20,INFY,INFY.NS,1168.416138,1193.699951,15121010,YAHOO_FINANCE_VIA_YFINANCE
2026-05-20,KAYNES,KAYNES.NS,3001,3001,1630732,YAHOO_FINANCE_VIA_YFINANCE
2026-05-20,KEI,KEI.NS,5119.799805,5119.799805,266512,YAHOO_FINANCE_VIA_YFINANCE
2026-05-20,KOTAKBANK,KOTAKBANK.NS,382.5395813,383.2000122,12342444,YAHOO_FINANCE_VIA_YFINANCE
2026-05-20,KPITTECH,KPITTECH.NS,744.5133667,750.7999878,3194714,YAHOO_FINANCE_VIA_YFINANCE
2026-05-20,LALPATHLAB,LALPATHLAB.NS,1660.158081,1668.599976,221584,YAHOO_FINANCE_VIA_YFINANCE
2026-05-20,LT,LT.NS,3872.872314,3910.699951,1972259,YAHOO_FINANCE_VIA_YFINANCE
2026-05-20,M&M,M&M.NS,3089.75293,3122.199951,2330606,YAHOO_FINANCE_VIA_YFINANCE
2026-05-20,MARUTI,MARUTI.NS,12873.70898,13003,300695,YAHOO_FINANCE_VIA_YFINANCE
2026-05-20,MAXHEALTH,MAXHEALTH.NS,1073.791626,1075.699951,1767607,YAHOO_FINANCE_VIA_YFINANCE
2026-05-20,NIFTY,^NSEI,23659,23659,344100,YAHOO_FINANCE_VIA_YFINANCE
2026-05-20,PERSISTENT,PERSISTENT.NS,5066.50293,5084.100098,552055,YAHOO_FINANCE_VIA_YFINANCE
2026-05-20,PIIND,PIIND.NS,2890.82373,2901.199951,2199076,YAHOO_FINANCE_VIA_YFINANCE
2026-05-20,POLYCAB,POLYCAB.NS,9155.558594,9199,320359,YAHOO_FINANCE_VIA_YFINANCE
2026-05-20,RELIANCE,RELIANCE.NS,1353.442139,1359.699951,13248515,YAHOO_FINANCE_VIA_YFINANCE
2026-05-20,SBIN,SBIN.NS,950.9000244,950.9000244,11928460,YAHOO_FINANCE_VIA_YFINANCE
2026-05-20,SIEMENS,SIEMENS.NS,3678.324707,3696.399902,507079,YAHOO_FINANCE_VIA_YFINANCE
2026-05-20,SUNPHARMA,SUNPHARMA.NS,1875.38501,1880.300049,1376695,YAHOO_FINANCE_VIA_YFINANCE
2026-05-20,SUPREMEIND,SUPREMEIND.NS,3443.35083,3467.699951,81862,YAHOO_FINANCE_VIA_YFINANCE
2026-05-20,TATAMOTORS,TMPV.NS,358.2779846,361.25,9875276,YAHOO_FINANCE_VIA_YFINANCE
2026-05-20,TCS,TCS.NS,2283.743164,2327.399902,2537422,YAHOO_FINANCE_VIA_YFINANCE
2026-05-20,TITAN,TITAN.NS,4092.969727,4106.399902,913576,YAHOO_FINANCE_VIA_YFINANCE
2026-05-20,TRENT,TRENT.NS,2729.233643,2733.266602,751509,YAHOO_FINANCE_VIA_YFINANCE
2026-05-20,ULTRACEMCO,ULTRACEMCO.NS,11180.78223,11409,168245,YAHOO_FINANCE_VIA_YFINANCE
2026-05-20,VOLTAS,VOLTAS.NS,1291.742065,1295.800049,499899,YAHOO_FINANCE_VIA_YFINANCE
2026-05-21,ABB,ABB.NS,6521.229492,6598,498808,YAHOO_FINANCE_VIA_YFINANCE
2026-05-21,APLAPOLLO,APLAPOLLO.NS,1860.599976,1860.599976,458591,YAHOO_FINANCE_VIA_YFINANCE
2026-05-21,APOLLOHOSP,APOLLOHOSP.NS,8298.838867,8308.5,1425124,YAHOO_FINANCE_VIA_YFINANCE
2026-05-21,ASIANPAINT,ASIANPAINT.NS,2576.446777,2598.800049,1031843,YAHOO_FINANCE_VIA_YFINANCE
2026-05-21,ASTRAL,ASTRAL.NS,1477.675903,1480,862861,YAHOO_FINANCE_VIA_YFINANCE
2026-05-21,AXISBANK,AXISBANK.NS,1252.334229,1253.300049,5171528,YAHOO_FINANCE_VIA_YFINANCE
2026-05-21,BAJFINANCE,BAJFINANCE.NS,902.1046143,907.6500244,9713326,YAHOO_FINANCE_VIA_YFINANCE
2026-05-21,BALKRISIND,BALKRISIND.NS,2197.75415,2205.399902,79073,YAHOO_FINANCE_VIA_YFINANCE
2026-05-21,BANKBARODA,BANKBARODA.NS,254.8569183,263.1000061,8207070,YAHOO_FINANCE_VIA_YFINANCE
2026-05-21,BANKNIFTY,^NSEBANK,53439.39844,53439.39844,285500,YAHOO_FINANCE_VIA_YFINANCE
2026-05-21,BEL,BEL.NS,419.8300476,420.3999939,19789651,YAHOO_FINANCE_VIA_YFINANCE
2026-05-21,BHARTIARTL,BHARTIARTL.NS,1861.868042,1885.300049,6419014,YAHOO_FINANCE_VIA_YFINANCE
2026-05-21,CIPLA,CIPLA.NS,1388.870361,1401.900024,1145360,YAHOO_FINANCE_VIA_YFINANCE
2026-05-21,COFORGE,COFORGE.NS,1370.653809,1377,2273142,YAHOO_FINANCE_VIA_YFINANCE
2026-05-21,CROMPTON,CROMPTON.NS,288.3817749,291.8500061,1355199,YAHOO_FINANCE_VIA_YFINANCE
2026-05-21,CUMMINSIND,CUMMINSIND.NS,5345.661621,5390,338858,YAHOO_FINANCE_VIA_YFINANCE
2026-05-21,DEEPAKNTR,DEEPAKNTR.NS,1777.182983,1785.300049,229989,YAHOO_FINANCE_VIA_YFINANCE
2026-05-21,DIXON,DIXON.NS,11258,11258,705488,YAHOO_FINANCE_VIA_YFINANCE
2026-05-21,DRREDDY,DRREDDY.NS,1310.191162,1318.5,2183121,YAHOO_FINANCE_VIA_YFINANCE
2026-05-21,ESCORTS,ESCORTS.NS,2871.606934,2904.100098,194552,YAHOO_FINANCE_VIA_YFINANCE
2026-05-21,FEDERALBNK,FEDERALBNK.NS,282.783905,283.75,6916472,YAHOO_FINANCE_VIA_YFINANCE
2026-05-21,HAL,HAL.NS,4361.562012,4370.399902,1106287,YAHOO_FINANCE_VIA_YFINANCE
2026-05-21,HDFCBANK,HDFCBANK.NS,746.7984009,759.1500244,34664725,YAHOO_FINANCE_VIA_YFINANCE
2026-05-21,HINDUNILVR,HINDUNILVR.NS,2157.059326,2179,1581812,YAHOO_FINANCE_VIA_YFINANCE
2026-05-21,ICICIBANK,ICICIBANK.NS,1232.410156,1242.800049,14394386,YAHOO_FINANCE_VIA_YFINANCE
2026-05-21,IDFCFIRSTB,IDFCFIRSTB.NS,68.09994507,68.30000305,12011357,YAHOO_FINANCE_VIA_YFINANCE
2026-05-21,INDUSINDBK,INDUSINDBK.NS,898.494751,899.9500122,2144884,YAHOO_FINANCE_VIA_YFINANCE
2026-05-21,INFY,INFY.NS,1156.180908,1181.199951,10021033,YAHOO_FINANCE_VIA_YFINANCE
2026-05-21,KAYNES,KAYNES.NS,3174.899902,3174.899902,2230040,YAHOO_FINANCE_VIA_YFINANCE
2026-05-21,KEI,KEI.NS,5237,5237,550071,YAHOO_FINANCE_VIA_YFINANCE
2026-05-21,KOTAKBANK,KOTAKBANK.NS,380.193634,380.8500061,10133840,YAHOO_FINANCE_VIA_YFINANCE
2026-05-21,KPITTECH,KPITTECH.NS,744.6126099,750.9000244,2354499,YAHOO_FINANCE_VIA_YFINANCE
2026-05-21,LALPATHLAB,LALPATHLAB.NS,1672.296387,1680.800049,177452,YAHOO_FINANCE_VIA_YFINANCE
2026-05-21,LT,LT.NS,3890.5,3928.5,1624945,YAHOO_FINANCE_VIA_YFINANCE
2026-05-21,M&M,M&M.NS,3066.793945,3099,1877207,YAHOO_FINANCE_VIA_YFINANCE
2026-05-21,MARUTI,MARUTI.NS,12880.63867,13010,213095,YAHOO_FINANCE_VIA_YFINANCE
2026-05-21,MAXHEALTH,MAXHEALTH.NS,1089.164307,1091.099976,2764467,YAHOO_FINANCE_VIA_YFINANCE
2026-05-21,NIFTY,^NSEI,23654.69922,23654.69922,348200,YAHOO_FINANCE_VIA_YFINANCE
2026-05-21,PERSISTENT,PERSISTENT.NS,5001.628418,5019,282141,YAHOO_FINANCE_VIA_YFINANCE
2026-05-21,PIIND,PIIND.NS,2730.698486,2740.5,1677319,YAHOO_FINANCE_VIA_YFINANCE
2026-05-21,POLYCAB,POLYCAB.NS,9150.083984,9193.5,231631,YAHOO_FINANCE_VIA_YFINANCE
2026-05-21,RELIANCE,RELIANCE.NS,1343.388672,1349.599976,17150630,YAHOO_FINANCE_VIA_YFINANCE
2026-05-21,SBIN,SBIN.NS,950.9000244,950.9000244,11756520,YAHOO_FINANCE_VIA_YFINANCE
2026-05-21,SIEMENS,SIEMENS.NS,3702.406494,3720.600098,346583,YAHOO_FINANCE_VIA_YFINANCE
2026-05-21,SUNPHARMA,SUNPHARMA.NS,1886.356323,1891.300049,1605806,YAHOO_FINANCE_VIA_YFINANCE
2026-05-21,SUPREMEIND,SUPREMEIND.NS,3442.060059,3466.399902,218587,YAHOO_FINANCE_VIA_YFINANCE
2026-05-21,TATAMOTORS,TMPV.NS,358.3771667,361.3500061,10834385,YAHOO_FINANCE_VIA_YFINANCE
2026-05-21,TCS,TCS.NS,2283.546875,2327.199951,3299087,YAHOO_FINANCE_VIA_YFINANCE
2026-05-21,TITAN,TITAN.NS,4069.746094,4083.100098,863060,YAHOO_FINANCE_VIA_YFINANCE
2026-05-21,TRENT,TRENT.NS,2776.164307,2780.266602,1122106,YAHOO_FINANCE_VIA_YFINANCE
2026-05-21,ULTRACEMCO,ULTRACEMCO.NS,11244.48145,11474,244967,YAHOO_FINANCE_VIA_YFINANCE
2026-05-21,VOLTAS,VOLTAS.NS,1269.511841,1273.5,1117551,YAHOO_FINANCE_VIA_YFINANCE
2026-05-22,ABB,ABB.NS,6611.665039,6689.5,371775,YAHOO_FINANCE_VIA_YFINANCE
2026-05-22,APLAPOLLO,APLAPOLLO.NS,1880.5,1880.5,285536,YAHOO_FINANCE_VIA_YFINANCE
2026-05-22,APOLLOHOSP,APOLLOHOSP.NS,8352.776367,8362.5,564876,YAHOO_FINANCE_VIA_YFINANCE
2026-05-22,ASIANPAINT,ASIANPAINT.NS,2617.094238,2639.800049,1556434,YAHOO_FINANCE_VIA_YFINANCE
2026-05-22,ASTRAL,ASTRAL.NS,1539.278931,1541.699951,1094826,YAHOO_FINANCE_VIA_YFINANCE
2026-05-22,AXISBANK,AXISBANK.NS,1284.409424,1285.400024,5016900,YAHOO_FINANCE_VIA_YFINANCE
2026-05-22,BAJFINANCE,BAJFINANCE.NS,910.9501953,916.5499878,4811990,YAHOO_FINANCE_VIA_YFINANCE
2026-05-22,BALKRISIND,BALKRISIND.NS,2200.644287,2208.300049,42717,YAHOO_FINANCE_VIA_YFINANCE
2026-05-22,BANKBARODA,BANKBARODA.NS,257.0848389,265.3999939,18828819,YAHOO_FINANCE_VIA_YFINANCE
2026-05-22,BANKNIFTY,^NSEBANK,54055.35156,54055.35156,229300,YAHOO_FINANCE_VIA_YFINANCE
2026-05-22,BEL,BEL.NS,415.98526,416.5499878,9175611,YAHOO_FINANCE_VIA_YFINANCE
2026-05-22,BHARTIARTL,BHARTIARTL.NS,1848.140747,1871.400024,5099120,YAHOO_FINANCE_VIA_YFINANCE
2026-05-22,CIPLA,CIPLA.NS,1386.195312,1399.199951,917323,YAHOO_FINANCE_VIA_YFINANCE
2026-05-22,COFORGE,COFORGE.NS,1380.707275,1387.099976,2494600,YAHOO_FINANCE_VIA_YFINANCE
2026-05-22,CROMPTON,CROMPTON.NS,291.2473145,294.75,2218686,YAHOO_FINANCE_VIA_YFINANCE
2026-05-22,CUMMINSIND,CUMMINSIND.NS,5308.96582,5353,230767,YAHOO_FINANCE_VIA_YFINANCE
2026-05-22,DEEPAKNTR,DEEPAKNTR.NS,1731.889893,1739.800049,215366,YAHOO_FINANCE_VIA_YFINANCE
2026-05-22,DIXON,DIXON.NS,11722,11722,1362732,YAHOO_FINANCE_VIA_YFINANCE
2026-05-22,DRREDDY,DRREDDY.NS,1298.962402,1307.199951,2002451,YAHOO_FINANCE_VIA_YFINANCE
2026-05-22,ESCORTS,ESCORTS.NS,2898.601318,2931.399902,94066,YAHOO_FINANCE_VIA_YFINANCE
2026-05-22,FEDERALBNK,FEDERALBNK.NS,286.222168,287.2000122,6756952,YAHOO_FINANCE_VIA_YFINANCE
2026-05-22,HAL,HAL.NS,4359.565918,4368.399902,845826,YAHOO_FINANCE_VIA_YFINANCE
2026-05-22,HDFCBANK,HDFCBANK.NS,754.3239136,766.7999878,25604071,YAHOO_FINANCE_VIA_YFINANCE
2026-05-22,HINDUNILVR,HINDUNILVR.NS,2181.411865,2203.600098,1382889,YAHOO_FINANCE_VIA_YFINANCE
2026-05-22,ICICIBANK,ICICIBANK.NS,1253.730469,1264.300049,11601085,YAHOO_FINANCE_VIA_YFINANCE
2026-05-22,IDFCFIRSTB,IDFCFIRSTB.NS,68.67823792,68.87999725,12717449,YAHOO_FINANCE_VIA_YFINANCE
2026-05-22,INDUSINDBK,INDUSINDBK.NS,908.6782227,910.1500244,1165558,YAHOO_FINANCE_VIA_YFINANCE
2026-05-22,INFY,INFY.NS,1149.622803,1174.5,8803066,YAHOO_FINANCE_VIA_YFINANCE
2026-05-22,KAYNES,KAYNES.NS,3321.399902,3321.399902,2181529,YAHOO_FINANCE_VIA_YFINANCE
2026-05-22,KEI,KEI.NS,5260.5,5260.5,410075,YAHOO_FINANCE_VIA_YFINANCE
2026-05-22,KOTAKBANK,KOTAKBANK.NS,383.487915,384.1499939,10348359,YAHOO_FINANCE_VIA_YFINANCE
2026-05-22,KPITTECH,KPITTECH.NS,744.7612915,751.0499878,1465191,YAHOO_FINANCE_VIA_YFINANCE
2026-05-22,LALPATHLAB,LALPATHLAB.NS,1621.852783,1630.099976,194073,YAHOO_FINANCE_VIA_YFINANCE
2026-05-22,LT,LT.NS,3926.600098,3926.600098,1330428,YAHOO_FINANCE_VIA_YFINANCE
2026-05-22,M&M,M&M.NS,3049.278076,3081.300049,2407171,YAHOO_FINANCE_VIA_YFINANCE
2026-05-22,MARUTI,MARUTI.NS,12857.86816,12987,387975,YAHOO_FINANCE_VIA_YFINANCE
2026-05-22,MAXHEALTH,MAXHEALTH.NS,1021.434753,1023.25,11711405,YAHOO_FINANCE_VIA_YFINANCE
2026-05-22,NIFTY,^NSEI,23719.30078,23719.30078,336100,YAHOO_FINANCE_VIA_YFINANCE
2026-05-22,PERSISTENT,PERSISTENT.NS,4953.09668,4970.299805,459525,YAHOO_FINANCE_VIA_YFINANCE
2026-05-22,PIIND,PIIND.NS,2771.053711,2781,696886,YAHOO_FINANCE_VIA_YFINANCE
2026-05-22,POLYCAB,POLYCAB.NS,9219.753906,9263.5,177024,YAHOO_FINANCE_VIA_YFINANCE
2026-05-22,RELIANCE,RELIANCE.NS,1348.266113,1354.5,7105813,YAHOO_FINANCE_VIA_YFINANCE
2026-05-22,SBIN,SBIN.NS,949.2000122,949.2000122,7807192,YAHOO_FINANCE_VIA_YFINANCE
2026-05-22,SIEMENS,SIEMENS.NS,3793.060791,3811.699951,534453,YAHOO_FINANCE_VIA_YFINANCE
2026-05-22,SUNPHARMA,SUNPHARMA.NS,1839.77832,1844.599976,3610732,YAHOO_FINANCE_VIA_YFINANCE
2026-05-22,SUPREMEIND,SUPREMEIND.NS,3531.031006,3556,172744,YAHOO_FINANCE_VIA_YFINANCE
2026-05-22,TATAMOTORS,TMPV.NS,360.3607178,363.3500061,6934910,YAHOO_FINANCE_VIA_YFINANCE
2026-05-22,TCS,TCS.NS,2273.83252,2317.300049,2617262,YAHOO_FINANCE_VIA_YFINANCE
2026-05-22,TITAN,TITAN.NS,4066.456787,4079.800049,768112,YAHOO_FINANCE_VIA_YFINANCE
2026-05-22,TRENT,TRENT.NS,2860.106934,2864.333252,1631965,YAHOO_FINANCE_VIA_YFINANCE
2026-05-22,ULTRACEMCO,ULTRACEMCO.NS,11337.58203,11569,340427,YAHOO_FINANCE_VIA_YFINANCE
2026-05-22,VOLTAS,VOLTAS.NS,1264.128784,1268.099976,832401,YAHOO_FINANCE_VIA_YFINANCE
2026-05-25,ABB,ABB.NS,6676.402832,6755,263153,YAHOO_FINANCE_VIA_YFINANCE
2026-05-25,APLAPOLLO,APLAPOLLO.NS,1898.599976,1898.599976,622447,YAHOO_FINANCE_VIA_YFINANCE
2026-05-25,APOLLOHOSP,APOLLOHOSP.NS,8394.228516,8404,364945,YAHOO_FINANCE_VIA_YFINANCE
2026-05-25,ASIANPAINT,ASIANPAINT.NS,2634.939453,2657.800049,815621,YAHOO_FINANCE_VIA_YFINANCE
2026-05-25,ASTRAL,ASTRAL.NS,1549.862427,1552.300049,434838,YAHOO_FINANCE_VIA_YFINANCE
2026-05-25,AXISBANK,AXISBANK.NS,1310.189453,1311.199951,5671455,YAHOO_FINANCE_VIA_YFINANCE
2026-05-25,BAJFINANCE,BAJFINANCE.NS,936.1453247,941.9000244,7065528,YAHOO_FINANCE_VIA_YFINANCE
2026-05-25,BALKRISIND,BALKRISIND.NS,2211.406738,2219.100098,94164,YAHOO_FINANCE_VIA_YFINANCE
2026-05-25,BANKBARODA,BANKBARODA.NS,263.7202454,272.25,11731542,YAHOO_FINANCE_VIA_YFINANCE
2026-05-25,BANKNIFTY,^NSEBANK,55293.64844,55293.64844,262400,YAHOO_FINANCE_VIA_YFINANCE
2026-05-25,BEL,BEL.NS,421.2781067,421.8500061,8862027,YAHOO_FINANCE_VIA_YFINANCE
2026-05-25,BHARTIARTL,BHARTIARTL.NS,1851.498535,1874.800049,5903841,YAHOO_FINANCE_VIA_YFINANCE
2026-05-25,CIPLA,CIPLA.NS,1400.758789,1413.900024,668915,YAHOO_FINANCE_VIA_YFINANCE
2026-05-25,COFORGE,COFORGE.NS,1391.557129,1398,1369562,YAHOO_FINANCE_VIA_YFINANCE
2026-05-25,CROMPTON,CROMPTON.NS,290.0121765,293.5,1618146,YAHOO_FINANCE_VIA_YFINANCE
2026-05-25,CUMMINSIND,CUMMINSIND.NS,5337.727539,5382,284889,YAHOO_FINANCE_VIA_YFINANCE
2026-05-25,DEEPAKNTR,DEEPAKNTR.NS,1737.962158,1745.900024,101746,YAHOO_FINANCE_VIA_YFINANCE
2026-05-25,DIXON,DIXON.NS,11824,11824,578594,YAHOO_FINANCE_VIA_YFINANCE
2026-05-25,DRREDDY,DRREDDY.NS,1323.009888,1331.400024,4659781,YAHOO_FINANCE_VIA_YFINANCE
2026-05-25,ESCORTS,ESCORTS.NS,2943.196777,2976.5,67529,YAHOO_FINANCE_VIA_YFINANCE
2026-05-25,FEDERALBNK,FEDERALBNK.NS,288.2651672,289.25,9346757,YAHOO_FINANCE_VIA_YFINANCE
2026-05-25,HAL,HAL.NS,4416.949707,4425.899902,1063255,YAHOO_FINANCE_VIA_YFINANCE
2026-05-25,HDFCBANK,HDFCBANK.NS,774.0476685,786.8499756,26043952,YAHOO_FINANCE_VIA_YFINANCE
2026-05-25,HINDUNILVR,HINDUNILVR.NS,2174.383057,2196.5,780722,YAHOO_FINANCE_VIA_YFINANCE
2026-05-25,ICICIBANK,ICICIBANK.NS,1281.00061,1291.800049,13853923,YAHOO_FINANCE_VIA_YFINANCE
2026-05-25,IDFCFIRSTB,IDFCFIRSTB.NS,69.25654602,69.45999908,26724761,YAHOO_FINANCE_VIA_YFINANCE
2026-05-25,INDUSINDBK,INDUSINDBK.NS,924.602417,926.0999756,1193834,YAHOO_FINANCE_VIA_YFINANCE
2026-05-25,INFY,INFY.NS,1143.75,1168.5,5856136,YAHOO_FINANCE_VIA_YFINANCE
2026-05-25,KAYNES,KAYNES.NS,3400.399902,3400.399902,1421568,YAHOO_FINANCE_VIA_YFINANCE
2026-05-25,KEI,KEI.NS,5281.5,5281.5,239111,YAHOO_FINANCE_VIA_YFINANCE
2026-05-25,KOTAKBANK,KOTAKBANK.NS,392.1729431,392.8500061,15571552,YAHOO_FINANCE_VIA_YFINANCE
2026-05-25,KPITTECH,KPITTECH.NS,750.2648315,756.5999756,1495776,YAHOO_FINANCE_VIA_YFINANCE
2026-05-25,LALPATHLAB,LALPATHLAB.NS,1606.729736,1614.900024,197958,YAHOO_FINANCE_VIA_YFINANCE
2026-05-25,LT,LT.NS,4033.399902,4033.399902,2099927,YAHOO_FINANCE_VIA_YFINANCE
2026-05-25,M&M,M&M.NS,3106.378418,3139,2423710,YAHOO_FINANCE_VIA_YFINANCE
2026-05-25,MARUTI,MARUTI.NS,13039.04785,13170,276553,YAHOO_FINANCE_VIA_YFINANCE
2026-05-25,MAXHEALTH,MAXHEALTH.NS,999.0744629,1000.849976,3847234,YAHOO_FINANCE_VIA_YFINANCE
2026-05-25,NIFTY,^NSEI,24031.69922,24031.69922,351200,YAHOO_FINANCE_VIA_YFINANCE
2026-05-25,PERSISTENT,PERSISTENT.NS,5020.5625,5038,328328,YAHOO_FINANCE_VIA_YFINANCE
2026-05-25,PIIND,PIIND.NS,2838.810547,2849,297399,YAHOO_FINANCE_VIA_YFINANCE
2026-05-25,POLYCAB,POLYCAB.NS,9354.116211,9398.5,252126,YAHOO_FINANCE_VIA_YFINANCE
2026-05-25,RELIANCE,RELIANCE.NS,1360.708618,1367,6750071,YAHOO_FINANCE_VIA_YFINANCE
2026-05-25,SBIN,SBIN.NS,969.5999756,969.5999756,10934747,YAHOO_FINANCE_VIA_YFINANCE
2026-05-25,SIEMENS,SIEMENS.NS,3649.566162,3667.5,471211,YAHOO_FINANCE_VIA_YFINANCE
2026-05-25,SUNPHARMA,SUNPHARMA.NS,1835.788696,1840.599976,3049028,YAHOO_FINANCE_VIA_YFINANCE
2026-05-25,SUPREMEIND,SUPREMEIND.NS,3587.53125,3612.899902,84056,YAHOO_FINANCE_VIA_YFINANCE
2026-05-25,TATAMOTORS,TMPV.NS,370.1792603,373.25,10356089,YAHOO_FINANCE_VIA_YFINANCE
2026-05-25,TCS,TCS.NS,2295.613281,2308.199951,3298364,YAHOO_FINANCE_VIA_YFINANCE
2026-05-25,TITAN,TITAN.NS,4145.597168,4159.200195,606086,YAHOO_FINANCE_VIA_YFINANCE
2026-05-25,TRENT,TRENT.NS,2862.437012,2866.666748,876774,YAHOO_FINANCE_VIA_YFINANCE
2026-05-25,ULTRACEMCO,ULTRACEMCO.NS,11491.44141,11726,229618,YAHOO_FINANCE_VIA_YFINANCE
2026-05-25,VOLTAS,VOLTAS.NS,1279.979004,1284,1052123,YAHOO_FINANCE_VIA_YFINANCE
2026-05-26,ABB,ABB.NS,6724.83252,6804,200573,YAHOO_FINANCE_VIA_YFINANCE
2026-05-26,APLAPOLLO,APLAPOLLO.NS,1874.099976,1874.099976,1374115,YAHOO_FINANCE_VIA_YFINANCE
2026-05-26,APOLLOHOSP,APOLLOHOSP.NS,8248.897461,8258.5,310581,YAHOO_FINANCE_VIA_YFINANCE
2026-05-26,ASIANPAINT,ASIANPAINT.NS,2624.232178,2647,486267,YAHOO_FINANCE_VIA_YFINANCE
2026-05-26,ASTRAL,ASTRAL.NS,1576.320801,1578.800049,602697,YAHOO_FINANCE_VIA_YFINANCE
2026-05-26,AXISBANK,AXISBANK.NS,1298.298828,1299.300049,6455265,YAHOO_FINANCE_VIA_YFINANCE
2026-05-26,BAJFINANCE,BAJFINANCE.NS,924.5167847,930.2000122,8489543,YAHOO_FINANCE_VIA_YFINANCE
2026-05-26,BALKRISIND,BALKRISIND.NS,2195.063477,2202.699951,97457,YAHOO_FINANCE_VIA_YFINANCE
2026-05-26,BANKBARODA,BANKBARODA.NS,262.0734863,270.5499878,10164821,YAHOO_FINANCE_VIA_YFINANCE
2026-05-26,BANKNIFTY,^NSEBANK,55092.89844,55092.89844,321300,YAHOO_FINANCE_VIA_YFINANCE
2026-05-26,BEL,BEL.NS,419.5304871,420.1000061,12315435,YAHOO_FINANCE_VIA_YFINANCE
2026-05-26,BHARTIARTL,BHARTIARTL.NS,1823.94519,1846.900024,5803034,YAHOO_FINANCE_VIA_YFINANCE
2026-05-26,CIPLA,CIPLA.NS,1404.325317,1417.5,1132793,YAHOO_FINANCE_VIA_YFINANCE
2026-05-26,COFORGE,COFORGE.NS,1416.242798,1422.800049,1780000,YAHOO_FINANCE_VIA_YFINANCE
2026-05-26,CROMPTON,CROMPTON.NS,285.6150513,289.0499878,1511338,YAHOO_FINANCE_VIA_YFINANCE
2026-05-26,CUMMINSIND,CUMMINSIND.NS,5373.927246,5418.5,304814,YAHOO_FINANCE_VIA_YFINANCE
2026-05-26,DEEPAKNTR,DEEPAKNTR.NS,1719.247559,1727.099976,107415,YAHOO_FINANCE_VIA_YFINANCE
2026-05-26,DIXON,DIXON.NS,11673,11673,311771,YAHOO_FINANCE_VIA_YFINANCE
2026-05-26,DRREDDY,DRREDDY.NS,1319.531982,1327.900024,1909354,YAHOO_FINANCE_VIA_YFINANCE
2026-05-26,ESCORTS,ESCORTS.NS,2906.709717,2939.600098,138775,YAHOO_FINANCE_VIA_YFINANCE
2026-05-26,FEDERALBNK,FEDERALBNK.NS,289.2119446,290.2000122,10983670,YAHOO_FINANCE_VIA_YFINANCE
2026-05-26,HAL,HAL.NS,4418.746094,4427.700195,983680,YAHOO_FINANCE_VIA_YFINANCE
2026-05-26,HDFCBANK,HDFCBANK.NS,766.2270508,778.9000244,31528062,YAHOO_FINANCE_VIA_YFINANCE
2026-05-26,HINDUNILVR,HINDUNILVR.NS,2187.153076,2209.399902,2302703,YAHOO_FINANCE_VIA_YFINANCE
2026-05-26,ICICIBANK,ICICIBANK.NS,1268.406616,1279.099976,18400405,YAHOO_FINANCE_VIA_YFINANCE
2026-05-26,IDFCFIRSTB,IDFCFIRSTB.NS,70.01432037,70.22000122,19387715,YAHOO_FINANCE_VIA_YFINANCE
2026-05-26,INDUSINDBK,INDUSINDBK.NS,930.7924194,932.2999878,2323571,YAHOO_FINANCE_VIA_YFINANCE
2026-05-26,INFY,INFY.NS,1142.966797,1167.699951,8005767,YAHOO_FINANCE_VIA_YFINANCE
2026-05-26,KAYNES,KAYNES.NS,3299,3299,2785242,YAHOO_FINANCE_VIA_YFINANCE
2026-05-26,KEI,KEI.NS,5305.5,5305.5,239510,YAHOO_FINANCE_VIA_YFINANCE
2026-05-26,KOTAKBANK,KOTAKBANK.NS,387.9801636,388.6499939,15059212,YAHOO_FINANCE_VIA_YFINANCE
2026-05-26,KPITTECH,KPITTECH.NS,778.1295776,784.7000122,2237901,YAHOO_FINANCE_VIA_YFINANCE
2026-05-26,LALPATHLAB,LALPATHLAB.NS,1595.884888,1604,461696,YAHOO_FINANCE_VIA_YFINANCE
2026-05-26,LT,LT.NS,4037.800049,4037.800049,1552847,YAHOO_FINANCE_VIA_YFINANCE
2026-05-26,M&M,M&M.NS,3075.007812,3107.300049,1791919,YAHOO_FINANCE_VIA_YFINANCE
2026-05-26,MARUTI,MARUTI.NS,13076.66992,13208,256901,YAHOO_FINANCE_VIA_YFINANCE
2026-05-26,MAXHEALTH,MAXHEALTH.NS,992.1867065,993.9500122,2515276,YAHOO_FINANCE_VIA_YFINANCE
2026-05-26,NIFTY,^NSEI,23913.69922,23913.69922,387900,YAHOO_FINANCE_VIA_YFINANCE
2026-05-26,PERSISTENT,PERSISTENT.NS,5088.12793,5105.799805,456026,YAHOO_FINANCE_VIA_YFINANCE
2026-05-26,PIIND,PIIND.NS,2827.75,2837.899902,173447,YAHOO_FINANCE_VIA_YFINANCE
2026-05-26,POLYCAB,POLYCAB.NS,9568.100586,9613.5,424144,YAHOO_FINANCE_VIA_YFINANCE
2026-05-26,RELIANCE,RELIANCE.NS,1350.057983,1356.300049,13769747,YAHOO_FINANCE_VIA_YFINANCE
2026-05-26,SBIN,SBIN.NS,968.5,968.5,16269800,YAHOO_FINANCE_VIA_YFINANCE
2026-05-26,SIEMENS,SIEMENS.NS,3659.218506,3677.199951,713402,YAHOO_FINANCE_VIA_YFINANCE
2026-05-26,SUNPHARMA,SUNPHARMA.NS,1835.988281,1840.800049,2337759,YAHOO_FINANCE_VIA_YFINANCE
2026-05-26,SUPREMEIND,SUPREMEIND.NS,3545.826172,3570.899902,94449,YAHOO_FINANCE_VIA_YFINANCE
2026-05-26,TATAMOTORS,TMPV.NS,382.4276428,385.6000061,21346890,YAHOO_FINANCE_VIA_YFINANCE
2026-05-26,TCS,TCS.NS,2263.787598,2276.199951,3587597,YAHOO_FINANCE_VIA_YFINANCE
2026-05-26,TITAN,TITAN.NS,4092.471191,4105.899902,766717,YAHOO_FINANCE_VIA_YFINANCE
2026-05-26,TRENT,TRENT.NS,2822.229492,2826.399902,843390,YAHOO_FINANCE_VIA_YFINANCE
2026-05-26,ULTRACEMCO,ULTRACEMCO.NS,11390.50098,11623,210716,YAHOO_FINANCE_VIA_YFINANCE
2026-05-26,VOLTAS,VOLTAS.NS,1267.418457,1271.400024,592885,YAHOO_FINANCE_VIA_YFINANCE
2026-05-27,ABB,ABB.NS,7135.003906,7219,636096,YAHOO_FINANCE_VIA_YFINANCE
2026-05-27,APLAPOLLO,APLAPOLLO.NS,1867.699951,1867.699951,826764,YAHOO_FINANCE_VIA_YFINANCE
2026-05-27,APOLLOHOSP,APOLLOHOSP.NS,8262.880859,8272.5,293786,YAHOO_FINANCE_VIA_YFINANCE
2026-05-27,ASIANPAINT,ASIANPAINT.NS,2648.917969,2671.899902,858457,YAHOO_FINANCE_VIA_YFINANCE
2026-05-27,ASTRAL,ASTRAL.NS,1596.0896,1598.599976,477086,YAHOO_FINANCE_VIA_YFINANCE
2026-05-27,AXISBANK,AXISBANK.NS,1303.094971,1304.099976,7243174,YAHOO_FINANCE_VIA_YFINANCE
2026-05-27,BAJFINANCE,BAJFINANCE.NS,925.4609985,931.1500244,5349669,YAHOO_FINANCE_VIA_YFINANCE
2026-05-27,BALKRISIND,BALKRISIND.NS,2187.091064,2194.699951,56430,YAHOO_FINANCE_VIA_YFINANCE
2026-05-27,BANKBARODA,BANKBARODA.NS,262.460968,270.9500122,10007296,YAHOO_FINANCE_VIA_YFINANCE
2026-05-27,BANKNIFTY,^NSEBANK,54853.85156,54853.85156,268100,YAHOO_FINANCE_VIA_YFINANCE
2026-05-27,BEL,BEL.NS,418.5318298,419.1000061,10871894,YAHOO_FINANCE_VIA_YFINANCE
2026-05-27,BHARTIARTL,BHARTIARTL.NS,1829.179321,1852.199951,8653155,YAHOO_FINANCE_VIA_YFINANCE
2026-05-27,CIPLA,CIPLA.NS,1405.018677,1418.199951,937447,YAHOO_FINANCE_VIA_YFINANCE
2026-05-27,COFORGE,COFORGE.NS,1382.001343,1388.400024,1709429,YAHOO_FINANCE_VIA_YFINANCE
2026-05-27,CROMPTON,CROMPTON.NS,284.8245544,288.25,793176,YAHOO_FINANCE_VIA_YFINANCE
2026-05-27,CUMMINSIND,CUMMINSIND.NS,5977.91748,6027.5,1722262,YAHOO_FINANCE_VIA_YFINANCE
2026-05-27,DEEPAKNTR,DEEPAKNTR.NS,1707.00354,1714.800049,142911,YAHOO_FINANCE_VIA_YFINANCE
2026-05-27,DIXON,DIXON.NS,11756,11756,371444,YAHOO_FINANCE_VIA_YFINANCE
2026-05-27,DRREDDY,DRREDDY.NS,1310.68811,1319,959327,YAHOO_FINANCE_VIA_YFINANCE
2026-05-27,ESCORTS,ESCORTS.NS,2848.171875,2880.399902,130340,YAHOO_FINANCE_VIA_YFINANCE
2026-05-27,FEDERALBNK,FEDERALBNK.NS,287.9163513,288.8999939,3869975,YAHOO_FINANCE_VIA_YFINANCE
2026-05-27,HAL,HAL.NS,4404.075684,4413,502395,YAHOO_FINANCE_VIA_YFINANCE
2026-05-27,HDFCBANK,HDFCBANK.NS,746.3065186,758.6500244,63680153,YAHOO_FINANCE_VIA_YFINANCE
2026-05-27,HINDUNILVR,HINDUNILVR.NS,2176.263916,2198.399902,616538,YAHOO_FINANCE_VIA_YFINANCE
2026-05-27,ICICIBANK,ICICIBANK.NS,1262.060181,1272.699951,18366272,YAHOO_FINANCE_VIA_YFINANCE
2026-05-27,IDFCFIRSTB,IDFCFIRSTB.NS,71.27062988,71.48000336,16565002,YAHOO_FINANCE_VIA_YFINANCE
2026-05-27,INDUSINDBK,INDUSINDBK.NS,930.7924194,932.2999878,1088920,YAHOO_FINANCE_VIA_YFINANCE
2026-05-27,INFY,INFY.NS,1135.332153,1159.900024,6371871,YAHOO_FINANCE_VIA_YFINANCE
2026-05-27,KAYNES,KAYNES.NS,3229.600098,3229.600098,1223825,YAHOO_FINANCE_VIA_YFINANCE
2026-05-27,KEI,KEI.NS,5446.200195,5446.200195,328358,YAHOO_FINANCE_VIA_YFINANCE
2026-05-27,KOTAKBANK,KOTAKBANK.NS,388.0300903,388.7000122,9326451,YAHOO_FINANCE_VIA_YFINANCE
2026-05-27,KPITTECH,KPITTECH.NS,765.3375244,771.7999878,1268829,YAHOO_FINANCE_VIA_YFINANCE
2026-05-27,LALPATHLAB,LALPATHLAB.NS,1609.018066,1617.199951,202603,YAHOO_FINANCE_VIA_YFINANCE
2026-05-27,LT,LT.NS,4047.5,4047.5,1607028,YAHOO_FINANCE_VIA_YFINANCE
2026-05-27,M&M,M&M.NS,3089.15918,3121.600098,1408612,YAHOO_FINANCE_VIA_YFINANCE
2026-05-27,MARUTI,MARUTI.NS,13231.11914,13364,322020,YAHOO_FINANCE_VIA_YFINANCE
2026-05-27,MAXHEALTH,MAXHEALTH.NS,991.6876221,993.4500122,2621505,YAHOO_FINANCE_VIA_YFINANCE
2026-05-27,NIFTY,^NSEI,23907.15039,23907.15039,531600,YAHOO_FINANCE_VIA_YFINANCE
2026-05-27,PERSISTENT,PERSISTENT.NS,5080.753418,5098.399902,206977,YAHOO_FINANCE_VIA_YFINANCE
2026-05-27,PIIND,PIIND.NS,2837.116699,2847.300049,96895,YAHOO_FINANCE_VIA_YFINANCE
2026-05-27,POLYCAB,POLYCAB.NS,9618.362305,9664,219320,YAHOO_FINANCE_VIA_YFINANCE
2026-05-27,RELIANCE,RELIANCE.NS,1344.284546,1350.5,13215138,YAHOO_FINANCE_VIA_YFINANCE
2026-05-27,SBIN,SBIN.NS,967.7999878,967.7999878,8111259,YAHOO_FINANCE_VIA_YFINANCE
2026-05-27,SIEMENS,SIEMENS.NS,3859.733154,3878.699951,1738785,YAHOO_FINANCE_VIA_YFINANCE
2026-05-27,SUNPHARMA,SUNPHARMA.NS,1839.479126,1844.300049,1385752,YAHOO_FINANCE_VIA_YFINANCE
2026-05-27,SUPREMEIND,SUPREMEIND.NS,3608.880371,3634.399902,78050,YAHOO_FINANCE_VIA_YFINANCE
2026-05-27,TATAMOTORS,TMPV.NS,397.6513672,400.9500122,16294686,YAHOO_FINANCE_VIA_YFINANCE
2026-05-27,TCS,TCS.NS,2271.744141,2284.199951,2653950,YAHOO_FINANCE_VIA_YFINANCE
2026-05-27,TITAN,TITAN.NS,4124.366699,4137.899902,474044,YAHOO_FINANCE_VIA_YFINANCE
2026-05-27,TRENT,TRENT.NS,2828.220703,2832.399902,644872,YAHOO_FINANCE_VIA_YFINANCE
2026-05-27,ULTRACEMCO,ULTRACEMCO.NS,11455.18164,11689,243628,YAHOO_FINANCE_VIA_YFINANCE
2026-05-27,VOLTAS,VOLTAS.NS,1257.848511,1261.800049,849420,YAHOO_FINANCE_VIA_YFINANCE
2026-05-28,ABB,ABB.NS,7135.003906,7219,0,YAHOO_FINANCE_VIA_YFINANCE
2026-05-28,APLAPOLLO,APLAPOLLO.NS,1867.699951,1867.699951,0,YAHOO_FINANCE_VIA_YFINANCE
2026-05-28,APOLLOHOSP,APOLLOHOSP.NS,8262.880859,8272.5,0,YAHOO_FINANCE_VIA_YFINANCE
2026-05-28,ASIANPAINT,ASIANPAINT.NS,2648.917969,2671.899902,0,YAHOO_FINANCE_VIA_YFINANCE
2026-05-28,ASTRAL,ASTRAL.NS,1596.0896,1598.599976,0,YAHOO_FINANCE_VIA_YFINANCE
2026-05-28,AXISBANK,AXISBANK.NS,1303.094971,1304.099976,0,YAHOO_FINANCE_VIA_YFINANCE
2026-05-28,BAJFINANCE,BAJFINANCE.NS,925.4609985,931.1500244,0,YAHOO_FINANCE_VIA_YFINANCE
2026-05-28,BALKRISIND,BALKRISIND.NS,2187.091064,2194.699951,0,YAHOO_FINANCE_VIA_YFINANCE
2026-05-28,BANKBARODA,BANKBARODA.NS,262.460968,270.9500122,0,YAHOO_FINANCE_VIA_YFINANCE
2026-05-28,BEL,BEL.NS,418.5318298,419.1000061,0,YAHOO_FINANCE_VIA_YFINANCE
2026-05-28,BHARTIARTL,BHARTIARTL.NS,1829.179321,1852.199951,0,YAHOO_FINANCE_VIA_YFINANCE
2026-05-28,CIPLA,CIPLA.NS,1405.018677,1418.199951,0,YAHOO_FINANCE_VIA_YFINANCE
2026-05-28,COFORGE,COFORGE.NS,1382.001343,1388.400024,0,YAHOO_FINANCE_VIA_YFINANCE
2026-05-28,CROMPTON,CROMPTON.NS,284.8245544,288.25,0,YAHOO_FINANCE_VIA_YFINANCE
2026-05-28,CUMMINSIND,CUMMINSIND.NS,5977.91748,6027.5,0,YAHOO_FINANCE_VIA_YFINANCE
2026-05-28,DEEPAKNTR,DEEPAKNTR.NS,1707.00354,1714.800049,0,YAHOO_FINANCE_VIA_YFINANCE
2026-05-28,DIXON,DIXON.NS,11756,11756,0,YAHOO_FINANCE_VIA_YFINANCE
2026-05-28,DRREDDY,DRREDDY.NS,1310.68811,1319,0,YAHOO_FINANCE_VIA_YFINANCE
2026-05-28,ESCORTS,ESCORTS.NS,2848.171875,2880.399902,0,YAHOO_FINANCE_VIA_YFINANCE
2026-05-28,FEDERALBNK,FEDERALBNK.NS,287.9163513,288.8999939,0,YAHOO_FINANCE_VIA_YFINANCE
2026-05-28,HAL,HAL.NS,4404.075684,4413,0,YAHOO_FINANCE_VIA_YFINANCE
2026-05-28,HDFCBANK,HDFCBANK.NS,746.3065186,758.6500244,0,YAHOO_FINANCE_VIA_YFINANCE
2026-05-28,HINDUNILVR,HINDUNILVR.NS,2176.263916,2198.399902,0,YAHOO_FINANCE_VIA_YFINANCE
2026-05-28,ICICIBANK,ICICIBANK.NS,1262.060181,1272.699951,0,YAHOO_FINANCE_VIA_YFINANCE
2026-05-28,IDFCFIRSTB,IDFCFIRSTB.NS,71.27062988,71.48000336,0,YAHOO_FINANCE_VIA_YFINANCE
2026-05-28,INDUSINDBK,INDUSINDBK.NS,930.7924194,932.2999878,0,YAHOO_FINANCE_VIA_YFINANCE
2026-05-28,INFY,INFY.NS,1135.332153,1159.900024,0,YAHOO_FINANCE_VIA_YFINANCE
2026-05-28,KAYNES,KAYNES.NS,3229.600098,3229.600098,0,YAHOO_FINANCE_VIA_YFINANCE
2026-05-28,KEI,KEI.NS,5446.200195,5446.200195,0,YAHOO_FINANCE_VIA_YFINANCE
2026-05-28,KOTAKBANK,KOTAKBANK.NS,388.0300903,388.7000122,0,YAHOO_FINANCE_VIA_YFINANCE
2026-05-28,KPITTECH,KPITTECH.NS,765.3375244,771.7999878,0,YAHOO_FINANCE_VIA_YFINANCE
2026-05-28,LALPATHLAB,LALPATHLAB.NS,1609.018066,1617.199951,0,YAHOO_FINANCE_VIA_YFINANCE
2026-05-28,LT,LT.NS,4047.5,4047.5,0,YAHOO_FINANCE_VIA_YFINANCE
2026-05-28,M&M,M&M.NS,3089.15918,3121.600098,0,YAHOO_FINANCE_VIA_YFINANCE
2026-05-28,MARUTI,MARUTI.NS,13231.11914,13364,0,YAHOO_FINANCE_VIA_YFINANCE
2026-05-28,MAXHEALTH,MAXHEALTH.NS,991.6876221,993.4500122,0,YAHOO_FINANCE_VIA_YFINANCE
2026-05-28,PERSISTENT,PERSISTENT.NS,5080.753418,5098.399902,0,YAHOO_FINANCE_VIA_YFINANCE
2026-05-28,PIIND,PIIND.NS,2837.116699,2847.300049,0,YAHOO_FINANCE_VIA_YFINANCE
2026-05-28,POLYCAB,POLYCAB.NS,9618.362305,9664,0,YAHOO_FINANCE_VIA_YFINANCE
2026-05-28,RELIANCE,RELIANCE.NS,1344.284546,1350.5,0,YAHOO_FINANCE_VIA_YFINANCE
2026-05-28,SBIN,SBIN.NS,967.7999878,967.7999878,0,YAHOO_FINANCE_VIA_YFINANCE
2026-05-28,SIEMENS,SIEMENS.NS,3859.733154,3878.699951,0,YAHOO_FINANCE_VIA_YFINANCE
2026-05-28,SUNPHARMA,SUNPHARMA.NS,1839.479126,1844.300049,0,YAHOO_FINANCE_VIA_YFINANCE
2026-05-28,SUPREMEIND,SUPREMEIND.NS,3608.880371,3634.399902,0,YAHOO_FINANCE_VIA_YFINANCE
2026-05-28,TATAMOTORS,TMPV.NS,397.6513672,400.9500122,0,YAHOO_FINANCE_VIA_YFINANCE
2026-05-28,TCS,TCS.NS,2271.744141,2284.199951,0,YAHOO_FINANCE_VIA_YFINANCE
2026-05-28,TITAN,TITAN.NS,4124.366699,4137.899902,0,YAHOO_FINANCE_VIA_YFINANCE
2026-05-28,TRENT,TRENT.NS,2828.220703,2832.399902,0,YAHOO_FINANCE_VIA_YFINANCE
2026-05-28,ULTRACEMCO,ULTRACEMCO.NS,11455.18164,11689,0,YAHOO_FINANCE_VIA_YFINANCE
2026-05-28,VOLTAS,VOLTAS.NS,1257.848511,1261.800049,0,YAHOO_FINANCE_VIA_YFINANCE
2026-05-29,ABB,ABB.NS,7168.608398,7253,1105117,YAHOO_FINANCE_VIA_YFINANCE
2026-05-29,APLAPOLLO,APLAPOLLO.NS,1831.099976,1831.099976,1955412,YAHOO_FINANCE_VIA_YFINANCE
2026-05-29,APOLLOHOSP,APOLLOHOSP.NS,8166.992676,8176.5,1042419,YAHOO_FINANCE_VIA_YFINANCE
2026-05-29,ASIANPAINT,ASIANPAINT.NS,2648.620605,2671.600098,5062328,YAHOO_FINANCE_VIA_YFINANCE
2026-05-29,ASTRAL,ASTRAL.NS,1575.72168,1578.199951,3173296,YAHOO_FINANCE_VIA_YFINANCE
2026-05-29,AXISBANK,AXISBANK.NS,1285.608521,1286.599976,15215715,YAHOO_FINANCE_VIA_YFINANCE
2026-05-29,BAJFINANCE,BAJFINANCE.NS,902.7009277,908.25,46752428,YAHOO_FINANCE_VIA_YFINANCE
2026-05-29,BALKRISIND,BALKRISIND.NS,2197.854004,2205.5,638688,YAHOO_FINANCE_VIA_YFINANCE
2026-05-29,BANKBARODA,BANKBARODA.NS,260.0877075,268.5,17624514,YAHOO_FINANCE_VIA_YFINANCE
2026-05-29,BANKNIFTY,^NSEBANK,54239.19922,54239.19922,1042600,YAHOO_FINANCE_VIA_YFINANCE
2026-05-29,BEL,BEL.NS,410.1931458,410.75,26559872,YAHOO_FINANCE_VIA_YFINANCE
2026-05-29,BHARTIARTL,BHARTIARTL.NS,1806.2677,1829,52886264,YAHOO_FINANCE_VIA_YFINANCE
2026-05-29,CIPLA,CIPLA.NS,1387.978638,1401,9540984,YAHOO_FINANCE_VIA_YFINANCE
2026-05-29,COFORGE,COFORGE.NS,1415.247437,1421.800049,3533060,YAHOO_FINANCE_VIA_YFINANCE
2026-05-29,CROMPTON,CROMPTON.NS,277.8089294,281.1499939,2676816,YAHOO_FINANCE_VIA_YFINANCE
2026-05-29,CUMMINSIND,CUMMINSIND.NS,5832.622559,5881,2020815,YAHOO_FINANCE_VIA_YFINANCE
2026-05-29,DEEPAKNTR,DEEPAKNTR.NS,1674.352661,1682,188681,YAHOO_FINANCE_VIA_YFINANCE
2026-05-29,DIXON,DIXON.NS,11524,11524,498590,YAHOO_FINANCE_VIA_YFINANCE
2026-05-29,DRREDDY,DRREDDY.NS,1295.285767,1303.5,5424483,YAHOO_FINANCE_VIA_YFINANCE
2026-05-29,ESCORTS,ESCORTS.NS,2827.80249,2859.800049,805789,YAHOO_FINANCE_VIA_YFINANCE
2026-05-29,FEDERALBNK,FEDERALBNK.NS,287.966217,288.9500122,239376091,YAHOO_FINANCE_VIA_YFINANCE
2026-05-29,HAL,HAL.NS,4295.096191,4303.799805,4597399,YAHOO_FINANCE_VIA_YFINANCE
2026-05-29,HDFCBANK,HDFCBANK.NS,732.4359131,744.5499878,101299431,YAHOO_FINANCE_VIA_YFINANCE
2026-05-29,HINDUNILVR,HINDUNILVR.NS,2131.816162,2153.5,17701621,YAHOO_FINANCE_VIA_YFINANCE
2026-05-29,ICICIBANK,ICICIBANK.NS,1245.896484,1256.400024,31007884,YAHOO_FINANCE_VIA_YFINANCE
2026-05-29,IDFCFIRSTB,IDFCFIRSTB.NS,71.11109924,71.31999969,116119106,YAHOO_FINANCE_VIA_YFINANCE
2026-05-29,INDUSINDBK,INDUSINDBK.NS,912.8713989,914.3499756,3160610,YAHOO_FINANCE_VIA_YFINANCE
2026-05-29,INFY,INFY.NS,1136.310913,1160.900024,69085430,YAHOO_FINANCE_VIA_YFINANCE
2026-05-29,KAYNES,KAYNES.NS,3133.600098,3133.600098,1268705,YAHOO_FINANCE_VIA_YFINANCE
2026-05-29,KEI,KEI.NS,5267.5,5267.5,348840,YAHOO_FINANCE_VIA_YFINANCE
2026-05-29,KOTAKBANK,KOTAKBANK.NS,383.5378418,384.2000122,40109830,YAHOO_FINANCE_VIA_YFINANCE
2026-05-29,KPITTECH,KPITTECH.NS,765.4863281,771.9500122,1432401,YAHOO_FINANCE_VIA_YFINANCE
2026-05-29,LALPATHLAB,LALPATHLAB.NS,1599.2677,1607.400024,414912,YAHOO_FINANCE_VIA_YFINANCE
2026-05-29,LT,LT.NS,4076.5,4076.5,4882940,YAHOO_FINANCE_VIA_YFINANCE
2026-05-29,M&M,M&M.NS,3013.949219,3045.600098,11402867,YAHOO_FINANCE_VIA_YFINANCE
2026-05-29,MARUTI,MARUTI.NS,12996.47559,13127,963291,YAHOO_FINANCE_VIA_YFINANCE
2026-05-29,MAXHEALTH,MAXHEALTH.NS,963.3878784,965.0999756,15388949,YAHOO_FINANCE_VIA_YFINANCE
2026-05-29,NIFTY,^NSEI,23547.75,23547.75,1198000,YAHOO_FINANCE_VIA_YFINANCE
2026-05-29,PERSISTENT,PERSISTENT.NS,5176.321289,5194.299805,1393236,YAHOO_FINANCE_VIA_YFINANCE
2026-05-29,PIIND,PIIND.NS,2765.075195,2775,1148826,YAHOO_FINANCE_VIA_YFINANCE
2026-05-29,POLYCAB,POLYCAB.NS,9432.743164,9477.5,496089,YAHOO_FINANCE_VIA_YFINANCE
2026-05-29,RELIANCE,RELIANCE.NS,1315.119385,1321.199951,42634247,YAHOO_FINANCE_VIA_YFINANCE
2026-05-29,SBIN,SBIN.NS,964.4000244,964.4000244,22292535,YAHOO_FINANCE_VIA_YFINANCE
2026-05-29,SIEMENS,SIEMENS.NS,3825.202881,3844,2024437,YAHOO_FINANCE_VIA_YFINANCE
2026-05-29,SUNPHARMA,SUNPHARMA.NS,1794.496948,1799.199951,10058572,YAHOO_FINANCE_VIA_YFINANCE
2026-05-29,SUPREMEIND,SUPREMEIND.NS,3524.080078,3549,452509,YAHOO_FINANCE_VIA_YFINANCE
2026-05-29,TATAMOTORS,TMPV.NS,390.6593628,393.8999939,31210075,YAHOO_FINANCE_VIA_YFINANCE
2026-05-29,TCS,TCS.NS,2246.582031,2258.899902,16331582,YAHOO_FINANCE_VIA_YFINANCE
2026-05-29,TITAN,TITAN.NS,4061.572754,4074.899902,2001419,YAHOO_FINANCE_VIA_YFINANCE
2026-05-29,TRENT,TRENT.NS,2811.844971,2816,1777057,YAHOO_FINANCE_VIA_YFINANCE
2026-05-29,ULTRACEMCO,ULTRACEMCO.NS,11252.32227,11482,1776975,YAHOO_FINANCE_VIA_YFINANCE
2026-05-29,VOLTAS,VOLTAS.NS,1241.798828,1245.699951,2960575,YAHOO_FINANCE_VIA_YFINANCE
2026-06-01,ABB,ABB.NS,6945.731934,7027.5,452205,YAHOO_FINANCE_VIA_YFINANCE
2026-06-01,APLAPOLLO,APLAPOLLO.NS,1788.300049,1788.300049,940088,YAHOO_FINANCE_VIA_YFINANCE
2026-06-01,APOLLOHOSP,APOLLOHOSP.NS,8099.071777,8108.5,217401,YAHOO_FINANCE_VIA_YFINANCE
2026-06-01,ASIANPAINT,ASIANPAINT.NS,2609.757568,2632.399902,2224344,YAHOO_FINANCE_VIA_YFINANCE
2026-06-01,ASTRAL,ASTRAL.NS,1530.692505,1533.099976,324692,YAHOO_FINANCE_VIA_YFINANCE
2026-06-01,AXISBANK,AXISBANK.NS,1274.916748,1275.900024,4311076,YAHOO_FINANCE_VIA_YFINANCE
2026-06-01,BAJFINANCE,BAJFINANCE.NS,883.6182251,889.0499878,6887616,YAHOO_FINANCE_VIA_YFINANCE
2026-06-01,BALKRISIND,BALKRISIND.NS,2160.185059,2167.699951,79759,YAHOO_FINANCE_VIA_YFINANCE
2026-06-01,BANKBARODA,BANKBARODA.NS,256.067749,264.3500061,12975542,YAHOO_FINANCE_VIA_YFINANCE
2026-06-01,BANKNIFTY,^NSEBANK,53643.10156,53643.10156,322900,YAHOO_FINANCE_VIA_YFINANCE
2026-06-01,BEL,BEL.NS,406.6479797,407.2000122,16453240,YAHOO_FINANCE_VIA_YFINANCE
2026-06-01,BHARTIARTL,BHARTIARTL.NS,1788.096313,1810.599976,6391656,YAHOO_FINANCE_VIA_YFINANCE
2026-06-01,CIPLA,CIPLA.NS,1377.378174,1390.300049,714608,YAHOO_FINANCE_VIA_YFINANCE
2026-06-01,COFORGE,COFORGE.NS,1454.465698,1461.199951,5877548,YAHOO_FINANCE_VIA_YFINANCE
2026-06-01,CROMPTON,CROMPTON.NS,270.1510315,273.3999939,2685777,YAHOO_FINANCE_VIA_YFINANCE
2026-06-01,CUMMINSIND,CUMMINSIND.NS,5633.771973,5680.5,597518,YAHOO_FINANCE_VIA_YFINANCE
2026-06-01,DEEPAKNTR,DEEPAKNTR.NS,1662.506714,1670.099976,111984,YAHOO_FINANCE_VIA_YFINANCE
2026-06-01,DIXON,DIXON.NS,11463,11463,303579,YAHOO_FINANCE_VIA_YFINANCE
2026-06-01,DRREDDY,DRREDDY.NS,1282.268311,1290.400024,1379034,YAHOO_FINANCE_VIA_YFINANCE
2026-06-01,ESCORTS,ESCORTS.NS,2731.887695,2762.800049,184197,YAHOO_FINANCE_VIA_YFINANCE
2026-06-01,FEDERALBNK,FEDERALBNK.NS,287.2187805,288.2000122,6701913,YAHOO_FINANCE_VIA_YFINANCE
2026-06-01,HAL,HAL.NS,4245.49707,4254.100098,707271,YAHOO_FINANCE_VIA_YFINANCE
2026-06-01,HDFCBANK,HDFCBANK.NS,730.6160278,742.7000122,47996441,YAHOO_FINANCE_VIA_YFINANCE
2026-06-01,HINDUNILVR,HINDUNILVR.NS,2063.312988,2084.300049,1470488,YAHOO_FINANCE_VIA_YFINANCE
2026-06-01,ICICIBANK,ICICIBANK.NS,1229.33606,1239.699951,9911975,YAHOO_FINANCE_VIA_YFINANCE
2026-06-01,IDFCFIRSTB,IDFCFIRSTB.NS,71.04130554,71.25,14291113,YAHOO_FINANCE_VIA_YFINANCE
2026-06-01,INDUSINDBK,INDUSINDBK.NS,899.6928101,901.1500244,1597794,YAHOO_FINANCE_VIA_YFINANCE
2026-06-01,INFY,INFY.NS,1177.029785,1202.5,19439331,YAHOO_FINANCE_VIA_YFINANCE
2026-06-01,KAYNES,KAYNES.NS,3100.199951,3100.199951,1053897,YAHOO_FINANCE_VIA_YFINANCE
2026-06-01,KEI,KEI.NS,5174,5174,163199,YAHOO_FINANCE_VIA_YFINANCE
2026-06-01,KOTAKBANK,KOTAKBANK.NS,376.7495422,377.3999939,12335552,YAHOO_FINANCE_VIA_YFINANCE
2026-06-01,KPITTECH,KPITTECH.NS,779.5178223,786.0999756,2194206,YAHOO_FINANCE_VIA_YFINANCE
2026-06-01,LALPATHLAB,LALPATHLAB.NS,1569.319946,1577.300049,129009,YAHOO_FINANCE_VIA_YFINANCE
2026-06-01,LT,LT.NS,4010.800049,4010.800049,1409388,YAHOO_FINANCE_VIA_YFINANCE
2026-06-01,M&M,M&M.NS,2939.33252,2970.199951,5763247,YAHOO_FINANCE_VIA_YFINANCE
2026-06-01,MARUTI,MARUTI.NS,12817.27539,12946,295359,YAHOO_FINANCE_VIA_YFINANCE
2026-06-01,MAXHEALTH,MAXHEALTH.NS,936.7852173,938.4500122,3841704,YAHOO_FINANCE_VIA_YFINANCE
2026-06-01,NIFTY,^NSEI,23382.59961,23382.59961,421700,YAHOO_FINANCE_VIA_YFINANCE
2026-06-01,PERSISTENT,PERSISTENT.NS,5383.302734,5402,1017776,YAHOO_FINANCE_VIA_YFINANCE
2026-06-01,PIIND,PIIND.NS,2692.934082,2702.600098,248652,YAHOO_FINANCE_VIA_YFINANCE
2026-06-01,POLYCAB,POLYCAB.NS,9435.729492,9480.5,216109,YAHOO_FINANCE_VIA_YFINANCE
2026-06-01,RELIANCE,RELIANCE.NS,1313.924927,1320,10700603,YAHOO_FINANCE_VIA_YFINANCE
2026-06-01,SBIN,SBIN.NS,954.0999756,954.0999756,11118975,YAHOO_FINANCE_VIA_YFINANCE
2026-06-01,SIEMENS,SIEMENS.NS,3693.151855,3711.300049,526590,YAHOO_FINANCE_VIA_YFINANCE
2026-06-01,SUNPHARMA,SUNPHARMA.NS,1791.804077,1796.5,2051152,YAHOO_FINANCE_VIA_YFINANCE
2026-06-01,SUPREMEIND,SUPREMEIND.NS,3495.97876,3520.699951,196487,YAHOO_FINANCE_VIA_YFINANCE
2026-06-01,TATAMOTORS,TMPV.NS,381.7333984,384.8999939,8626860,YAHOO_FINANCE_VIA_YFINANCE
2026-06-01,TCS,TCS.NS,2284.87207,2297.399902,7505095,YAHOO_FINANCE_VIA_YFINANCE
2026-06-01,TITAN,TITAN.NS,4011.437256,4024.600098,450200,YAHOO_FINANCE_VIA_YFINANCE
2026-06-01,TRENT,TRENT.NS,2767.444092,2771.533447,978147,YAHOO_FINANCE_VIA_YFINANCE
2026-06-01,ULTRACEMCO,ULTRACEMCO.NS,11007.32227,11232,497866,YAHOO_FINANCE_VIA_YFINANCE
2026-06-01,VOLTAS,VOLTAS.NS,1224.553101,1228.400024,766252,YAHOO_FINANCE_VIA_YFINANCE
2026-06-02,ABB,ABB.NS,7062.853027,7146,511846,YAHOO_FINANCE_VIA_YFINANCE
2026-06-02,APLAPOLLO,APLAPOLLO.NS,1769.199951,1769.199951,1428766,YAHOO_FINANCE_VIA_YFINANCE
2026-06-02,APOLLOHOSP,APOLLOHOSP.NS,8080.09375,8089.5,556161,YAHOO_FINANCE_VIA_YFINANCE
2026-06-02,ASIANPAINT,ASIANPAINT.NS,2637.814209,2660.699951,1026319,YAHOO_FINANCE_VIA_YFINANCE
2026-06-02,ASTRAL,ASTRAL.NS,1524.30249,1526.699951,1003364,YAHOO_FINANCE_VIA_YFINANCE
2026-06-02,AXISBANK,AXISBANK.NS,1250.135864,1251.099976,11884695,YAHOO_FINANCE_VIA_YFINANCE
2026-06-02,BAJFINANCE,BAJFINANCE.NS,876.6112671,882,15697997,YAHOO_FINANCE_VIA_YFINANCE
2026-06-02,BALKRISIND,BALKRISIND.NS,2142.845459,2150.300049,1203331,YAHOO_FINANCE_VIA_YFINANCE
2026-06-02,BANKBARODA,BANKBARODA.NS,257.47229,265.7999878,12303559,YAHOO_FINANCE_VIA_YFINANCE
2026-06-02,BANKNIFTY,^NSEBANK,53714.64844,53714.64844,406400,YAHOO_FINANCE_VIA_YFINANCE
2026-06-02,BEL,BEL.NS,407.2970886,407.8500061,15004796,YAHOO_FINANCE_VIA_YFINANCE
2026-06-02,BHARTIARTL,BHARTIARTL.NS,1791.651611,1814.199951,10791294,YAHOO_FINANCE_VIA_YFINANCE
2026-06-02,CIPLA,CIPLA.NS,1366.480347,1379.300049,2290839,YAHOO_FINANCE_VIA_YFINANCE
2026-06-02,COFORGE,COFORGE.NS,1512.497192,1519.5,10654328,YAHOO_FINANCE_VIA_YFINANCE
2026-06-02,CROMPTON,CROMPTON.NS,270.2004395,273.4500122,2056612,YAHOO_FINANCE_VIA_YFINANCE
2026-06-02,CUMMINSIND,CUMMINSIND.NS,5661.045898,5708,702121,YAHOO_FINANCE_VIA_YFINANCE
2026-06-02,DEEPAKNTR,DEEPAKNTR.NS,1678.832153,1686.5,65617,YAHOO_FINANCE_VIA_YFINANCE
2026-06-02,DIXON,DIXON.NS,11604,11604,317648,YAHOO_FINANCE_VIA_YFINANCE
2026-06-02,DRREDDY,DRREDDY.NS,1265.97168,1274,2021793,YAHOO_FINANCE_VIA_YFINANCE
2026-06-02,ESCORTS,ESCORTS.NS,2719.527588,2750.300049,265863,YAHOO_FINANCE_VIA_YFINANCE
2026-06-02,FEDERALBNK,FEDERALBNK.NS,292.0522156,293.0499878,5900487,YAHOO_FINANCE_VIA_YFINANCE
2026-06-02,HAL,HAL.NS,4269.847656,4278.5,1251023,YAHOO_FINANCE_VIA_YFINANCE
2026-06-02,HDFCBANK,HDFCBANK.NS,736.0757446,748.25,47314447,YAHOO_FINANCE_VIA_YFINANCE
2026-06-02,HINDUNILVR,HINDUNILVR.NS,2072.618164,2093.699951,2148903,YAHOO_FINANCE_VIA_YFINANCE
2026-06-02,ICICIBANK,ICICIBANK.NS,1216.345581,1226.599976,17920892,YAHOO_FINANCE_VIA_YFINANCE
2026-06-02,IDFCFIRSTB,IDFCFIRSTB.NS,71.38030243,71.58999634,37493683,YAHOO_FINANCE_VIA_YFINANCE
2026-06-02,INDUSINDBK,INDUSINDBK.NS,911.0244141,912.5,1756559,YAHOO_FINANCE_VIA_YFINANCE
2026-06-02,INFY,INFY.NS,1243.883179,1270.800049,36032600,YAHOO_FINANCE_VIA_YFINANCE
2026-06-02,KAYNES,KAYNES.NS,3169.100098,3169.100098,1065545,YAHOO_FINANCE_VIA_YFINANCE
2026-06-02,KEI,KEI.NS,5261.5,5261.5,204472,YAHOO_FINANCE_VIA_YFINANCE
2026-06-02,KOTAKBANK,KOTAKBANK.NS,378.396698,379.0499878,14834956,YAHOO_FINANCE_VIA_YFINANCE
2026-06-02,KPITTECH,KPITTECH.NS,802.473999,809.25,3897702,YAHOO_FINANCE_VIA_YFINANCE
2026-06-02,LALPATHLAB,LALPATHLAB.NS,1553.102417,1561,160414,YAHOO_FINANCE_VIA_YFINANCE
2026-06-02,LT,LT.NS,4000.899902,4000.899902,2085054,YAHOO_FINANCE_VIA_YFINANCE
2026-06-02,M&M,M&M.NS,2967.140625,2998.300049,4045354,YAHOO_FINANCE_VIA_YFINANCE
2026-06-02,MARUTI,MARUTI.NS,12892.51953,13022,586599,YAHOO_FINANCE_VIA_YFINANCE
2026-06-02,MAXHEALTH,MAXHEALTH.NS,947.0170288,948.7000122,3784019,YAHOO_FINANCE_VIA_YFINANCE
2026-06-02,NIFTY,^NSEI,23483.55078,23483.55078,511900,YAHOO_FINANCE_VIA_YFINANCE
2026-06-02,PERSISTENT,PERSISTENT.NS,5451.56543,5470.5,1368824,YAHOO_FINANCE_VIA_YFINANCE
2026-06-02,PIIND,PIIND.NS,2730.001221,2739.800049,635004,YAHOO_FINANCE_VIA_YFINANCE
2026-06-02,POLYCAB,POLYCAB.NS,9486.488281,9531.5,256995,YAHOO_FINANCE_VIA_YFINANCE
2026-06-02,RELIANCE,RELIANCE.NS,1308.549805,1314.599976,23302785,YAHOO_FINANCE_VIA_YFINANCE
2026-06-02,SBIN,SBIN.NS,956.6500244,956.6500244,15911760,YAHOO_FINANCE_VIA_YFINANCE
2026-06-02,SIEMENS,SIEMENS.NS,3711.461914,3729.699951,628712,YAHOO_FINANCE_VIA_YFINANCE
2026-06-02,SUNPHARMA,SUNPHARMA.NS,1785.221313,1789.900024,2885899,YAHOO_FINANCE_VIA_YFINANCE
2026-06-02,SUPREMEIND,SUPREMEIND.NS,3528.151367,3553.100098,125837,YAHOO_FINANCE_VIA_YFINANCE
2026-06-02,TATAMOTORS,TMPV.NS,386.9898071,390.2000122,12789321,YAHOO_FINANCE_VIA_YFINANCE
2026-06-02,TCS,TCS.NS,2433.556885,2446.899902,11306127,YAHOO_FINANCE_VIA_YFINANCE
2026-06-02,TITAN,TITAN.NS,4064.762451,4078.100098,522015,YAHOO_FINANCE_VIA_YFINANCE
2026-06-02,TRENT,TRENT.NS,2802.791748,2806.93335,1130323,YAHOO_FINANCE_VIA_YFINANCE
2026-06-02,ULTRACEMCO,ULTRACEMCO.NS,10941.66309,11165,413041,YAHOO_FINANCE_VIA_YFINANCE
2026-06-02,VOLTAS,VOLTAS.NS,1236.515503,1240.400024,1010910,YAHOO_FINANCE_VIA_YFINANCE
2026-06-03,ABB,ABB.NS,7112.271484,7196,309040,YAHOO_FINANCE_VIA_YFINANCE
2026-06-03,APLAPOLLO,APLAPOLLO.NS,1805.400024,1805.400024,504434,YAHOO_FINANCE_VIA_YFINANCE
2026-06-03,APOLLOHOSP,APOLLOHOSP.NS,8280.860352,8290.5,724687,YAHOO_FINANCE_VIA_YFINANCE
2026-06-03,ASIANPAINT,ASIANPAINT.NS,2639.499512,2662.399902,958774,YAHOO_FINANCE_VIA_YFINANCE
2026-06-03,ASTRAL,ASTRAL.NS,1534.486572,1536.900024,727937,YAHOO_FINANCE_VIA_YFINANCE
2026-06-03,AXISBANK,AXISBANK.NS,1254.232666,1255.199951,7953326,YAHOO_FINANCE_VIA_YFINANCE
2026-06-03,BAJFINANCE,BAJFINANCE.NS,871.4430542,876.7999878,14747769,YAHOO_FINANCE_VIA_YFINANCE
2026-06-03,BALKRISIND,BALKRISIND.NS,2192.771484,2200.399902,111771,YAHOO_FINANCE_VIA_YFINANCE
2026-06-03,BANKBARODA,BANKBARODA.NS,260.4267578,268.8500061,17903043,YAHOO_FINANCE_VIA_YFINANCE
2026-06-03,BANKNIFTY,^NSEBANK,54185.94922,54185.94922,339100,YAHOO_FINANCE_VIA_YFINANCE
2026-06-03,BEL,BEL.NS,406.0487671,406.6000061,6626958,YAHOO_FINANCE_VIA_YFINANCE
2026-06-03,BHARTIARTL,BHARTIARTL.NS,1801.428589,1824.099976,5832363,YAHOO_FINANCE_VIA_YFINANCE
2026-06-03,CIPLA,CIPLA.NS,1362.418335,1375.199951,1520395,YAHOO_FINANCE_VIA_YFINANCE
2026-06-03,COFORGE,COFORGE.NS,1414.351562,1420.900024,4844251,YAHOO_FINANCE_VIA_YFINANCE
2026-06-03,CROMPTON,CROMPTON.NS,269.4099426,272.6499939,1201742,YAHOO_FINANCE_VIA_YFINANCE
2026-06-03,CUMMINSIND,CUMMINSIND.NS,5645.67334,5692.5,384967,YAHOO_FINANCE_VIA_YFINANCE
2026-06-03,DEEPAKNTR,DEEPAKNTR.NS,1691.175781,1698.900024,87044,YAHOO_FINANCE_VIA_YFINANCE
2026-06-03,DIXON,DIXON.NS,11227,11227,524162,YAHOO_FINANCE_VIA_YFINANCE
2026-06-03,DRREDDY,DRREDDY.NS,1255.339111,1263.300049,1226407,YAHOO_FINANCE_VIA_YFINANCE
2026-06-03,ESCORTS,ESCORTS.NS,2734.063232,2765,97842,YAHOO_FINANCE_VIA_YFINANCE
2026-06-03,FEDERALBNK,FEDERALBNK.NS,300.0249939,301.0499878,15946881,YAHOO_FINANCE_VIA_YFINANCE
2026-06-03,HAL,HAL.NS,4255.477051,4264.100098,1122282,YAHOO_FINANCE_VIA_YFINANCE
2026-06-03,HDFCBANK,HDFCBANK.NS,741.3878784,753.6500244,36109480,YAHOO_FINANCE_VIA_YFINANCE
2026-06-03,HINDUNILVR,HINDUNILVR.NS,2069.549561,2090.600098,1544973,YAHOO_FINANCE_VIA_YFINANCE
2026-06-03,ICICIBANK,ICICIBANK.NS,1231.616821,1242,13934754,YAHOO_FINANCE_VIA_YFINANCE
2026-06-03,IDFCFIRSTB,IDFCFIRSTB.NS,71.56974792,71.77999878,23974665,YAHOO_FINANCE_VIA_YFINANCE
2026-06-03,INDUSINDBK,INDUSINDBK.NS,898.494751,899.9500122,2302274,YAHOO_FINANCE_VIA_YFINANCE
2026-06-03,INFY,INFY.NS,1196.703979,1222.599976,18534303,YAHOO_FINANCE_VIA_YFINANCE
2026-06-03,KAYNES,KAYNES.NS,3214.399902,3214.399902,900927,YAHOO_FINANCE_VIA_YFINANCE
2026-06-03,KEI,KEI.NS,5222,5222,265111,YAHOO_FINANCE_VIA_YFINANCE
2026-06-03,KOTAKBANK,KOTAKBANK.NS,380.3433533,381,14844206,YAHOO_FINANCE_VIA_YFINANCE
2026-06-03,KPITTECH,KPITTECH.NS,767.7670288,774.25,2235273,YAHOO_FINANCE_VIA_YFINANCE
2026-06-03,LALPATHLAB,LALPATHLAB.NS,1561.658813,1569.599976,108328,YAHOO_FINANCE_VIA_YFINANCE
2026-06-03,LT,LT.NS,3953.199951,3953.199951,1872929,YAHOO_FINANCE_VIA_YFINANCE
2026-06-03,M&M,M&M.NS,2979.807617,3011.100098,3110137,YAHOO_FINANCE_VIA_YFINANCE
2026-06-03,MARUTI,MARUTI.NS,12914.30078,13044,607808,YAHOO_FINANCE_VIA_YFINANCE
2026-06-03,MAXHEALTH,MAXHEALTH.NS,963.8370972,965.5499878,2609191,YAHOO_FINANCE_VIA_YFINANCE
2026-06-03,NIFTY,^NSEI,23405.59961,23405.59961,450100,YAHOO_FINANCE_VIA_YFINANCE
2026-06-03,PERSISTENT,PERSISTENT.NS,5079.856445,5097.5,768497,YAHOO_FINANCE_VIA_YFINANCE
2026-06-03,PIIND,PIIND.NS,2728.506592,2738.300049,305817,YAHOO_FINANCE_VIA_YFINANCE
2026-06-03,POLYCAB,POLYCAB.NS,9526.299805,9571.5,162922,YAHOO_FINANCE_VIA_YFINANCE
2026-06-03,RELIANCE,RELIANCE.NS,1307.15625,1313.199951,20012293,YAHOO_FINANCE_VIA_YFINANCE
2026-06-03,SBIN,SBIN.NS,970.4500122,970.4500122,27947005,YAHOO_FINANCE_VIA_YFINANCE
2026-06-03,SIEMENS,SIEMENS.NS,3691.460205,3709.600098,464320,YAHOO_FINANCE_VIA_YFINANCE
2026-06-03,SUNPHARMA,SUNPHARMA.NS,1783.824951,1788.5,4209769,YAHOO_FINANCE_VIA_YFINANCE
2026-06-03,SUPREMEIND,SUPREMEIND.NS,3547.812256,3572.899902,67033,YAHOO_FINANCE_VIA_YFINANCE
2026-06-03,TATAMOTORS,TMPV.NS,394.8743896,398.1499939,8638483,YAHOO_FINANCE_VIA_YFINANCE
2026-06-03,TCS,TCS.NS,2229.47583,2241.699951,15660062,YAHOO_FINANCE_VIA_YFINANCE
2026-06-03,TITAN,TITAN.NS,4075.427246,4088.800049,959352,YAHOO_FINANCE_VIA_YFINANCE
2026-06-03,TRENT,TRENT.NS,2834.211914,2838.399902,817263,YAHOO_FINANCE_VIA_YFINANCE
2026-06-03,ULTRACEMCO,ULTRACEMCO.NS,10878.94336,11101,412934,YAHOO_FINANCE_VIA_YFINANCE
2026-06-03,VOLTAS,VOLTAS.NS,1231.132446,1235,562073,YAHOO_FINANCE_VIA_YFINANCE
2026-06-04,ABB,ABB.NS,7072.736816,7156,298566,YAHOO_FINANCE_VIA_YFINANCE
2026-06-04,APLAPOLLO,APLAPOLLO.NS,1808.400024,1808.400024,858119,YAHOO_FINANCE_VIA_YFINANCE
2026-06-04,APOLLOHOSP,APOLLOHOSP.NS,8239.408203,8249,345278,YAHOO_FINANCE_VIA_YFINANCE
2026-06-04,ASIANPAINT,ASIANPAINT.NS,2638.706787,2661.600098,1840743,YAHOO_FINANCE_VIA_YFINANCE
2026-06-04,ASTRAL,ASTRAL.NS,1546.867065,1549.300049,641252,YAHOO_FINANCE_VIA_YFINANCE
2026-06-04,AXISBANK,AXISBANK.NS,1252.334229,1253.300049,6392593,YAHOO_FINANCE_VIA_YFINANCE
2026-06-04,BAJFINANCE,BAJFINANCE.NS,869.0577393,874.4000244,9676279,YAHOO_FINANCE_VIA_YFINANCE
2026-06-04,BALKRISIND,BALKRISIND.NS,2184.301025,2191.899902,141678,YAHOO_FINANCE_VIA_YFINANCE
2026-06-04,BANKBARODA,BANKBARODA.NS,262.7999878,271.2999878,16143314,YAHOO_FINANCE_VIA_YFINANCE
2026-06-04,BANKNIFTY,^NSEBANK,54307.85156,54307.85156,273700,YAHOO_FINANCE_VIA_YFINANCE
2026-06-04,BEL,BEL.NS,409.3442993,409.8999939,9119774,YAHOO_FINANCE_VIA_YFINANCE
2026-06-04,BHARTIARTL,BHARTIARTL.NS,1796.293213,1818.900024,6735759,YAHOO_FINANCE_VIA_YFINANCE
2026-06-04,CIPLA,CIPLA.NS,1385.699951,1398.699951,1548692,YAHOO_FINANCE_VIA_YFINANCE
2026-06-04,COFORGE,COFORGE.NS,1429.879639,1436.5,2111985,YAHOO_FINANCE_VIA_YFINANCE
2026-06-04,CROMPTON,CROMPTON.NS,266.0997314,269.2999878,4315290,YAHOO_FINANCE_VIA_YFINANCE
2026-06-04,CUMMINSIND,CUMMINSIND.NS,5739.891602,5787.5,502845,YAHOO_FINANCE_VIA_YFINANCE
2026-06-04,DEEPAKNTR,DEEPAKNTR.NS,1669.07666,1676.699951,35584,YAHOO_FINANCE_VIA_YFINANCE
2026-06-04,DIXON,DIXON.NS,11488,11488,518693,YAHOO_FINANCE_VIA_YFINANCE
2026-06-04,DRREDDY,DRREDDY.NS,1259.512573,1267.5,944045,YAHOO_FINANCE_VIA_YFINANCE
2026-06-04,ESCORTS,ESCORTS.NS,2720.318848,2751.100098,78819,YAHOO_FINANCE_VIA_YFINANCE
2026-06-04,FEDERALBNK,FEDERALBNK.NS,299.0782471,300.1000061,11947303,YAHOO_FINANCE_VIA_YFINANCE
2026-06-04,HAL,HAL.NS,4182.524902,4191,718095,YAHOO_FINANCE_VIA_YFINANCE
2026-06-04,HDFCBANK,HDFCBANK.NS,741.928894,754.2000122,42673538,YAHOO_FINANCE_VIA_YFINANCE
2026-06-04,HINDUNILVR,HINDUNILVR.NS,2058.462158,2079.399902,2142735,YAHOO_FINANCE_VIA_YFINANCE
2026-06-04,ICICIBANK,ICICIBANK.NS,1241.235718,1251.699951,19461560,YAHOO_FINANCE_VIA_YFINANCE
2026-06-04,IDFCFIRSTB,IDFCFIRSTB.NS,71.94863892,72.16000366,19743553,YAHOO_FINANCE_VIA_YFINANCE
2026-06-04,INDUSINDBK,INDUSINDBK.NS,901.7394409,903.2000122,1798199,YAHOO_FINANCE_VIA_YFINANCE
2026-06-04,INFY,INFY.NS,1175.855225,1201.300049,12755957,YAHOO_FINANCE_VIA_YFINANCE
2026-06-04,KAYNES,KAYNES.NS,3190.5,3190.5,653937,YAHOO_FINANCE_VIA_YFINANCE
2026-06-04,KEI,KEI.NS,5296,5296,201738,YAHOO_FINANCE_VIA_YFINANCE
2026-06-04,KOTAKBANK,KOTAKBANK.NS,380.8424988,381.5,13889236,YAHOO_FINANCE_VIA_YFINANCE
2026-06-04,KPITTECH,KPITTECH.NS,766.5275269,773,758769,YAHOO_FINANCE_VIA_YFINANCE
2026-06-04,LALPATHLAB,LALPATHLAB.NS,1553.301392,1561.199951,183231,YAHOO_FINANCE_VIA_YFINANCE
2026-06-04,LT,LT.NS,3942.100098,3942.100098,1398297,YAHOO_FINANCE_VIA_YFINANCE
2026-06-04,M&M,M&M.NS,2984.755615,3016.100098,2788572,YAHOO_FINANCE_VIA_YFINANCE
2026-06-04,MARUTI,MARUTI.NS,12934.10254,13064,465070,YAHOO_FINANCE_VIA_YFINANCE
2026-06-04,MAXHEALTH,MAXHEALTH.NS,964.4859619,966.2000122,1513891,YAHOO_FINANCE_VIA_YFINANCE
2026-06-04,NIFTY,^NSEI,23416.55078,23416.55078,412500,YAHOO_FINANCE_VIA_YFINANCE
2026-06-04,PERSISTENT,PERSISTENT.NS,5103.773438,5121.5,380369,YAHOO_FINANCE_VIA_YFINANCE
2026-06-04,PIIND,PIIND.NS,2697.81665,2707.5,360916,YAHOO_FINANCE_VIA_YFINANCE
2026-06-04,POLYCAB,POLYCAB.NS,9671.610352,9717.5,259390,YAHOO_FINANCE_VIA_YFINANCE
2026-06-04,RELIANCE,RELIANCE.NS,1297.699951,1303.699951,23474327,YAHOO_FINANCE_VIA_YFINANCE
2026-06-04,SBIN,SBIN.NS,979.25,979.25,18875883,YAHOO_FINANCE_VIA_YFINANCE
2026-06-04,SIEMENS,SIEMENS.NS,3668.871094,3686.899902,341821,YAHOO_FINANCE_VIA_YFINANCE
2026-06-04,SUNPHARMA,SUNPHARMA.NS,1775.446899,1780.099976,2343536,YAHOO_FINANCE_VIA_YFINANCE
2026-06-04,SUPREMEIND,SUPREMEIND.NS,3617.221436,3642.800049,204194,YAHOO_FINANCE_VIA_YFINANCE
2026-06-04,TATAMOTORS,TMPV.NS,396.4116516,399.7000122,12067304,YAHOO_FINANCE_VIA_YFINANCE
2026-06-04,TCS,TCS.NS,2228.779785,2241,4867263,YAHOO_FINANCE_VIA_YFINANCE
2026-06-04,TITAN,TITAN.NS,4217.162109,4231,1761933,YAHOO_FINANCE_VIA_YFINANCE
2026-06-04,TRENT,TRENT.NS,2833.413086,2837.600098,1567328,YAHOO_FINANCE_VIA_YFINANCE
2026-06-04,ULTRACEMCO,ULTRACEMCO.NS,10777.02344,10997,541327,YAHOO_FINANCE_VIA_YFINANCE
2026-06-04,VOLTAS,VOLTAS.NS,1282.471191,1286.5,3317048,YAHOO_FINANCE_VIA_YFINANCE
2026-06-05,ABB,ABB.NS,7084.103027,7167.5,249982,YAHOO_FINANCE_VIA_YFINANCE
2026-06-05,APLAPOLLO,APLAPOLLO.NS,1822.599976,1822.599976,985798,YAHOO_FINANCE_VIA_YFINANCE
2026-06-05,APOLLOHOSP,APOLLOHOSP.NS,8294.84375,8304.5,187969,YAHOO_FINANCE_VIA_YFINANCE
2026-06-05,ASIANPAINT,ASIANPAINT.NS,2663.590576,2686.699951,1615011,YAHOO_FINANCE_VIA_YFINANCE
2026-06-05,ASTRAL,ASTRAL.NS,1516.415039,1518.800049,391870,YAHOO_FINANCE_VIA_YFINANCE
2026-06-05,AXISBANK,AXISBANK.NS,1271.31958,1272.300049,7825303,YAHOO_FINANCE_VIA_YFINANCE
2026-06-05,BAJFINANCE,BAJFINANCE.NS,883.9661255,889.4000244,13274646,YAHOO_FINANCE_VIA_YFINANCE
2026-06-05,BALKRISIND,BALKRISIND.NS,2134.573975,2142,196497,YAHOO_FINANCE_VIA_YFINANCE
2026-06-05,BANKBARODA,BANKBARODA.NS,263.7000122,263.7000122,23279313,YAHOO_FINANCE_VIA_YFINANCE
2026-06-05,BANKNIFTY,^NSEBANK,54496.25,54496.25,369000,YAHOO_FINANCE_VIA_YFINANCE
2026-06-05,BEL,BEL.NS,407.6466064,408.2000122,11084641,YAHOO_FINANCE_VIA_YFINANCE
2026-06-05,BHARTIARTL,BHARTIARTL.NS,1775.850464,1798.199951,3926715,YAHOO_FINANCE_VIA_YFINANCE
2026-06-05,CIPLA,CIPLA.NS,1401.300049,1401.300049,1050391,YAHOO_FINANCE_VIA_YFINANCE
2026-06-05,COFORGE,COFORGE.NS,1428.884277,1435.5,2525034,YAHOO_FINANCE_VIA_YFINANCE
2026-06-05,CROMPTON,CROMPTON.NS,263.4318542,266.6000061,4744279,YAHOO_FINANCE_VIA_YFINANCE
2026-06-05,CUMMINSIND,CUMMINSIND.NS,5736.42041,5784,381090,YAHOO_FINANCE_VIA_YFINANCE
2026-06-05,DEEPAKNTR,DEEPAKNTR.NS,1672.461304,1680.099976,58651,YAHOO_FINANCE_VIA_YFINANCE
2026-06-05,DIXON,DIXON.NS,11432,11432,378237,YAHOO_FINANCE_VIA_YFINANCE
2026-06-05,DRREDDY,DRREDDY.NS,1270.145142,1278.199951,774687,YAHOO_FINANCE_VIA_YFINANCE
2026-06-05,ESCORTS,ESCORTS.NS,2750.378418,2781.5,112142,YAHOO_FINANCE_VIA_YFINANCE
2026-06-05,FEDERALBNK,FEDERALBNK.NS,303.1144409,304.1499939,9322801,YAHOO_FINANCE_VIA_YFINANCE
2026-06-05,HAL,HAL.NS,4208.37207,4216.899902,492608,YAHOO_FINANCE_VIA_YFINANCE
2026-06-05,HDFCBANK,HDFCBANK.NS,734.8952026,747.0499878,22116568,YAHOO_FINANCE_VIA_YFINANCE
2026-06-05,HINDUNILVR,HINDUNILVR.NS,2100.138428,2121.5,1822999,YAHOO_FINANCE_VIA_YFINANCE
2026-06-05,ICICIBANK,ICICIBANK.NS,1251.548828,1262.099976,10166393,YAHOO_FINANCE_VIA_YFINANCE
2026-06-05,IDFCFIRSTB,IDFCFIRSTB.NS,72.13807678,72.34999847,28670926,YAHOO_FINANCE_VIA_YFINANCE
2026-06-05,INDUSINDBK,INDUSINDBK.NS,903.336853,904.7999878,1890312,YAHOO_FINANCE_VIA_YFINANCE
2026-06-05,INFY,INFY.NS,1172.135742,1197.5,8692290,YAHOO_FINANCE_VIA_YFINANCE
2026-06-05,KAYNES,KAYNES.NS,3121.800049,3121.800049,756455,YAHOO_FINANCE_VIA_YFINANCE
2026-06-05,KEI,KEI.NS,5335.5,5335.5,203971,YAHOO_FINANCE_VIA_YFINANCE
2026-06-05,KOTAKBANK,KOTAKBANK.NS,376.7994995,377.4500122,10129597,YAHOO_FINANCE_VIA_YFINANCE
2026-06-05,KPITTECH,KPITTECH.NS,771.2872925,777.7999878,848126,YAHOO_FINANCE_VIA_YFINANCE
2026-06-05,LALPATHLAB,LALPATHLAB.NS,1529.12439,1536.900024,228362,YAHOO_FINANCE_VIA_YFINANCE
2026-06-05,LT,LT.NS,3953.199951,3953.199951,1278243,YAHOO_FINANCE_VIA_YFINANCE
2026-06-05,M&M,M&M.NS,3008.9021,3040.5,1685633,YAHOO_FINANCE_VIA_YFINANCE
2026-06-05,MARUTI,MARUTI.NS,12920.24121,13050,295703,YAHOO_FINANCE_VIA_YFINANCE
2026-06-05,MAXHEALTH,MAXHEALTH.NS,975.5163574,977.25,1317243,YAHOO_FINANCE_VIA_YFINANCE
2026-06-05,NIFTY,^NSEI,23366.69922,23366.69922,366200,YAHOO_FINANCE_VIA_YFINANCE
2026-06-05,PERSISTENT,PERSISTENT.NS,5021.061035,5038.5,423726,YAHOO_FINANCE_VIA_YFINANCE
2026-06-05,PIIND,PIIND.NS,2708.179199,2717.899902,100881,YAHOO_FINANCE_VIA_YFINANCE
2026-06-05,POLYCAB,POLYCAB.NS,9653.197266,9699,256030,YAHOO_FINANCE_VIA_YFINANCE
2026-06-05,RELIANCE,RELIANCE.NS,1291,1291,17785223,YAHOO_FINANCE_VIA_YFINANCE
2026-06-05,SBIN,SBIN.NS,977.7000122,977.7000122,20955539,YAHOO_FINANCE_VIA_YFINANCE
2026-06-05,SIEMENS,SIEMENS.NS,3682.703369,3700.800049,343897,YAHOO_FINANCE_VIA_YFINANCE
2026-06-05,SUNPHARMA,SUNPHARMA.NS,1777.541382,1782.199951,2495159,YAHOO_FINANCE_VIA_YFINANCE
2026-06-05,SUPREMEIND,SUPREMEIND.NS,3576.708008,3602,133176,YAHOO_FINANCE_VIA_YFINANCE
2026-06-05,TATAMOTORS,TMPV.NS,394.5272522,397.7999878,9554051,YAHOO_FINANCE_VIA_YFINANCE
2026-06-05,TCS,TCS.NS,2186.90918,2198.899902,5019717,YAHOO_FINANCE_VIA_YFINANCE
2026-06-05,TITAN,TITAN.NS,4246.26709,4260.200195,1390200,YAHOO_FINANCE_VIA_YFINANCE
2026-06-05,TRENT,TRENT.NS,2770.106689,2774.199951,1346639,YAHOO_FINANCE_VIA_YFINANCE
2026-06-05,ULTRACEMCO,ULTRACEMCO.NS,10693.72363,10912,424664,YAHOO_FINANCE_VIA_YFINANCE
2026-06-05,VOLTAS,VOLTAS.NS,1294.234253,1298.300049,1415362,YAHOO_FINANCE_VIA_YFINANCE
2026-06-08,ABB,ABB.NS,6877.040527,6958,240753,YAHOO_FINANCE_VIA_YFINANCE
2026-06-08,APLAPOLLO,APLAPOLLO.NS,1817.699951,1817.699951,996223,YAHOO_FINANCE_VIA_YFINANCE
2026-06-08,APOLLOHOSP,APOLLOHOSP.NS,8348.78125,8358.5,539009,YAHOO_FINANCE_VIA_YFINANCE
2026-06-08,ASIANPAINT,ASIANPAINT.NS,2636.327148,2659.199951,1262904,YAHOO_FINANCE_VIA_YFINANCE
2026-06-08,ASTRAL,ASTRAL.NS,1508.826904,1511.199951,339220,YAHOO_FINANCE_VIA_YFINANCE
2026-06-08,AXISBANK,AXISBANK.NS,1267.122681,1268.099976,5034388,YAHOO_FINANCE_VIA_YFINANCE
2026-06-08,BAJFINANCE,BAJFINANCE.NS,865.777832,871.0999756,6203084,YAHOO_FINANCE_VIA_YFINANCE
2026-06-08,BALKRISIND,BALKRISIND.NS,2087.338379,2094.600098,98814,YAHOO_FINANCE_VIA_YFINANCE
2026-06-08,BANKBARODA,BANKBARODA.NS,259.25,259.25,11172071,YAHOO_FINANCE_VIA_YFINANCE
2026-06-08,BANKNIFTY,^NSEBANK,54063.75,54063.75,299400,YAHOO_FINANCE_VIA_YFINANCE
2026-06-08,BEL,BEL.NS,412.3901672,412.9500122,12017495,YAHOO_FINANCE_VIA_YFINANCE
2026-06-08,BHARTIARTL,BHARTIARTL.NS,1790.762817,1813.300049,6324919,YAHOO_FINANCE_VIA_YFINANCE
2026-06-08,CIPLA,CIPLA.NS,1387.900024,1387.900024,669481,YAHOO_FINANCE_VIA_YFINANCE
2026-06-08,COFORGE,COFORGE.NS,1414.550537,1421.099976,2143995,YAHOO_FINANCE_VIA_YFINANCE
2026-06-08,CROMPTON,CROMPTON.NS,253.8471069,256.8999939,1586530,YAHOO_FINANCE_VIA_YFINANCE
2026-06-08,CUMMINSIND,CUMMINSIND.NS,5564.347656,5610.5,483842,YAHOO_FINANCE_VIA_YFINANCE
2026-06-08,DEEPAKNTR,DEEPAKNTR.NS,1657.230957,1664.800049,84762,YAHOO_FINANCE_VIA_YFINANCE
2026-06-08,DIXON,DIXON.NS,11392,11392,292194,YAHOO_FINANCE_VIA_YFINANCE
2026-06-08,DRREDDY,DRREDDY.NS,1267.561523,1275.599976,862999,YAHOO_FINANCE_VIA_YFINANCE
2026-06-08,ESCORTS,ESCORTS.NS,2767.385986,2798.699951,116022,YAHOO_FINANCE_VIA_YFINANCE
2026-06-08,FEDERALBNK,FEDERALBNK.NS,303.5629272,304.6000061,12112735,YAHOO_FINANCE_VIA_YFINANCE
2026-06-08,HAL,HAL.NS,4229.429688,4238,719608,YAHOO_FINANCE_VIA_YFINANCE
2026-06-08,HDFCBANK,HDFCBANK.NS,726.631958,738.6500244,21550700,YAHOO_FINANCE_VIA_YFINANCE
2026-06-08,HINDUNILVR,HINDUNILVR.NS,2088.853271,2110.100098,1601497,YAHOO_FINANCE_VIA_YFINANCE
2026-06-08,ICICIBANK,ICICIBANK.NS,1239.748291,1250.199951,10714196,YAHOO_FINANCE_VIA_YFINANCE
2026-06-08,IDFCFIRSTB,IDFCFIRSTB.NS,71.22077179,71.43000031,33430683,YAHOO_FINANCE_VIA_YFINANCE
2026-06-08,INDUSINDBK,INDUSINDBK.NS,893.6026001,895.0499878,1864831,YAHOO_FINANCE_VIA_YFINANCE
2026-06-08,INFY,INFY.NS,1162.445312,1187.599976,8631711,YAHOO_FINANCE_VIA_YFINANCE
2026-06-08,KAYNES,KAYNES.NS,3027.5,3027.5,749468,YAHOO_FINANCE_VIA_YFINANCE
2026-06-08,KEI,KEI.NS,5148,5148,188537,YAHOO_FINANCE_VIA_YFINANCE
2026-06-08,KOTAKBANK,KOTAKBANK.NS,376.4500732,377.1000061,14460894,YAHOO_FINANCE_VIA_YFINANCE
2026-06-08,KPITTECH,KPITTECH.NS,748.975708,755.2999878,901646,YAHOO_FINANCE_VIA_YFINANCE
2026-06-08,LALPATHLAB,LALPATHLAB.NS,1538.078857,1545.900024,342382,YAHOO_FINANCE_VIA_YFINANCE
2026-06-08,LT,LT.NS,3875.5,3875.5,1678709,YAHOO_FINANCE_VIA_YFINANCE
2026-06-08,M&M,M&M.NS,2935.17627,2966,2415904,YAHOO_FINANCE_VIA_YFINANCE
2026-06-08,MARUTI,MARUTI.NS,12783.61328,12912,372902,YAHOO_FINANCE_VIA_YFINANCE
2026-06-08,MAXHEALTH,MAXHEALTH.NS,1005.662781,1007.450012,5444557,YAHOO_FINANCE_VIA_YFINANCE
2026-06-08,NIFTY,^NSEI,23123,23123,375700,YAHOO_FINANCE_VIA_YFINANCE
2026-06-08,PERSISTENT,PERSISTENT.NS,5047.469238,5065,396122,YAHOO_FINANCE_VIA_YFINANCE
2026-06-08,PIIND,PIIND.NS,2671.212158,2680.800049,209228,YAHOO_FINANCE_VIA_YFINANCE
2026-06-08,POLYCAB,POLYCAB.NS,9450.161133,9495,199100,YAHOO_FINANCE_VIA_YFINANCE
2026-06-08,RELIANCE,RELIANCE.NS,1263.300049,1263.300049,16494759,YAHOO_FINANCE_VIA_YFINANCE
2026-06-08,SBIN,SBIN.NS,981.9500122,981.9500122,12895416,YAHOO_FINANCE_VIA_YFINANCE
2026-06-08,SIEMENS,SIEMENS.NS,3606.278809,3624,449233,YAHOO_FINANCE_VIA_YFINANCE
2026-06-08,SUNPHARMA,SUNPHARMA.NS,1784.124146,1788.800049,3098542,YAHOO_FINANCE_VIA_YFINANCE
2026-06-08,SUPREMEIND,SUPREMEIND.NS,3466.58667,3491.100098,134628,YAHOO_FINANCE_VIA_YFINANCE
2026-06-08,TATAMOTORS,TMPV.NS,385.7996826,389,7585986,YAHOO_FINANCE_VIA_YFINANCE
2026-06-08,TCS,TCS.NS,2139.668213,2151.399902,6536734,YAHOO_FINANCE_VIA_YFINANCE
2026-06-08,TITAN,TITAN.NS,4178.688477,4192.399902,666737,YAHOO_FINANCE_VIA_YFINANCE
2026-06-08,TRENT,TRENT.NS,2720.080566,2724.100098,954677,YAHOO_FINANCE_VIA_YFINANCE
2026-06-08,ULTRACEMCO,ULTRACEMCO.NS,10579.06445,10795,285585,YAHOO_FINANCE_VIA_YFINANCE
2026-06-08,VOLTAS,VOLTAS.NS,1272.203369,1276.199951,1530639,YAHOO_FINANCE_VIA_YFINANCE
2026-06-09,ABB,ABB.NS,6850.35498,6931,254364,YAHOO_FINANCE_VIA_YFINANCE
2026-06-09,APLAPOLLO,APLAPOLLO.NS,1799,1799,379643,YAHOO_FINANCE_VIA_YFINANCE
2026-06-09,APOLLOHOSP,APOLLOHOSP.NS,8514.088867,8524,818210,YAHOO_FINANCE_VIA_YFINANCE
2026-06-09,ASIANPAINT,ASIANPAINT.NS,2684.806641,2708.100098,1416560,YAHOO_FINANCE_VIA_YFINANCE
2026-06-09,ASTRAL,ASTRAL.NS,1523.603638,1526,360987,YAHOO_FINANCE_VIA_YFINANCE
2026-06-09,AXISBANK,AXISBANK.NS,1291.404053,1292.400024,7533504,YAHOO_FINANCE_VIA_YFINANCE
2026-06-09,BAJFINANCE,BAJFINANCE.NS,881.4813843,886.9000244,9183355,YAHOO_FINANCE_VIA_YFINANCE
2026-06-09,BALKRISIND,BALKRISIND.NS,2120.423096,2127.800049,64424,YAHOO_FINANCE_VIA_YFINANCE
2026-06-09,BANKBARODA,BANKBARODA.NS,273.75,273.75,32633870,YAHOO_FINANCE_VIA_YFINANCE
2026-06-09,BANKNIFTY,^NSEBANK,55194.5,55194.5,409700,YAHOO_FINANCE_VIA_YFINANCE
2026-06-09,BEL,BEL.NS,411.4913635,412.0499878,10996007,YAHOO_FINANCE_VIA_YFINANCE
2026-06-09,BHARTIARTL,BHARTIARTL.NS,1776.640503,1799,10377475,YAHOO_FINANCE_VIA_YFINANCE
2026-06-09,CIPLA,CIPLA.NS,1376.5,1376.5,1419845,YAHOO_FINANCE_VIA_YFINANCE
2026-06-09,COFORGE,COFORGE.NS,1405.492554,1412,1845056,YAHOO_FINANCE_VIA_YFINANCE
2026-06-09,CROMPTON,CROMPTON.NS,257.35495,260.4500122,1823528,YAHOO_FINANCE_VIA_YFINANCE
2026-06-09,CUMMINSIND,CUMMINSIND.NS,5579.224609,5625.5,485174,YAHOO_FINANCE_VIA_YFINANCE
2026-06-09,DEEPAKNTR,DEEPAKNTR.NS,1670.669556,1678.300049,74996,YAHOO_FINANCE_VIA_YFINANCE
2026-06-09,DIXON,DIXON.NS,11611,11611,298170,YAHOO_FINANCE_VIA_YFINANCE
2026-06-09,DRREDDY,DRREDDY.NS,1260.506348,1268.5,871896,YAHOO_FINANCE_VIA_YFINANCE
2026-06-09,ESCORTS,ESCORTS.NS,2758.684326,2789.899902,97353,YAHOO_FINANCE_VIA_YFINANCE
2026-06-09,FEDERALBNK,FEDERALBNK.NS,314.0271606,315.1000061,14386417,YAHOO_FINANCE_VIA_YFINANCE
2026-06-09,HAL,HAL.NS,4255.177246,4263.799805,662719,YAHOO_FINANCE_VIA_YFINANCE
2026-06-09,HDFCBANK,HDFCBANK.NS,726.336792,738.3499756,38539563,YAHOO_FINANCE_VIA_YFINANCE
2026-06-09,HINDUNILVR,HINDUNILVR.NS,2111.324707,2132.800049,1460636,YAHOO_FINANCE_VIA_YFINANCE
2026-06-09,ICICIBANK,ICICIBANK.NS,1264.340942,1275,22368579,YAHOO_FINANCE_VIA_YFINANCE
2026-06-09,IDFCFIRSTB,IDFCFIRSTB.NS,73.47415924,73.69000244,42291787,YAHOO_FINANCE_VIA_YFINANCE
2026-06-09,INDUSINDBK,INDUSINDBK.NS,921.3077393,922.7999878,1694676,YAHOO_FINANCE_VIA_YFINANCE
2026-06-09,INFY,INFY.NS,1155.300049,1180.300049,10984054,YAHOO_FINANCE_VIA_YFINANCE
2026-06-09,KAYNES,KAYNES.NS,3072.800049,3072.800049,401079,YAHOO_FINANCE_VIA_YFINANCE
2026-06-09,KEI,KEI.NS,5281,5281,204371,YAHOO_FINANCE_VIA_YFINANCE
2026-06-09,KOTAKBANK,KOTAKBANK.NS,381.0421753,381.7000122,13987913,YAHOO_FINANCE_VIA_YFINANCE
2026-06-09,KPITTECH,KPITTECH.NS,749.8186035,756.1500244,683944,YAHOO_FINANCE_VIA_YFINANCE
2026-06-09,LALPATHLAB,LALPATHLAB.NS,1567.827637,1575.800049,126213,YAHOO_FINANCE_VIA_YFINANCE
2026-06-09,LT,LT.NS,3900.600098,3900.600098,1506501,YAHOO_FINANCE_VIA_YFINANCE
2026-06-09,M&M,M&M.NS,2959.025879,2990.100098,2527267,YAHOO_FINANCE_VIA_YFINANCE
2026-06-09,MARUTI,MARUTI.NS,12989.54492,13120,428323,YAHOO_FINANCE_VIA_YFINANCE
2026-06-09,MAXHEALTH,MAXHEALTH.NS,1001.320435,1003.099976,3057440,YAHOO_FINANCE_VIA_YFINANCE
2026-06-09,NIFTY,^NSEI,23242.09961,23242.09961,402600,YAHOO_FINANCE_VIA_YFINANCE
2026-06-09,PERSISTENT,PERSISTENT.NS,5000.631836,5018,438124,YAHOO_FINANCE_VIA_YFINANCE
2026-06-09,PIIND,PIIND.NS,2856.148193,2866.399902,1648437,YAHOO_FINANCE_VIA_YFINANCE
2026-06-09,POLYCAB,POLYCAB.NS,9570.091797,9615.5,232863,YAHOO_FINANCE_VIA_YFINANCE
2026-06-09,RELIANCE,RELIANCE.NS,1269.199951,1269.199951,23620214,YAHOO_FINANCE_VIA_YFINANCE
2026-06-09,SBIN,SBIN.NS,1002.700012,1002.700012,22142480,YAHOO_FINANCE_VIA_YFINANCE
2026-06-09,SIEMENS,SIEMENS.NS,3602.099365,3619.800049,323100,YAHOO_FINANCE_VIA_YFINANCE
2026-06-09,SUNPHARMA,SUNPHARMA.NS,1774.349731,1779,3756570,YAHOO_FINANCE_VIA_YFINANCE
2026-06-09,SUPREMEIND,SUPREMEIND.NS,3475.126221,3499.699951,260175,YAHOO_FINANCE_VIA_YFINANCE
2026-06-09,TATAMOTORS,TMPV.NS,384.6095276,387.7999878,8550946,YAHOO_FINANCE_VIA_YFINANCE
2026-06-09,TCS,TCS.NS,2139.270508,2151,4148655,YAHOO_FINANCE_VIA_YFINANCE
2026-06-09,TITAN,TITAN.NS,4091.474609,4104.899902,1284964,YAHOO_FINANCE_VIA_YFINANCE
2026-06-09,TRENT,TRENT.NS,2767.210938,2771.300049,1496702,YAHOO_FINANCE_VIA_YFINANCE
2026-06-09,ULTRACEMCO,ULTRACEMCO.NS,10692.74414,10911,257371,YAHOO_FINANCE_VIA_YFINANCE
2026-06-09,VOLTAS,VOLTAS.NS,1300.315186,1304.400024,883516,YAHOO_FINANCE_VIA_YFINANCE
2026-06-10,ABB,ABB.NS,6721.867676,6801,463997,YAHOO_FINANCE_VIA_YFINANCE
2026-06-10,APLAPOLLO,APLAPOLLO.NS,1762.400024,1762.400024,411076,YAHOO_FINANCE_VIA_YFINANCE
2026-06-10,APOLLOHOSP,APOLLOHOSP.NS,8478.629883,8488.5,487815,YAHOO_FINANCE_VIA_YFINANCE
2026-06-10,ASIANPAINT,ASIANPAINT.NS,2691.746582,2715.100098,1395772,YAHOO_FINANCE_VIA_YFINANCE
2026-06-10,ASTRAL,ASTRAL.NS,1499.14209,1501.5,260088,YAHOO_FINANCE_VIA_YFINANCE
2026-06-10,AXISBANK,AXISBANK.NS,1313.487061,1314.5,12262606,YAHOO_FINANCE_VIA_YFINANCE
2026-06-10,BAJFINANCE,BAJFINANCE.NS,878.6984253,884.0999756,6939714,YAHOO_FINANCE_VIA_YFINANCE
2026-06-10,BALKRISIND,BALKRISIND.NS,2075.977783,2083.199951,134815,YAHOO_FINANCE_VIA_YFINANCE
2026-06-10,BANKBARODA,BANKBARODA.NS,269.2999878,269.2999878,11888452,YAHOO_FINANCE_VIA_YFINANCE
2026-06-10,BANKNIFTY,^NSEBANK,55100.30078,55100.30078,343200,YAHOO_FINANCE_VIA_YFINANCE
2026-06-10,BEL,BEL.NS,407.7964172,408.3500061,5371511,YAHOO_FINANCE_VIA_YFINANCE
2026-06-10,BHARTIARTL,BHARTIARTL.NS,1753.136353,1775.199951,7999362,YAHOO_FINANCE_VIA_YFINANCE
2026-06-10,CIPLA,CIPLA.NS,1377,1377,962642,YAHOO_FINANCE_VIA_YFINANCE
2026-06-10,COFORGE,COFORGE.NS,1396.235352,1402.699951,1190652,YAHOO_FINANCE_VIA_YFINANCE
2026-06-10,CROMPTON,CROMPTON.NS,251.6238403,254.6499939,2749733,YAHOO_FINANCE_VIA_YFINANCE
2026-06-10,CUMMINSIND,CUMMINSIND.NS,5563.355957,5609.5,276872,YAHOO_FINANCE_VIA_YFINANCE
2026-06-10,DEEPAKNTR,DEEPAKNTR.NS,1657.131226,1664.699951,69608,YAHOO_FINANCE_VIA_YFINANCE
2026-06-10,DIXON,DIXON.NS,11487,11487,659488,YAHOO_FINANCE_VIA_YFINANCE
2026-06-10,DRREDDY,DRREDDY.NS,1263.686035,1271.699951,1172155,YAHOO_FINANCE_VIA_YFINANCE
2026-06-10,ESCORTS,ESCORTS.NS,2709.936279,2740.600098,116616,YAHOO_FINANCE_VIA_YFINANCE
2026-06-10,FEDERALBNK,FEDERALBNK.NS,310.040802,311.1000061,7015128,YAHOO_FINANCE_VIA_YFINANCE
2026-06-10,HAL,HAL.NS,4210.667969,4219.200195,674281,YAHOO_FINANCE_VIA_YFINANCE
2026-06-10,HDFCBANK,HDFCBANK.NS,734.6984863,746.8499756,44458159,YAHOO_FINANCE_VIA_YFINANCE
2026-06-10,HINDUNILVR,HINDUNILVR.NS,2147.655029,2169.5,2325534,YAHOO_FINANCE_VIA_YFINANCE
2026-06-10,ICICIBANK,ICICIBANK.NS,1282.488037,1293.300049,25951584,YAHOO_FINANCE_VIA_YFINANCE
2026-06-10,IDFCFIRSTB,IDFCFIRSTB.NS,72.77620697,72.98999786,20284845,YAHOO_FINANCE_VIA_YFINANCE
2026-06-10,INDUSINDBK,INDUSINDBK.NS,882.5206299,883.9500122,1993081,YAHOO_FINANCE_VIA_YFINANCE
2026-06-10,INFY,INFY.NS,1145.300049,1145.300049,8887626,YAHOO_FINANCE_VIA_YFINANCE
2026-06-10,KAYNES,KAYNES.NS,3073,3073,454026,YAHOO_FINANCE_VIA_YFINANCE
2026-06-10,KEI,KEI.NS,5166.5,5166.5,152639,YAHOO_FINANCE_VIA_YFINANCE
2026-06-10,KOTAKBANK,KOTAKBANK.NS,387.4311218,388.1000061,21427363,YAHOO_FINANCE_VIA_YFINANCE
2026-06-10,KPITTECH,KPITTECH.NS,726.8128662,732.9500122,700519,YAHOO_FINANCE_VIA_YFINANCE
2026-06-10,LALPATHLAB,LALPATHLAB.NS,1560.763428,1568.699951,184518,YAHOO_FINANCE_VIA_YFINANCE
2026-06-10,LT,LT.NS,3917.5,3917.5,2033070,YAHOO_FINANCE_VIA_YFINANCE
2026-06-10,M&M,M&M.NS,2921.81665,2952.5,2281551,YAHOO_FINANCE_VIA_YFINANCE
2026-06-10,MARUTI,MARUTI.NS,12943.0127,13073,203885,YAHOO_FINANCE_VIA_YFINANCE
2026-06-10,MAXHEALTH,MAXHEALTH.NS,1008.308044,1010.099976,3028517,YAHOO_FINANCE_VIA_YFINANCE
2026-06-10,NIFTY,^NSEI,23214.94922,23214.94922,380000,YAHOO_FINANCE_VIA_YFINANCE
2026-06-10,PERSISTENT,PERSISTENT.NS,4910.943359,4928,254180,YAHOO_FINANCE_VIA_YFINANCE
2026-06-10,PIIND,PIIND.NS,2797.658203,2807.699951,373601,YAHOO_FINANCE_VIA_YFINANCE
2026-06-10,POLYCAB,POLYCAB.NS,9478.526367,9523.5,391667,YAHOO_FINANCE_VIA_YFINANCE
2026-06-10,RELIANCE,RELIANCE.NS,1258.800049,1258.800049,21012796,YAHOO_FINANCE_VIA_YFINANCE
2026-06-10,SBIN,SBIN.NS,1003.25,1003.25,19122317,YAHOO_FINANCE_VIA_YFINANCE
2026-06-10,SIEMENS,SIEMENS.NS,3565.180664,3582.699951,600841,YAHOO_FINANCE_VIA_YFINANCE
2026-06-10,SUNPHARMA,SUNPHARMA.NS,1781.730469,1786.400024,1882009,YAHOO_FINANCE_VIA_YFINANCE
2026-06-10,SUPREMEIND,SUPREMEIND.NS,3464.004883,3488.5,144420,YAHOO_FINANCE_VIA_YFINANCE
2026-06-10,TATAMOTORS,TMPV.NS,377.865509,381,7251442,YAHOO_FINANCE_VIA_YFINANCE
2026-06-10,TCS,TCS.NS,2142.154541,2153.899902,2848650,YAHOO_FINANCE_VIA_YFINANCE
2026-06-10,TITAN,TITAN.NS,4028.880127,4042.100098,613629,YAHOO_FINANCE_VIA_YFINANCE
2026-06-10,TRENT,TRENT.NS,2750.635254,2754.699951,1588046,YAHOO_FINANCE_VIA_YFINANCE
2026-06-10,ULTRACEMCO,ULTRACEMCO.NS,10648.64355,10866,470400,YAHOO_FINANCE_VIA_YFINANCE
2026-06-10,VOLTAS,VOLTAS.NS,1285.960205,1290,578749,YAHOO_FINANCE_VIA_YFINANCE
2026-06-11,ABB,ABB.NS,6640.821777,6719,262862,YAHOO_FINANCE_VIA_YFINANCE
2026-06-11,APLAPOLLO,APLAPOLLO.NS,1764.099976,1764.099976,473764,YAHOO_FINANCE_VIA_YFINANCE
2026-06-11,APOLLOHOSP,APOLLOHOSP.NS,8483.125,8493,314597,YAHOO_FINANCE_VIA_YFINANCE
2026-06-11,ASIANPAINT,ASIANPAINT.NS,2667.754395,2690.899902,771558,YAHOO_FINANCE_VIA_YFINANCE
2026-06-11,ASTRAL,ASTRAL.NS,1487.859863,1490.199951,297403,YAHOO_FINANCE_VIA_YFINANCE
2026-06-11,AXISBANK,AXISBANK.NS,1316.284912,1317.300049,8196686,YAHOO_FINANCE_VIA_YFINANCE
2026-06-11,BAJFINANCE,BAJFINANCE.NS,865.2312012,870.5499878,5191085,YAHOO_FINANCE_VIA_YFINANCE
2026-06-11,BALKRISIND,BALKRISIND.NS,1967.156372,1974,233996,YAHOO_FINANCE_VIA_YFINANCE
2026-06-11,BANKBARODA,BANKBARODA.NS,267.6000061,267.6000061,21062711,YAHOO_FINANCE_VIA_YFINANCE
2026-06-11,BANKNIFTY,^NSEBANK,55176.75,55176.75,339400,YAHOO_FINANCE_VIA_YFINANCE
2026-06-11,BEL,BEL.NS,401.7545776,402.2999878,6994969,YAHOO_FINANCE_VIA_YFINANCE
2026-06-11,BHARTIARTL,BHARTIARTL.NS,1760.444336,1782.599976,5020731,YAHOO_FINANCE_VIA_YFINANCE
2026-06-11,CIPLA,CIPLA.NS,1383.300049,1383.300049,654474,YAHOO_FINANCE_VIA_YFINANCE
2026-06-11,COFORGE,COFORGE.NS,1387.376465,1393.800049,1646487,YAHOO_FINANCE_VIA_YFINANCE
2026-06-11,CROMPTON,CROMPTON.NS,249.993454,253,1842660,YAHOO_FINANCE_VIA_YFINANCE
2026-06-11,CUMMINSIND,CUMMINSIND.NS,5511.288086,5557,249688,YAHOO_FINANCE_VIA_YFINANCE
2026-06-11,DEEPAKNTR,DEEPAKNTR.NS,1605.069092,1612.400024,49274,YAHOO_FINANCE_VIA_YFINANCE
2026-06-11,DIXON,DIXON.NS,11371,11371,387928,YAHOO_FINANCE_VIA_YFINANCE
2026-06-11,DRREDDY,DRREDDY.NS,1267.958984,1276,1057772,YAHOO_FINANCE_VIA_YFINANCE
2026-06-11,ESCORTS,ESCORTS.NS,2694.213867,2724.699951,180017,YAHOO_FINANCE_VIA_YFINANCE
2026-06-11,FEDERALBNK,FEDERALBNK.NS,308.6953735,309.75,7619065,YAHOO_FINANCE_VIA_YFINANCE
2026-06-11,HAL,HAL.NS,4163.862305,4172.299805,555963,YAHOO_FINANCE_VIA_YFINANCE
2026-06-11,HDFCBANK,HDFCBANK.NS,732.4851074,744.5999756,32632007,YAHOO_FINANCE_VIA_YFINANCE
2026-06-11,HINDUNILVR,HINDUNILVR.NS,2118.25415,2139.800049,1178896,YAHOO_FINANCE_VIA_YFINANCE
2026-06-11,ICICIBANK,ICICIBANK.NS,1305.989868,1317,35919374,YAHOO_FINANCE_VIA_YFINANCE
2026-06-11,IDFCFIRSTB,IDFCFIRSTB.NS,72.7363205,72.94999695,22321129,YAHOO_FINANCE_VIA_YFINANCE
2026-06-11,INDUSINDBK,INDUSINDBK.NS,887.5125122,888.9500122,1768283,YAHOO_FINANCE_VIA_YFINANCE
2026-06-11,INFY,INFY.NS,1114.599976,1114.599976,9372176,YAHOO_FINANCE_VIA_YFINANCE
2026-06-11,KAYNES,KAYNES.NS,3026.899902,3026.899902,533637,YAHOO_FINANCE_VIA_YFINANCE
2026-06-11,KEI,KEI.NS,5181.5,5181.5,275475,YAHOO_FINANCE_VIA_YFINANCE
2026-06-11,KOTAKBANK,KOTAKBANK.NS,392.6720886,393.3500061,16135289,YAHOO_FINANCE_VIA_YFINANCE
2026-06-11,KPITTECH,KPITTECH.NS,730.7297974,736.9000244,764143,YAHOO_FINANCE_VIA_YFINANCE
2026-06-11,LALPATHLAB,LALPATHLAB.NS,1585.43811,1593.5,369662,YAHOO_FINANCE_VIA_YFINANCE
2026-06-11,LT,LT.NS,3862,3862,2224659,YAHOO_FINANCE_VIA_YFINANCE
2026-06-11,M&M,M&M.NS,2969.713379,3000.899902,3177902,YAHOO_FINANCE_VIA_YFINANCE
2026-06-11,MARUTI,MARUTI.NS,12967.76367,13098,308710,YAHOO_FINANCE_VIA_YFINANCE
2026-06-11,MAXHEALTH,MAXHEALTH.NS,1007.80896,1009.599976,1834045,YAHOO_FINANCE_VIA_YFINANCE
2026-06-11,NIFTY,^NSEI,23161.59961,23161.59961,363000,YAHOO_FINANCE_VIA_YFINANCE
2026-06-11,PERSISTENT,PERSISTENT.NS,4857.130371,4874,746944,YAHOO_FINANCE_VIA_YFINANCE
2026-06-11,PIIND,PIIND.NS,2791.181396,2801.199951,250645,YAHOO_FINANCE_VIA_YFINANCE
2026-06-11,POLYCAB,POLYCAB.NS,9327.741211,9372,187312,YAHOO_FINANCE_VIA_YFINANCE
2026-06-11,RELIANCE,RELIANCE.NS,1263,1263,13117486,YAHOO_FINANCE_VIA_YFINANCE
2026-06-11,SBIN,SBIN.NS,1000.700012,1000.700012,13773978,YAHOO_FINANCE_VIA_YFINANCE
2026-06-11,SIEMENS,SIEMENS.NS,3504.777588,3522,249193,YAHOO_FINANCE_VIA_YFINANCE
2026-06-11,SUNPHARMA,SUNPHARMA.NS,1789.51001,1794.199951,1858093,YAHOO_FINANCE_VIA_YFINANCE
2026-06-11,SUPREMEIND,SUPREMEIND.NS,3419.618896,3443.800049,52870,YAHOO_FINANCE_VIA_YFINANCE
2026-06-11,TATAMOTORS,TMPV.NS,372.8074341,375.8999939,6508792,YAHOO_FINANCE_VIA_YFINANCE
2026-06-11,TCS,TCS.NS,2123.95459,2135.600098,3079815,YAHOO_FINANCE_VIA_YFINANCE
2026-06-11,TITAN,TITAN.NS,4012.035156,4025.199951,767665,YAHOO_FINANCE_VIA_YFINANCE
2026-06-11,TRENT,TRENT.NS,2706.899902,2710.899902,980802,YAHOO_FINANCE_VIA_YFINANCE
2026-06-11,ULTRACEMCO,ULTRACEMCO.NS,10613.36426,10830,236130,YAHOO_FINANCE_VIA_YFINANCE
2026-06-11,VOLTAS,VOLTAS.NS,1273.300049,1277.300049,550616,YAHOO_FINANCE_VIA_YFINANCE
2026-06-12,ABB,ABB.NS,6691.722168,6770.5,188800,YAHOO_FINANCE_VIA_YFINANCE
2026-06-12,APLAPOLLO,APLAPOLLO.NS,1817.599976,1817.599976,737749,YAHOO_FINANCE_VIA_YFINANCE
2026-06-12,APOLLOHOSP,APOLLOHOSP.NS,8488.119141,8498,276444,YAHOO_FINANCE_VIA_YFINANCE
2026-06-12,ASIANPAINT,ASIANPAINT.NS,2723.768555,2747.399902,1078025,YAHOO_FINANCE_VIA_YFINANCE
2026-06-12,ASTRAL,ASTRAL.NS,1506.230957,1508.599976,833425,YAHOO_FINANCE_VIA_YFINANCE
2026-06-12,AXISBANK,AXISBANK.NS,1355.254883,1356.300049,8535670,YAHOO_FINANCE_VIA_YFINANCE
2026-06-12,BAJFINANCE,BAJFINANCE.NS,912.6895142,918.2999878,11729668,YAHOO_FINANCE_VIA_YFINANCE
2026-06-12,BALKRISIND,BALKRISIND.NS,2006.12085,2013.099976,158591,YAHOO_FINANCE_VIA_YFINANCE
2026-06-12,BANKBARODA,BANKBARODA.NS,274.75,274.75,27384601,YAHOO_FINANCE_VIA_YFINANCE
2026-06-12,BANKNIFTY,^NSEBANK,56814.80078,56814.80078,337400,YAHOO_FINANCE_VIA_YFINANCE
2026-06-12,BEL,BEL.NS,405.9489136,406.5,8086130,YAHOO_FINANCE_VIA_YFINANCE
2026-06-12,BHARTIARTL,BHARTIARTL.NS,1799.848511,1822.5,5910557,YAHOO_FINANCE_VIA_YFINANCE
2026-06-12,CIPLA,CIPLA.NS,1389.400024,1389.400024,805612,YAHOO_FINANCE_VIA_YFINANCE
2026-06-12,COFORGE,COFORGE.NS,1360.898926,1367.199951,2484998,YAHOO_FINANCE_VIA_YFINANCE
2026-06-12,CROMPTON,CROMPTON.NS,253.1554413,256.2000122,4820290,YAHOO_FINANCE_VIA_YFINANCE
2026-06-12,CUMMINSIND,CUMMINSIND.NS,5575.257324,5621.5,249004,YAHOO_FINANCE_VIA_YFINANCE
2026-06-12,DEEPAKNTR,DEEPAKNTR.NS,1662.307739,1669.900024,121379,YAHOO_FINANCE_VIA_YFINANCE
2026-06-12,DIXON,DIXON.NS,11546,11546,304468,YAHOO_FINANCE_VIA_YFINANCE
2026-06-12,DRREDDY,DRREDDY.NS,1267.362793,1275.400024,1645027,YAHOO_FINANCE_VIA_YFINANCE
2026-06-12,ESCORTS,ESCORTS.NS,2730.503418,2761.399902,56786,YAHOO_FINANCE_VIA_YFINANCE
2026-06-12,FEDERALBNK,FEDERALBNK.NS,314.6251221,315.7000122,9052110,YAHOO_FINANCE_VIA_YFINANCE
2026-06-12,HAL,HAL.NS,4183.821777,4192.299805,693290,YAHOO_FINANCE_VIA_YFINANCE
2026-06-12,HDFCBANK,HDFCBANK.NS,759.881958,772.4500122,36088159,YAHOO_FINANCE_VIA_YFINANCE
2026-06-12,HINDUNILVR,HINDUNILVR.NS,2146.962158,2168.800049,1156153,YAHOO_FINANCE_VIA_YFINANCE
2026-06-12,ICICIBANK,ICICIBANK.NS,1329.590942,1340.800049,18339846,YAHOO_FINANCE_VIA_YFINANCE
2026-06-12,IDFCFIRSTB,IDFCFIRSTB.NS,76.27592468,76.5,47039199,YAHOO_FINANCE_VIA_YFINANCE
2026-06-12,INDUSINDBK,INDUSINDBK.NS,915.8665771,917.3499756,2663666,YAHOO_FINANCE_VIA_YFINANCE
2026-06-12,INFY,INFY.NS,1116.400024,1116.400024,8075333,YAHOO_FINANCE_VIA_YFINANCE
2026-06-12,KAYNES,KAYNES.NS,3076.899902,3076.899902,640605,YAHOO_FINANCE_VIA_YFINANCE
2026-06-12,KEI,KEI.NS,5369.5,5369.5,225909,YAHOO_FINANCE_VIA_YFINANCE
2026-06-12,KOTAKBANK,KOTAKBANK.NS,402.6049194,403.2999878,17227481,YAHOO_FINANCE_VIA_YFINANCE
2026-06-12,KPITTECH,KPITTECH.NS,742.7284546,749,675160,YAHOO_FINANCE_VIA_YFINANCE
2026-06-12,LALPATHLAB,LALPATHLAB.NS,1593.397583,1601.5,192359,YAHOO_FINANCE_VIA_YFINANCE
2026-06-12,LT,LT.NS,4049.300049,4049.300049,3065790,YAHOO_FINANCE_VIA_YFINANCE
2026-06-12,M&M,M&M.NS,3011.276855,3042.899902,3557496,YAHOO_FINANCE_VIA_YFINANCE
2026-06-12,MARUTI,MARUTI.NS,13233.09961,13366,559038,YAHOO_FINANCE_VIA_YFINANCE
2026-06-12,MAXHEALTH,MAXHEALTH.NS,1010.653931,1012.450012,760456,YAHOO_FINANCE_VIA_YFINANCE
2026-06-12,NIFTY,^NSEI,23622.90039,23622.90039,351900,YAHOO_FINANCE_VIA_YFINANCE
2026-06-12,PERSISTENT,PERSISTENT.NS,4794.348145,4811,410246,YAHOO_FINANCE_VIA_YFINANCE
2026-06-12,PIIND,PIIND.NS,2831.536621,2841.699951,415063,YAHOO_FINANCE_VIA_YFINANCE
2026-06-12,POLYCAB,POLYCAB.NS,9508.881836,9554,162406,YAHOO_FINANCE_VIA_YFINANCE
2026-06-12,RELIANCE,RELIANCE.NS,1293,1293,11988785,YAHOO_FINANCE_VIA_YFINANCE
2026-06-12,SBIN,SBIN.NS,1017.150024,1017.150024,11081119,YAHOO_FINANCE_VIA_YFINANCE
2026-06-12,SIEMENS,SIEMENS.NS,3552.144775,3569.600098,223315,YAHOO_FINANCE_VIA_YFINANCE
2026-06-12,SUNPHARMA,SUNPHARMA.NS,1802.974731,1807.699951,1243362,YAHOO_FINANCE_VIA_YFINANCE
2026-06-12,SUPREMEIND,SUPREMEIND.NS,3460.529541,3485,110844,YAHOO_FINANCE_VIA_YFINANCE
2026-06-12,TATAMOTORS,TMPV.NS,386.7914429,390,7787586,YAHOO_FINANCE_VIA_YFINANCE
2026-06-12,TCS,TCS.NS,2149.61377,2161.399902,2124656,YAHOO_FINANCE_VIA_YFINANCE
2026-06-12,TITAN,TITAN.NS,4170.315918,4184,1122271,YAHOO_FINANCE_VIA_YFINANCE
2026-06-12,TRENT,TRENT.NS,2755.300049,2755.300049,583327,YAHOO_FINANCE_VIA_YFINANCE
2026-06-12,ULTRACEMCO,ULTRACEMCO.NS,10894.62305,11117,192524,YAHOO_FINANCE_VIA_YFINANCE
2026-06-12,VOLTAS,VOLTAS.NS,1285.400024,1285.400024,548090,YAHOO_FINANCE_VIA_YFINANCE
2026-06-15,ABB,ABB.NS,6841.953613,6922.5,227935,YAHOO_FINANCE_VIA_YFINANCE
2026-06-15,APLAPOLLO,APLAPOLLO.NS,1833.800049,1833.800049,1936421,YAHOO_FINANCE_VIA_YFINANCE
2026-06-15,APOLLOHOSP,APOLLOHOSP.NS,8458.65332,8468.5,358223,YAHOO_FINANCE_VIA_YFINANCE
2026-06-15,ASIANPAINT,ASIANPAINT.NS,2715.738281,2739.300049,2752021,YAHOO_FINANCE_VIA_YFINANCE
2026-06-15,ASTRAL,ASTRAL.NS,1542.374146,1544.800049,593856,YAHOO_FINANCE_VIA_YFINANCE
2026-06-15,AXISBANK,AXISBANK.NS,1367.245605,1368.300049,7522828,YAHOO_FINANCE_VIA_YFINANCE
2026-06-15,BAJFINANCE,BAJFINANCE.NS,936.5428467,942.2999878,11989428,YAHOO_FINANCE_VIA_YFINANCE
2026-06-15,BALKRISIND,BALKRISIND.NS,2184.898926,2192.5,1031761,YAHOO_FINANCE_VIA_YFINANCE
2026-06-15,BANKBARODA,BANKBARODA.NS,276.0499878,276.0499878,9344475,YAHOO_FINANCE_VIA_YFINANCE
2026-06-15,BANKNIFTY,^NSEBANK,57198.80078,57198.80078,350700,YAHOO_FINANCE_VIA_YFINANCE
2026-06-15,BEL,BEL.NS,408.994751,409.5499878,11500111,YAHOO_FINANCE_VIA_YFINANCE
2026-06-15,BHARTIARTL,BHARTIARTL.NS,1818.31604,1841.199951,5307277,YAHOO_FINANCE_VIA_YFINANCE
2026-06-15,CIPLA,CIPLA.NS,1381.300049,1381.300049,1687655,YAHOO_FINANCE_VIA_YFINANCE
2026-06-15,COFORGE,COFORGE.NS,1396.036255,1402.5,2234241,YAHOO_FINANCE_VIA_YFINANCE
2026-06-15,CROMPTON,CROMPTON.NS,262.8883667,266.0499878,2951333,YAHOO_FINANCE_VIA_YFINANCE
2026-06-15,CUMMINSIND,CUMMINSIND.NS,5706.66748,5754,409781,YAHOO_FINANCE_VIA_YFINANCE
2026-06-15,DEEPAKNTR,DEEPAKNTR.NS,1659.122192,1666.699951,96136,YAHOO_FINANCE_VIA_YFINANCE
2026-06-15,DIXON,DIXON.NS,11957,11957,719320,YAHOO_FINANCE_VIA_YFINANCE
2026-06-15,DRREDDY,DRREDDY.NS,1271.437012,1279.5,1178640,YAHOO_FINANCE_VIA_YFINANCE
2026-06-15,ESCORTS,ESCORTS.NS,2769.759277,2801.100098,211779,YAHOO_FINANCE_VIA_YFINANCE
2026-06-15,FEDERALBNK,FEDERALBNK.NS,316.0203552,317.1000061,8390759,YAHOO_FINANCE_VIA_YFINANCE
2026-06-15,HAL,HAL.NS,4276.035156,4284.700195,1049980,YAHOO_FINANCE_VIA_YFINANCE
2026-06-15,HDFCBANK,HDFCBANK.NS,764.7022095,777.3499756,39990334,YAHOO_FINANCE_VIA_YFINANCE
2026-06-15,HINDUNILVR,HINDUNILVR.NS,2134.390137,2156.100098,1439449,YAHOO_FINANCE_VIA_YFINANCE
2026-06-15,ICICIBANK,ICICIBANK.NS,1316.501221,1327.599976,16172921,YAHOO_FINANCE_VIA_YFINANCE
2026-06-15,IDFCFIRSTB,IDFCFIRSTB.NS,78.10056305,78.33000183,28524089,YAHOO_FINANCE_VIA_YFINANCE
2026-06-15,INDUSINDBK,INDUSINDBK.NS,931.690979,933.2000122,3037001,YAHOO_FINANCE_VIA_YFINANCE
2026-06-15,INFY,INFY.NS,1134.900024,1134.900024,7856192,YAHOO_FINANCE_VIA_YFINANCE
2026-06-15,KAYNES,KAYNES.NS,3082.100098,3082.100098,840372,YAHOO_FINANCE_VIA_YFINANCE
2026-06-15,KEI,KEI.NS,5460.5,5460.5,244814,YAHOO_FINANCE_VIA_YFINANCE
2026-06-15,KOTAKBANK,KOTAKBANK.NS,405.0506897,405.75,14269679,YAHOO_FINANCE_VIA_YFINANCE
2026-06-15,KPITTECH,KPITTECH.NS,750.661499,757,991468,YAHOO_FINANCE_VIA_YFINANCE
2026-06-15,LALPATHLAB,LALPATHLAB.NS,1607.824219,1616,217507,YAHOO_FINANCE_VIA_YFINANCE
2026-06-15,LT,LT.NS,4169.799805,4169.799805,3978153,YAHOO_FINANCE_VIA_YFINANCE
2026-06-15,M&M,M&M.NS,3101.727295,3134.300049,5286854,YAHOO_FINANCE_VIA_YFINANCE
2026-06-15,MARUTI,MARUTI.NS,13667.73438,13805,613280,YAHOO_FINANCE_VIA_YFINANCE
2026-06-15,MAXHEALTH,MAXHEALTH.NS,1027.074707,1028.900024,1311693,YAHOO_FINANCE_VIA_YFINANCE
2026-06-15,NIFTY,^NSEI,23853.90039,23853.90039,398900,YAHOO_FINANCE_VIA_YFINANCE
2026-06-15,PERSISTENT,PERSISTENT.NS,4873.573242,4890.5,519726,YAHOO_FINANCE_VIA_YFINANCE
2026-06-15,PIIND,PIIND.NS,2824.362305,2834.5,238690,YAHOO_FINANCE_VIA_YFINANCE
2026-06-15,POLYCAB,POLYCAB.NS,9510.873047,9556,197986,YAHOO_FINANCE_VIA_YFINANCE
2026-06-15,RELIANCE,RELIANCE.NS,1307,1307,18633321,YAHOO_FINANCE_VIA_YFINANCE
2026-06-15,SBIN,SBIN.NS,1020.849976,1020.849976,12463437,YAHOO_FINANCE_VIA_YFINANCE
2026-06-15,SIEMENS,SIEMENS.NS,3584.187256,3601.800049,367596,YAHOO_FINANCE_VIA_YFINANCE
2026-06-15,SUNPHARMA,SUNPHARMA.NS,1801.279175,1806,2188933,YAHOO_FINANCE_VIA_YFINANCE
2026-06-15,SUPREMEIND,SUPREMEIND.NS,3525.072998,3550,154908,YAHOO_FINANCE_VIA_YFINANCE
2026-06-15,TATAMOTORS,TMPV.NS,393.1387939,396.3999939,11097635,YAHOO_FINANCE_VIA_YFINANCE
2026-06-15,TCS,TCS.NS,2150.210449,2162,3337083,YAHOO_FINANCE_VIA_YFINANCE
2026-06-15,TITAN,TITAN.NS,4269.490723,4283.5,1076822,YAHOO_FINANCE_VIA_YFINANCE
2026-06-15,TRENT,TRENT.NS,2901.100098,2901.100098,2230325,YAHOO_FINANCE_VIA_YFINANCE
2026-06-15,ULTRACEMCO,ULTRACEMCO.NS,11236.6416,11466,404414,YAHOO_FINANCE_VIA_YFINANCE
2026-06-15,VOLTAS,VOLTAS.NS,1326.400024,1326.400024,1855063,YAHOO_FINANCE_VIA_YFINANCE
2026-06-16,ABB,ABB.NS,6939.307617,7021,366666,YAHOO_FINANCE_VIA_YFINANCE
2026-06-16,APLAPOLLO,APLAPOLLO.NS,1842,1842,385126,YAHOO_FINANCE_VIA_YFINANCE
2026-06-16,APOLLOHOSP,APOLLOHOSP.NS,8380.744141,8390.5,263172,YAHOO_FINANCE_VIA_YFINANCE
2026-06-16,ASIANPAINT,ASIANPAINT.NS,2724.462646,2748.100098,962931,YAHOO_FINANCE_VIA_YFINANCE
2026-06-16,ASTRAL,ASTRAL.NS,1561.543945,1564,468642,YAHOO_FINANCE_VIA_YFINANCE
2026-06-16,AXISBANK,AXISBANK.NS,1364.647461,1365.699951,7709061,YAHOO_FINANCE_VIA_YFINANCE
2026-06-16,BAJFINANCE,BAJFINANCE.NS,953.7868652,959.6500244,9335988,YAHOO_FINANCE_VIA_YFINANCE
2026-06-16,BALKRISIND,BALKRISIND.NS,2222.866943,2230.600098,205361,YAHOO_FINANCE_VIA_YFINANCE
2026-06-16,BANKBARODA,BANKBARODA.NS,275.3500061,275.3500061,9933682,YAHOO_FINANCE_VIA_YFINANCE
2026-06-16,BANKNIFTY,^NSEBANK,57297.14844,57297.14844,375400,YAHOO_FINANCE_VIA_YFINANCE
2026-06-16,BEL,BEL.NS,406.997467,407.5499878,9701695,YAHOO_FINANCE_VIA_YFINANCE
2026-06-16,BHARTIARTL,BHARTIARTL.NS,1829.96936,1853,5957732,YAHOO_FINANCE_VIA_YFINANCE
2026-06-16,CIPLA,CIPLA.NS,1373.199951,1373.199951,613961,YAHOO_FINANCE_VIA_YFINANCE
2026-06-16,COFORGE,COFORGE.NS,1458.049316,1464.800049,4085487,YAHOO_FINANCE_VIA_YFINANCE
2026-06-16,CROMPTON,CROMPTON.NS,261.5544434,264.7000122,1219108,YAHOO_FINANCE_VIA_YFINANCE
2026-06-16,CUMMINSIND,CUMMINSIND.NS,5676.418457,5723.5,257257,YAHOO_FINANCE_VIA_YFINANCE
2026-06-16,DEEPAKNTR,DEEPAKNTR.NS,1633.837769,1641.300049,71628,YAHOO_FINANCE_VIA_YFINANCE
2026-06-16,DIXON,DIXON.NS,12235,12235,1091429,YAHOO_FINANCE_VIA_YFINANCE
2026-06-16,DRREDDY,DRREDDY.NS,1268.853394,1276.900024,430918,YAHOO_FINANCE_VIA_YFINANCE
2026-06-16,ESCORTS,ESCORTS.NS,2798.335938,2830,159264,YAHOO_FINANCE_VIA_YFINANCE
2026-06-16,FEDERALBNK,FEDERALBNK.NS,319.5084534,320.6000061,8921387,YAHOO_FINANCE_VIA_YFINANCE
2026-06-16,HAL,HAL.NS,4247.193359,4255.799805,584663,YAHOO_FINANCE_VIA_YFINANCE
2026-06-16,HDFCBANK,HDFCBANK.NS,772.1294556,784.9000244,27820970,YAHOO_FINANCE_VIA_YFINANCE
2026-06-16,HINDUNILVR,HINDUNILVR.NS,2177.748779,2199.899902,1337309,YAHOO_FINANCE_VIA_YFINANCE
2026-06-16,ICICIBANK,ICICIBANK.NS,1323.145264,1334.300049,13069159,YAHOO_FINANCE_VIA_YFINANCE
2026-06-16,IDFCFIRSTB,IDFCFIRSTB.NS,77.272995,77.5,27114472,YAHOO_FINANCE_VIA_YFINANCE
2026-06-16,INDUSINDBK,INDUSINDBK.NS,924.5025635,926,1602315,YAHOO_FINANCE_VIA_YFINANCE
2026-06-16,INFY,INFY.NS,1143.599976,1143.599976,10456090,YAHOO_FINANCE_VIA_YFINANCE
2026-06-16,KAYNES,KAYNES.NS,3177.600098,3177.600098,1322073,YAHOO_FINANCE_VIA_YFINANCE
2026-06-16,KEI,KEI.NS,5386.5,5386.5,163833,YAHOO_FINANCE_VIA_YFINANCE
2026-06-16,KOTAKBANK,KOTAKBANK.NS,407.1470947,407.8500061,9079548,YAHOO_FINANCE_VIA_YFINANCE
2026-06-16,KPITTECH,KPITTECH.NS,750.215271,756.5499878,1065809,YAHOO_FINANCE_VIA_YFINANCE
2026-06-16,LALPATHLAB,LALPATHLAB.NS,1633.692627,1642,8683111,YAHOO_FINANCE_VIA_YFINANCE
2026-06-16,LT,LT.NS,4186.399902,4186.399902,2647549,YAHOO_FINANCE_VIA_YFINANCE
2026-06-16,M&M,M&M.NS,3105.289795,3137.899902,3551761,YAHOO_FINANCE_VIA_YFINANCE
2026-06-16,MARUTI,MARUTI.NS,13554.86816,13691,280511,YAHOO_FINANCE_VIA_YFINANCE
2026-06-16,MAXHEALTH,MAXHEALTH.NS,1022.283203,1024.099976,2214615,YAHOO_FINANCE_VIA_YFINANCE
2026-06-16,NIFTY,^NSEI,23989.15039,23989.15039,327300,YAHOO_FINANCE_VIA_YFINANCE
2026-06-16,PERSISTENT,PERSISTENT.NS,4999.137207,5016.5,676099,YAHOO_FINANCE_VIA_YFINANCE
2026-06-16,PIIND,PIIND.NS,2867.706787,2878,402479,YAHOO_FINANCE_VIA_YFINANCE
2026-06-16,POLYCAB,POLYCAB.NS,9546.205078,9591.5,339718,YAHOO_FINANCE_VIA_YFINANCE
2026-06-16,RELIANCE,RELIANCE.NS,1328.800049,1328.800049,18513223,YAHOO_FINANCE_VIA_YFINANCE
2026-06-16,SBIN,SBIN.NS,1015.299988,1015.299988,9693677,YAHOO_FINANCE_VIA_YFINANCE
2026-06-16,SIEMENS,SIEMENS.NS,3619.115479,3636.899902,325257,YAHOO_FINANCE_VIA_YFINANCE
2026-06-16,SUNPHARMA,SUNPHARMA.NS,1795.993042,1800.699951,1373638,YAHOO_FINANCE_VIA_YFINANCE
2026-06-16,SUPREMEIND,SUPREMEIND.NS,3541.655762,3566.699951,53697,YAHOO_FINANCE_VIA_YFINANCE
2026-06-16,TATAMOTORS,TMPV.NS,390.3618469,393.6000061,6432360,YAHOO_FINANCE_VIA_YFINANCE
2026-06-16,TCS,TCS.NS,2187.008789,2199,3079898,YAHOO_FINANCE_VIA_YFINANCE
2026-06-16,TITAN,TITAN.NS,4323.8125,4338,779706,YAHOO_FINANCE_VIA_YFINANCE
2026-06-16,TRENT,TRENT.NS,2897.800049,2897.800049,811498,YAHOO_FINANCE_VIA_YFINANCE
2026-06-16,ULTRACEMCO,ULTRACEMCO.NS,11163.14258,11391,234423,YAHOO_FINANCE_VIA_YFINANCE
2026-06-16,VOLTAS,VOLTAS.NS,1327.599976,1327.599976,907947,YAHOO_FINANCE_VIA_YFINANCE
2026-06-17,ABB,ABB.NS,7080.644043,7164,298071,YAHOO_FINANCE_VIA_YFINANCE
2026-06-17,APLAPOLLO,APLAPOLLO.NS,1854.599976,1854.599976,590671,YAHOO_FINANCE_VIA_YFINANCE
2026-06-17,APOLLOHOSP,APOLLOHOSP.NS,8417.701172,8427.5,185437,YAHOO_FINANCE_VIA_YFINANCE
2026-06-17,ASIANPAINT,ASIANPAINT.NS,2714.449463,2738,557209,YAHOO_FINANCE_VIA_YFINANCE
2026-06-17,ASTRAL,ASTRAL.NS,1562.742065,1565.199951,453217,YAHOO_FINANCE_VIA_YFINANCE
2026-06-17,AXISBANK,AXISBANK.NS,1349.859009,1350.900024,4761917,YAHOO_FINANCE_VIA_YFINANCE
2026-06-17,BAJFINANCE,BAJFINANCE.NS,952.5445557,958.4000244,5682977,YAHOO_FINANCE_VIA_YFINANCE
2026-06-17,BALKRISIND,BALKRISIND.NS,2248.178711,2256,131013,YAHOO_FINANCE_VIA_YFINANCE
2026-06-17,BANKBARODA,BANKBARODA.NS,281.8500061,281.8500061,11929170,YAHOO_FINANCE_VIA_YFINANCE
2026-06-17,BANKNIFTY,^NSEBANK,57585.05078,57585.05078,583400,YAHOO_FINANCE_VIA_YFINANCE
2026-06-17,BEL,BEL.NS,419.2808228,419.8500061,24506595,YAHOO_FINANCE_VIA_YFINANCE
2026-06-17,BHARTIARTL,BHARTIARTL.NS,1852.387207,1875.699951,7653632,YAHOO_FINANCE_VIA_YFINANCE
2026-06-17,CIPLA,CIPLA.NS,1350.800049,1350.800049,2014168,YAHOO_FINANCE_VIA_YFINANCE
2026-06-17,COFORGE,COFORGE.NS,1458.945068,1465.699951,4831921,YAHOO_FINANCE_VIA_YFINANCE
2026-06-17,CROMPTON,CROMPTON.NS,272.6213074,275.8999939,3805049,YAHOO_FINANCE_VIA_YFINANCE
2026-06-17,CUMMINSIND,CUMMINSIND.NS,5785.017578,5833,338488,YAHOO_FINANCE_VIA_YFINANCE
2026-06-17,DEEPAKNTR,DEEPAKNTR.NS,1607.955933,1615.300049,115927,YAHOO_FINANCE_VIA_YFINANCE
2026-06-17,DIXON,DIXON.NS,12833,12833,1686325,YAHOO_FINANCE_VIA_YFINANCE
2026-06-17,DRREDDY,DRREDDY.NS,1261.003174,1269,683616,YAHOO_FINANCE_VIA_YFINANCE
2026-06-17,ESCORTS,ESCORTS.NS,2799.324707,2831,59696,YAHOO_FINANCE_VIA_YFINANCE
2026-06-17,FEDERALBNK,FEDERALBNK.NS,321.6013184,322.7000122,9029691,YAHOO_FINANCE_VIA_YFINANCE
2026-06-17,HAL,HAL.NS,4451.479492,4460.5,1421845,YAHOO_FINANCE_VIA_YFINANCE
2026-06-17,HDFCBANK,HDFCBANK.NS,774.2935791,787.0999756,32405604,YAHOO_FINANCE_VIA_YFINANCE
2026-06-17,HINDUNILVR,HINDUNILVR.NS,2175.472168,2197.600098,1511401,YAHOO_FINANCE_VIA_YFINANCE
2026-06-17,ICICIBANK,ICICIBANK.NS,1325.62439,1336.800049,8026424,YAHOO_FINANCE_VIA_YFINANCE
2026-06-17,IDFCFIRSTB,IDFCFIRSTB.NS,77.1533432,77.37999725,20456804,YAHOO_FINANCE_VIA_YFINANCE
2026-06-17,INDUSINDBK,INDUSINDBK.NS,934.6860962,936.2000122,1193109,YAHOO_FINANCE_VIA_YFINANCE
2026-06-17,INFY,INFY.NS,1157.699951,1157.699951,5995119,YAHOO_FINANCE_VIA_YFINANCE
2026-06-17,KAYNES,KAYNES.NS,3248.300049,3248.300049,1155064,YAHOO_FINANCE_VIA_YFINANCE
2026-06-17,KEI,KEI.NS,5643.5,5643.5,440733,YAHOO_FINANCE_VIA_YFINANCE
2026-06-17,KOTAKBANK,KOTAKBANK.NS,403.8028564,404.5,11654415,YAHOO_FINANCE_VIA_YFINANCE
2026-06-17,KPITTECH,KPITTECH.NS,745.7033691,752,981294,YAHOO_FINANCE_VIA_YFINANCE
2026-06-17,LALPATHLAB,LALPATHLAB.NS,1643.443115,1651.800049,642575,YAHOO_FINANCE_VIA_YFINANCE
2026-06-17,LT,LT.NS,4207.700195,4207.700195,1312925,YAHOO_FINANCE_VIA_YFINANCE
2026-06-17,M&M,M&M.NS,3100.341553,3132.899902,3186836,YAHOO_FINANCE_VIA_YFINANCE
2026-06-17,MARUTI,MARUTI.NS,13494.47461,13630,241534,YAHOO_FINANCE_VIA_YFINANCE
2026-06-17,MAXHEALTH,MAXHEALTH.NS,1024.32959,1026.150024,1093918,YAHOO_FINANCE_VIA_YFINANCE
2026-06-17,NIFTY,^NSEI,24085.69922,24085.69922,352700,YAHOO_FINANCE_VIA_YFINANCE
2026-06-17,PERSISTENT,PERSISTENT.NS,5027.538574,5045,365334,YAHOO_FINANCE_VIA_YFINANCE
2026-06-17,PIIND,PIIND.NS,2825.059814,2835.199951,226807,YAHOO_FINANCE_VIA_YFINANCE
2026-06-17,POLYCAB,POLYCAB.NS,9879.623047,9926.5,591839,YAHOO_FINANCE_VIA_YFINANCE
2026-06-17,RELIANCE,RELIANCE.NS,1332.699951,1332.699951,10029170,YAHOO_FINANCE_VIA_YFINANCE
2026-06-17,SBIN,SBIN.NS,1026.5,1026.5,8190062,YAHOO_FINANCE_VIA_YFINANCE
2026-06-17,SIEMENS,SIEMENS.NS,3707.182861,3725.399902,401570,YAHOO_FINANCE_VIA_YFINANCE
2026-06-17,SUNPHARMA,SUNPHARMA.NS,1815.641602,1820.400024,1771990,YAHOO_FINANCE_VIA_YFINANCE
2026-06-17,SUPREMEIND,SUPREMEIND.NS,3492.80127,3517.5,276981,YAHOO_FINANCE_VIA_YFINANCE
2026-06-17,TATAMOTORS,TMPV.NS,357.9804688,360.9500122,51987488,YAHOO_FINANCE_VIA_YFINANCE
2026-06-17,TCS,TCS.NS,2210.87793,2223,2865010,YAHOO_FINANCE_VIA_YFINANCE
2026-06-17,TITAN,TITAN.NS,4366.17334,4380.5,623868,YAHOO_FINANCE_VIA_YFINANCE
2026-06-17,TRENT,TRENT.NS,3102.800049,3102.800049,5645225,YAHOO_FINANCE_VIA_YFINANCE
2026-06-17,ULTRACEMCO,ULTRACEMCO.NS,11145.50195,11373,177587,YAHOO_FINANCE_VIA_YFINANCE
2026-06-17,VOLTAS,VOLTAS.NS,1352.900024,1352.900024,1952284,YAHOO_FINANCE_VIA_YFINANCE
2026-06-18,ABB,ABB.NS,7144.887695,7229,239735,YAHOO_FINANCE_VIA_YFINANCE
2026-06-18,APLAPOLLO,APLAPOLLO.NS,1860.900024,1860.900024,290603,YAHOO_FINANCE_VIA_YFINANCE
2026-06-18,APOLLOHOSP,APOLLOHOSP.NS,8401.719727,8411.5,304242,YAHOO_FINANCE_VIA_YFINANCE
2026-06-18,ASIANPAINT,ASIANPAINT.NS,2731.303223,2755,600888,YAHOO_FINANCE_VIA_YFINANCE
2026-06-18,ASTRAL,ASTRAL.NS,1563.241211,1565.699951,618123,YAHOO_FINANCE_VIA_YFINANCE
2026-06-18,AXISBANK,AXISBANK.NS,1359.05188,1360.099976,5186573,YAHOO_FINANCE_VIA_YFINANCE
2026-06-18,BAJFINANCE,BAJFINANCE.NS,952.9917603,958.8499756,5750456,YAHOO_FINANCE_VIA_YFINANCE
2026-06-18,BALKRISIND,BALKRISIND.NS,2226.454346,2234.199951,57655,YAHOO_FINANCE_VIA_YFINANCE
2026-06-18,BANKBARODA,BANKBARODA.NS,283,283,12399938,YAHOO_FINANCE_VIA_YFINANCE
2026-06-18,BANKNIFTY,^NSEBANK,57963.80078,57963.80078,409600,YAHOO_FINANCE_VIA_YFINANCE
2026-06-18,BEL,BEL.NS,428.0189514,428.6000061,23598062,YAHOO_FINANCE_VIA_YFINANCE
2026-06-18,BHARTIARTL,BHARTIARTL.NS,1851.498535,1874.800049,4262944,YAHOO_FINANCE_VIA_YFINANCE
2026-06-18,CIPLA,CIPLA.NS,1355.5,1355.5,908719,YAHOO_FINANCE_VIA_YFINANCE
2026-06-18,COFORGE,COFORGE.NS,1476.165283,1483,4808752,YAHOO_FINANCE_VIA_YFINANCE
2026-06-18,CROMPTON,CROMPTON.NS,273.8070679,277.1000061,3355298,YAHOO_FINANCE_VIA_YFINANCE
2026-06-18,CUMMINSIND,CUMMINSIND.NS,5809.812012,5858,311191,YAHOO_FINANCE_VIA_YFINANCE
2026-06-18,DEEPAKNTR,DEEPAKNTR.NS,1650.660767,1658.199951,203931,YAHOO_FINANCE_VIA_YFINANCE
2026-06-18,DIXON,DIXON.NS,12666,12666,465864,YAHOO_FINANCE_VIA_YFINANCE
2026-06-18,DRREDDY,DRREDDY.NS,1259.512573,1267.5,774093,YAHOO_FINANCE_VIA_YFINANCE
2026-06-18,ESCORTS,ESCORTS.NS,2778.262939,2809.699951,103377,YAHOO_FINANCE_VIA_YFINANCE
2026-06-18,FEDERALBNK,FEDERALBNK.NS,319.3589783,320.4500122,3885931,YAHOO_FINANCE_VIA_YFINANCE
2026-06-18,HAL,HAL.NS,4402.578613,4411.5,851920,YAHOO_FINANCE_VIA_YFINANCE
2026-06-18,HDFCBANK,HDFCBANK.NS,786,799,41492071,YAHOO_FINANCE_VIA_YFINANCE
2026-06-18,HINDUNILVR,HINDUNILVR.NS,2196.161621,2218.5,1120482,YAHOO_FINANCE_VIA_YFINANCE
2026-06-18,ICICIBANK,ICICIBANK.NS,1331.078369,1342.300049,13467985,YAHOO_FINANCE_VIA_YFINANCE
2026-06-18,IDFCFIRSTB,IDFCFIRSTB.NS,77.86126709,78.08999634,29775446,YAHOO_FINANCE_VIA_YFINANCE
2026-06-18,INDUSINDBK,INDUSINDBK.NS,937.2319946,938.75,1007080,YAHOO_FINANCE_VIA_YFINANCE
2026-06-18,INFY,INFY.NS,1127.5,1127.5,16781447,YAHOO_FINANCE_VIA_YFINANCE
2026-06-18,KAYNES,KAYNES.NS,3385.5,3385.5,1871255,YAHOO_FINANCE_VIA_YFINANCE
2026-06-18,KEI,KEI.NS,5630.5,5630.5,243449,YAHOO_FINANCE_VIA_YFINANCE
2026-06-18,KOTAKBANK,KOTAKBANK.NS,402.2555542,402.9500122,9342524,YAHOO_FINANCE_VIA_YFINANCE
2026-06-18,KPITTECH,KPITTECH.NS,739.7040405,745.9500122,724879,YAHOO_FINANCE_VIA_YFINANCE
2026-06-18,LALPATHLAB,LALPATHLAB.NS,1654.486938,1662.900024,321314,YAHOO_FINANCE_VIA_YFINANCE
2026-06-18,LT,LT.NS,4190,4190,1485427,YAHOO_FINANCE_VIA_YFINANCE
2026-06-18,M&M,M&M.NS,3103.904297,3136.5,2432013,YAHOO_FINANCE_VIA_YFINANCE
2026-06-18,MARUTI,MARUTI.NS,13349.92578,13484,373512,YAHOO_FINANCE_VIA_YFINANCE
2026-06-18,MAXHEALTH,MAXHEALTH.NS,1088.515503,1090.449951,6871544,YAHOO_FINANCE_VIA_YFINANCE
2026-06-18,NIFTY,^NSEI,24168,24168,340000,YAHOO_FINANCE_VIA_YFINANCE
2026-06-18,PERSISTENT,PERSISTENT.NS,4923.399902,4940.5,675007,YAHOO_FINANCE_VIA_YFINANCE
2026-06-18,PIIND,PIIND.NS,2835.821289,2846,185856,YAHOO_FINANCE_VIA_YFINANCE
2026-06-18,POLYCAB,POLYCAB.NS,9905.5,9952.5,264707,YAHOO_FINANCE_VIA_YFINANCE
2026-06-18,RELIANCE,RELIANCE.NS,1328.099976,1328.099976,15494549,YAHOO_FINANCE_VIA_YFINANCE
2026-06-18,SBIN,SBIN.NS,1042.699951,1042.699951,11048009,YAHOO_FINANCE_VIA_YFINANCE
2026-06-18,SIEMENS,SIEMENS.NS,3727.881104,3746.199951,342772,YAHOO_FINANCE_VIA_YFINANCE
2026-06-18,SUNPHARMA,SUNPHARMA.NS,1820.030151,1824.800049,2054738,YAHOO_FINANCE_VIA_YFINANCE
2026-06-18,SUPREMEIND,SUPREMEIND.NS,3499.752197,3524.5,129836,YAHOO_FINANCE_VIA_YFINANCE
2026-06-18,TATAMOTORS,TMPV.NS,361.6499939,364.6499939,22656468,YAHOO_FINANCE_VIA_YFINANCE
2026-06-18,TCS,TCS.NS,2191.2854,2203.300049,3735188,YAHOO_FINANCE_VIA_YFINANCE
2026-06-18,TITAN,TITAN.NS,4373.548828,4387.899902,562833,YAHOO_FINANCE_VIA_YFINANCE
2026-06-18,TRENT,TRENT.NS,3179.699951,3179.699951,3695494,YAHOO_FINANCE_VIA_YFINANCE
2026-06-18,ULTRACEMCO,ULTRACEMCO.NS,11201.3623,11430,321556,YAHOO_FINANCE_VIA_YFINANCE
2026-06-18,VOLTAS,VOLTAS.NS,1357.599976,1357.599976,1175325,YAHOO_FINANCE_VIA_YFINANCE
2026-06-19,ABB,ABB.NS,7163.666504,7248,241827,YAHOO_FINANCE_VIA_YFINANCE
2026-06-19,APLAPOLLO,APLAPOLLO.NS,1871.599976,1871.599976,502095,YAHOO_FINANCE_VIA_YFINANCE
2026-06-19,APOLLOHOSP,APOLLOHOSP.NS,8479.628906,8489.5,333583,YAHOO_FINANCE_VIA_YFINANCE
2026-06-19,ASIANPAINT,ASIANPAINT.NS,2709.393311,2732.899902,838991,YAHOO_FINANCE_VIA_YFINANCE
2026-06-19,ASTRAL,ASTRAL.NS,1539.678345,1542.099976,464128,YAHOO_FINANCE_VIA_YFINANCE
2026-06-19,AXISBANK,AXISBANK.NS,1356.853638,1357.900024,4640277,YAHOO_FINANCE_VIA_YFINANCE
2026-06-19,BAJFINANCE,BAJFINANCE.NS,955.9237061,961.7999878,12941776,YAHOO_FINANCE_VIA_YFINANCE
2026-06-19,BALKRISIND,BALKRISIND.NS,2235.921387,2243.699951,130532,YAHOO_FINANCE_VIA_YFINANCE
2026-06-19,BANKBARODA,BANKBARODA.NS,281.0499878,281.0499878,4914684,YAHOO_FINANCE_VIA_YFINANCE
2026-06-19,BANKNIFTY,^NSEBANK,57685.75,57685.75,285800,YAHOO_FINANCE_VIA_YFINANCE
2026-06-19,BEL,BEL.NS,426.321228,426.8999939,10829044,YAHOO_FINANCE_VIA_YFINANCE
2026-06-19,BHARTIARTL,BHARTIARTL.NS,1887.051025,1910.800049,15918432,YAHOO_FINANCE_VIA_YFINANCE
2026-06-19,CIPLA,CIPLA.NS,1351.800049,1351.800049,1476650,YAHOO_FINANCE_VIA_YFINANCE
2026-06-19,COFORGE,COFORGE.NS,1456.556274,1463.300049,8297808,YAHOO_FINANCE_VIA_YFINANCE
2026-06-19,CROMPTON,CROMPTON.NS,271.9790649,275.25,1569459,YAHOO_FINANCE_VIA_YFINANCE
2026-06-19,CUMMINSIND,CUMMINSIND.NS,5816.754395,5865,323514,YAHOO_FINANCE_VIA_YFINANCE
2026-06-19,DEEPAKNTR,DEEPAKNTR.NS,1636.923584,1644.400024,248472,YAHOO_FINANCE_VIA_YFINANCE
2026-06-19,DIXON,DIXON.NS,12517,12517,507450,YAHOO_FINANCE_VIA_YFINANCE
2026-06-19,DRREDDY,DRREDDY.NS,1264.083618,1272.099976,1312877,YAHOO_FINANCE_VIA_YFINANCE
2026-06-19,ESCORTS,ESCORTS.NS,2789.634277,2821.199951,175073,YAHOO_FINANCE_VIA_YFINANCE
2026-06-19,FEDERALBNK,FEDERALBNK.NS,322.8470459,323.9500122,7763307,YAHOO_FINANCE_VIA_YFINANCE
2026-06-19,HAL,HAL.NS,4399.185547,4408.100098,834712,YAHOO_FINANCE_VIA_YFINANCE
2026-06-19,HDFCBANK,HDFCBANK.NS,779.7999878,779.7999878,33798761,YAHOO_FINANCE_VIA_YFINANCE
2026-06-19,HINDUNILVR,HINDUNILVR.NS,2172.502441,2194.600098,1508994,YAHOO_FINANCE_VIA_YFINANCE
2026-06-19,ICICIBANK,ICICIBANK.NS,1335.243164,1346.5,9057322,YAHOO_FINANCE_VIA_YFINANCE
2026-06-19,IDFCFIRSTB,IDFCFIRSTB.NS,78.44953918,78.68000031,17050266,YAHOO_FINANCE_VIA_YFINANCE
2026-06-19,INDUSINDBK,INDUSINDBK.NS,945.9179077,947.4500122,6521623,YAHOO_FINANCE_VIA_YFINANCE
2026-06-19,INFY,INFY.NS,1051.400024,1051.400024,45665442,YAHOO_FINANCE_VIA_YFINANCE
2026-06-19,KAYNES,KAYNES.NS,3253.100098,3253.100098,1012288,YAHOO_FINANCE_VIA_YFINANCE
2026-06-19,KEI,KEI.NS,5631,5631,339856,YAHOO_FINANCE_VIA_YFINANCE
2026-06-19,KOTAKBANK,KOTAKBANK.NS,398.5619202,399.25,17504009,YAHOO_FINANCE_VIA_YFINANCE
2026-06-19,KPITTECH,KPITTECH.NS,753.6859131,760.0499878,2632393,YAHOO_FINANCE_VIA_YFINANCE
2026-06-19,LALPATHLAB,LALPATHLAB.NS,1627.52417,1635.800049,226868,YAHOO_FINANCE_VIA_YFINANCE
2026-06-19,LT,LT.NS,4209.399902,4209.399902,1397746,YAHOO_FINANCE_VIA_YFINANCE
2026-06-19,M&M,M&M.NS,3042.845703,3074.800049,3408840,YAHOO_FINANCE_VIA_YFINANCE
2026-06-19,MARUTI,MARUTI.NS,13261.81055,13395,719756,YAHOO_FINANCE_VIA_YFINANCE
2026-06-19,MAXHEALTH,MAXHEALTH.NS,1092.807861,1094.75,2057402,YAHOO_FINANCE_VIA_YFINANCE
2026-06-19,NIFTY,^NSEI,24013.09961,24013.09961,447900,YAHOO_FINANCE_VIA_YFINANCE
2026-06-19,PERSISTENT,PERSISTENT.NS,4812.286133,4829,1504523,YAHOO_FINANCE_VIA_YFINANCE
2026-06-19,PIIND,PIIND.NS,2793.572998,2803.600098,258029,YAHOO_FINANCE_VIA_YFINANCE
2026-06-19,POLYCAB,POLYCAB.NS,10083,10083,470348,YAHOO_FINANCE_VIA_YFINANCE
2026-06-19,RELIANCE,RELIANCE.NS,1309.5,1309.5,24887034,YAHOO_FINANCE_VIA_YFINANCE
2026-06-19,SBIN,SBIN.NS,1035.099976,1035.099976,9099878,YAHOO_FINANCE_VIA_YFINANCE
2026-06-19,SIEMENS,SIEMENS.NS,3741.21582,3759.600098,339876,YAHOO_FINANCE_VIA_YFINANCE
2026-06-19,SUNPHARMA,SUNPHARMA.NS,1833.494751,1838.300049,2126703,YAHOO_FINANCE_VIA_YFINANCE
2026-06-19,SUPREMEIND,SUPREMEIND.NS,3500.745117,3525.5,183436,YAHOO_FINANCE_VIA_YFINANCE
2026-06-19,TATAMOTORS,TMPV.NS,359.5,359.5,11928855,YAHOO_FINANCE_VIA_YFINANCE
2026-06-19,TCS,TCS.NS,2113.412354,2125,13286502,YAHOO_FINANCE_VIA_YFINANCE
2026-06-19,TITAN,TITAN.NS,4405.444336,4419.899902,941346,YAHOO_FINANCE_VIA_YFINANCE
2026-06-19,TRENT,TRENT.NS,3205.800049,3205.800049,2456189,YAHOO_FINANCE_VIA_YFINANCE
2026-06-19,ULTRACEMCO,ULTRACEMCO.NS,11139.62207,11367,403613,YAHOO_FINANCE_VIA_YFINANCE
2026-06-19,VOLTAS,VOLTAS.NS,1343.400024,1343.400024,987277,YAHOO_FINANCE_VIA_YFINANCE
2026-06-22,ABB,ABB.NS,7173.550293,7258,150159,YAHOO_FINANCE_VIA_YFINANCE
2026-06-22,APLAPOLLO,APLAPOLLO.NS,1854.900024,1854.900024,268023,YAHOO_FINANCE_VIA_YFINANCE
2026-06-22,APOLLOHOSP,APOLLOHOSP.NS,8459.152344,8469,208982,YAHOO_FINANCE_VIA_YFINANCE
2026-06-22,ASIANPAINT,ASIANPAINT.NS,2651,2674,1033475,YAHOO_FINANCE_VIA_YFINANCE
2026-06-22,ASTRAL,ASTRAL.NS,1555.35376,1557.800049,158344,YAHOO_FINANCE_VIA_YFINANCE
2026-06-22,AXISBANK,AXISBANK.NS,1357.552979,1358.599976,3153284,YAHOO_FINANCE_VIA_YFINANCE
2026-06-22,BAJFINANCE,BAJFINANCE.NS,962.3840332,968.2999878,5680845,YAHOO_FINANCE_VIA_YFINANCE
2026-06-22,BALKRISIND,BALKRISIND.NS,2241.203125,2249,77685,YAHOO_FINANCE_VIA_YFINANCE
2026-06-22,BANKBARODA,BANKBARODA.NS,286.0499878,286.0499878,10870558,YAHOO_FINANCE_VIA_YFINANCE
2026-06-22,BANKNIFTY,^NSEBANK,57935.60156,57935.60156,293500,YAHOO_FINANCE_VIA_YFINANCE
2026-06-22,BEL,BEL.NS,430.9150085,431.5,9754708,YAHOO_FINANCE_VIA_YFINANCE
2026-06-22,BHARTIARTL,BHARTIARTL.NS,1892.778931,1916.599976,3798060,YAHOO_FINANCE_VIA_YFINANCE
2026-06-22,CIPLA,CIPLA.NS,1415.699951,1415.699951,3368853,YAHOO_FINANCE_VIA_YFINANCE
2026-06-22,COFORGE,COFORGE.NS,1477.061157,1483.900024,3965449,YAHOO_FINANCE_VIA_YFINANCE
2026-06-22,CROMPTON,CROMPTON.NS,272.9671631,276.25,4571523,YAHOO_FINANCE_VIA_YFINANCE
2026-06-22,CUMMINSIND,CUMMINSIND.NS,5716.584961,5764,591113,YAHOO_FINANCE_VIA_YFINANCE
2026-06-22,DEEPAKNTR,DEEPAKNTR.NS,1663.900391,1671.5,289024,YAHOO_FINANCE_VIA_YFINANCE
2026-06-22,DIXON,DIXON.NS,12336,12336,502986,YAHOO_FINANCE_VIA_YFINANCE
2026-06-22,DRREDDY,DRREDDY.NS,1282.566406,1290.699951,1618251,YAHOO_FINANCE_VIA_YFINANCE
2026-06-22,ESCORTS,ESCORTS.NS,2917.388672,2950.399902,303035,YAHOO_FINANCE_VIA_YFINANCE
2026-06-22,FEDERALBNK,FEDERALBNK.NS,322.2988892,323.3999939,4903566,YAHOO_FINANCE_VIA_YFINANCE
2026-06-22,HAL,HAL.NS,4506.069336,4515.200195,1337548,YAHOO_FINANCE_VIA_YFINANCE
2026-06-22,HDFCBANK,HDFCBANK.NS,786.4000244,786.4000244,25194765,YAHOO_FINANCE_VIA_YFINANCE
2026-06-22,HINDUNILVR,HINDUNILVR.NS,2162.899902,2184.899902,765860,YAHOO_FINANCE_VIA_YFINANCE
2026-06-22,ICICIBANK,ICICIBANK.NS,1341.093872,1352.400024,4814845,YAHOO_FINANCE_VIA_YFINANCE
2026-06-22,IDFCFIRSTB,IDFCFIRSTB.NS,80.45365143,80.69000244,44256995,YAHOO_FINANCE_VIA_YFINANCE
2026-06-22,INDUSINDBK,INDUSINDBK.NS,919.5606079,921.0499878,3031578,YAHOO_FINANCE_VIA_YFINANCE
2026-06-22,INFY,INFY.NS,1065.400024,1065.400024,10178505,YAHOO_FINANCE_VIA_YFINANCE
2026-06-22,KAYNES,KAYNES.NS,3283.5,3283.5,503738,YAHOO_FINANCE_VIA_YFINANCE
2026-06-22,KEI,KEI.NS,5660.5,5660.5,210697,YAHOO_FINANCE_VIA_YFINANCE
2026-06-22,KOTAKBANK,KOTAKBANK.NS,401.4569092,402.1499939,7158956,YAHOO_FINANCE_VIA_YFINANCE
2026-06-22,KPITTECH,KPITTECH.NS,750.0665283,756.4000244,868628,YAHOO_FINANCE_VIA_YFINANCE
2026-06-22,LALPATHLAB,LALPATHLAB.NS,1663.341919,1671.800049,191369,YAHOO_FINANCE_VIA_YFINANCE
2026-06-22,LT,LT.NS,4201.299805,4201.299805,1169466,YAHOO_FINANCE_VIA_YFINANCE
2026-06-22,M&M,M&M.NS,3031.563965,3063.399902,2186778,YAHOO_FINANCE_VIA_YFINANCE
2026-06-22,MARUTI,MARUTI.NS,13287.55273,13421,254533,YAHOO_FINANCE_VIA_YFINANCE
2026-06-22,MAXHEALTH,MAXHEALTH.NS,1093.107422,1095.050049,1386108,YAHOO_FINANCE_VIA_YFINANCE
2026-06-22,NIFTY,^NSEI,24102.90039,24102.90039,252800,YAHOO_FINANCE_VIA_YFINANCE
2026-06-22,PERSISTENT,PERSISTENT.NS,4843.676758,4860.5,318876,YAHOO_FINANCE_VIA_YFINANCE
2026-06-22,PIIND,PIIND.NS,2795.565918,2805.600098,215282,YAHOO_FINANCE_VIA_YFINANCE
2026-06-22,POLYCAB,POLYCAB.NS,10022.5,10022.5,157543,YAHOO_FINANCE_VIA_YFINANCE
2026-06-22,RELIANCE,RELIANCE.NS,1326.5,1326.5,12931213,YAHOO_FINANCE_VIA_YFINANCE
2026-06-22,SBIN,SBIN.NS,1040.75,1040.75,6209440,YAHOO_FINANCE_VIA_YFINANCE
2026-06-22,SIEMENS,SIEMENS.NS,3749.375732,3767.800049,285178,YAHOO_FINANCE_VIA_YFINANCE
2026-06-22,SUNPHARMA,SUNPHARMA.NS,1858.030518,1862.900024,1588758,YAHOO_FINANCE_VIA_YFINANCE
2026-06-22,SUPREMEIND,SUPREMEIND.NS,3562.508301,3587.699951,117394,YAHOO_FINANCE_VIA_YFINANCE
2026-06-22,TATAMOTORS,TMPV.NS,361.5,361.5,15447905,YAHOO_FINANCE_VIA_YFINANCE
2026-06-22,TCS,TCS.NS,2116.197021,2127.800049,4566101,YAHOO_FINANCE_VIA_YFINANCE
2026-06-22,TITAN,TITAN.NS,4358.199219,4372.5,390835,YAHOO_FINANCE_VIA_YFINANCE
2026-06-22,TRENT,TRENT.NS,3180.600098,3180.600098,1265490,YAHOO_FINANCE_VIA_YFINANCE
2026-06-22,ULTRACEMCO,ULTRACEMCO.NS,11173.92188,11402,226862,YAHOO_FINANCE_VIA_YFINANCE
2026-06-22,VOLTAS,VOLTAS.NS,1354,1354,3287595,YAHOO_FINANCE_VIA_YFINANCE
2026-06-23,ABB,ABB.NS,7075.208008,7158.5,186185,YAHOO_FINANCE_VIA_YFINANCE
2026-06-23,APLAPOLLO,APLAPOLLO.NS,1842,1842,554835,YAHOO_FINANCE_VIA_YFINANCE
2026-06-23,APOLLOHOSP,APOLLOHOSP.NS,8477.630859,8487.5,248581,YAHOO_FINANCE_VIA_YFINANCE
2026-06-23,ASIANPAINT,ASIANPAINT.NS,2661.199951,2661.199951,1182151,YAHOO_FINANCE_VIA_YFINANCE
2026-06-23,ASTRAL,ASTRAL.NS,1521.007812,1523.400024,270324,YAHOO_FINANCE_VIA_YFINANCE
2026-06-23,AXISBANK,AXISBANK.NS,1362.449219,1363.5,5745853,YAHOO_FINANCE_VIA_YFINANCE
2026-06-23,BAJFINANCE,BAJFINANCE.NS,956.5200806,962.4000244,8202516,YAHOO_FINANCE_VIA_YFINANCE
2026-06-23,BALKRISIND,BALKRISIND.NS,2216.588623,2224.300049,111094,YAHOO_FINANCE_VIA_YFINANCE
2026-06-23,BANKBARODA,BANKBARODA.NS,277.7999878,277.7999878,9673161,YAHOO_FINANCE_VIA_YFINANCE
2026-06-23,BANKNIFTY,^NSEBANK,57183.75,57183.75,267200,YAHOO_FINANCE_VIA_YFINANCE
2026-06-23,BEL,BEL.NS,419.430603,420,15566093,YAHOO_FINANCE_VIA_YFINANCE
2026-06-23,BHARTIARTL,BHARTIARTL.NS,1877.965332,1901.599976,5155908,YAHOO_FINANCE_VIA_YFINANCE
2026-06-23,CIPLA,CIPLA.NS,1433.099976,1433.099976,4958067,YAHOO_FINANCE_VIA_YFINANCE
2026-06-23,COFORGE,COFORGE.NS,1474.373535,1481.199951,2646004,YAHOO_FINANCE_VIA_YFINANCE
2026-06-23,CROMPTON,CROMPTON.NS,269.2123413,272.4500122,2443656,YAHOO_FINANCE_VIA_YFINANCE
2026-06-23,CUMMINSIND,CUMMINSIND.NS,5688.319336,5735.5,440329,YAHOO_FINANCE_VIA_YFINANCE
2026-06-23,DEEPAKNTR,DEEPAKNTR.NS,1630.453125,1637.900024,155166,YAHOO_FINANCE_VIA_YFINANCE
2026-06-23,DIXON,DIXON.NS,11932,11932,646642,YAHOO_FINANCE_VIA_YFINANCE
2026-06-23,DRREDDY,DRREDDY.NS,1293.099609,1301.300049,2878800,YAHOO_FINANCE_VIA_YFINANCE
2026-06-23,ESCORTS,ESCORTS.NS,2918.773193,2951.800049,218938,YAHOO_FINANCE_VIA_YFINANCE
2026-06-23,FEDERALBNK,FEDERALBNK.NS,318.8108215,319.8999939,5809450,YAHOO_FINANCE_VIA_YFINANCE
2026-06-23,HAL,HAL.NS,4491.099609,4500.200195,1411631,YAHOO_FINANCE_VIA_YFINANCE
2026-06-23,HDFCBANK,HDFCBANK.NS,774.6500244,774.6500244,28289062,YAHOO_FINANCE_VIA_YFINANCE
2026-06-23,HINDUNILVR,HINDUNILVR.NS,2160.100098,2160.100098,710082,YAHOO_FINANCE_VIA_YFINANCE
2026-06-23,ICICIBANK,ICICIBANK.NS,1327.111816,1338.300049,11884879,YAHOO_FINANCE_VIA_YFINANCE
2026-06-23,IDFCFIRSTB,IDFCFIRSTB.NS,78.51933289,78.75,36248907,YAHOO_FINANCE_VIA_YFINANCE
2026-06-23,INDUSINDBK,INDUSINDBK.NS,903.9858398,905.4500122,1163601,YAHOO_FINANCE_VIA_YFINANCE
2026-06-23,INFY,INFY.NS,1029.300049,1029.300049,19323064,YAHOO_FINANCE_VIA_YFINANCE
2026-06-23,KAYNES,KAYNES.NS,3216.899902,3216.899902,539011,YAHOO_FINANCE_VIA_YFINANCE
2026-06-23,KEI,KEI.NS,5576,5576,393864,YAHOO_FINANCE_VIA_YFINANCE
2026-06-23,KOTAKBANK,KOTAKBANK.NS,400.9577637,401.6499939,10077909,YAHOO_FINANCE_VIA_YFINANCE
2026-06-23,KPITTECH,KPITTECH.NS,734.9442139,741.1500244,1050698,YAHOO_FINANCE_VIA_YFINANCE
2026-06-23,LALPATHLAB,LALPATHLAB.NS,1661.153076,1669.599976,178740,YAHOO_FINANCE_VIA_YFINANCE
2026-06-23,LT,LT.NS,4179.399902,4179.399902,2198497,YAHOO_FINANCE_VIA_YFINANCE
2026-06-23,M&M,M&M.NS,3005.735352,3037.300049,2828392,YAHOO_FINANCE_VIA_YFINANCE
2026-06-23,MARUTI,MARUTI.NS,13317.25391,13451,398558,YAHOO_FINANCE_VIA_YFINANCE
2026-06-23,MAXHEALTH,MAXHEALTH.NS,1076.137573,1078.050049,2768017,YAHOO_FINANCE_VIA_YFINANCE
2026-06-23,NIFTY,^NSEI,23824.09961,23824.09961,340100,YAHOO_FINANCE_VIA_YFINANCE
2026-06-23,PERSISTENT,PERSISTENT.NS,4819.759766,4836.5,335308,YAHOO_FINANCE_VIA_YFINANCE
2026-06-23,PIIND,PIIND.NS,2757.10376,2767,163992,YAHOO_FINANCE_VIA_YFINANCE
2026-06-23,POLYCAB,POLYCAB.NS,9920.5,9920.5,260444,YAHOO_FINANCE_VIA_YFINANCE
2026-06-23,RELIANCE,RELIANCE.NS,1309.5,1309.5,15400184,YAHOO_FINANCE_VIA_YFINANCE
2026-06-23,SBIN,SBIN.NS,1024.199951,1024.199951,10411004,YAHOO_FINANCE_VIA_YFINANCE
2026-06-23,SIEMENS,SIEMENS.NS,3667.875977,3685.899902,303345,YAHOO_FINANCE_VIA_YFINANCE
2026-06-23,SUNPHARMA,SUNPHARMA.NS,1863.117065,1868,2812236,YAHOO_FINANCE_VIA_YFINANCE
2026-06-23,SUPREMEIND,SUPREMEIND.NS,3515.540283,3540.399902,170453,YAHOO_FINANCE_VIA_YFINANCE
2026-06-23,TATAMOTORS,TMPV.NS,354.5499878,354.5499878,16257406,YAHOO_FINANCE_VIA_YFINANCE
2026-06-23,TCS,TCS.NS,2048.368896,2059.600098,6392736,YAHOO_FINANCE_VIA_YFINANCE
2026-06-23,TITAN,TITAN.NS,4291.219238,4305.299805,586588,YAHOO_FINANCE_VIA_YFINANCE
2026-06-23,TRENT,TRENT.NS,3142.899902,3142.899902,1491098,YAHOO_FINANCE_VIA_YFINANCE
2026-06-23,ULTRACEMCO,ULTRACEMCO.NS,11080.82227,11307,324599,YAHOO_FINANCE_VIA_YFINANCE
2026-06-23,VOLTAS,VOLTAS.NS,1327.400024,1327.400024,1505199,YAHOO_FINANCE_VIA_YFINANCE
2026-06-24,ABB,ABB.NS,6886.430176,6967.5,280561,YAHOO_FINANCE_VIA_YFINANCE
2026-06-24,APLAPOLLO,APLAPOLLO.NS,1826.199951,1826.199951,365705,YAHOO_FINANCE_VIA_YFINANCE
2026-06-24,APOLLOHOSP,APOLLOHOSP.NS,8563.53125,8573.5,399731,YAHOO_FINANCE_VIA_YFINANCE
2026-06-24,ASIANPAINT,ASIANPAINT.NS,2667.5,2667.5,1264476,YAHOO_FINANCE_VIA_YFINANCE
2026-06-24,ASTRAL,ASTRAL.NS,1534.286743,1536.699951,338961,YAHOO_FINANCE_VIA_YFINANCE
2026-06-24,AXISBANK,AXISBANK.NS,1383.433105,1384.5,8343829,YAHOO_FINANCE_VIA_YFINANCE
2026-06-24,BAJFINANCE,BAJFINANCE.NS,984.8956299,990.9500122,9873777,YAHOO_FINANCE_VIA_YFINANCE
2026-06-24,BALKRISIND,BALKRISIND.NS,2215.990723,2223.699951,61692,YAHOO_FINANCE_VIA_YFINANCE
2026-06-24,BANKBARODA,BANKBARODA.NS,279.8999939,279.8999939,9376653,YAHOO_FINANCE_VIA_YFINANCE
2026-06-24,BANKNIFTY,^NSEBANK,58150.35156,58150.35156,283200,YAHOO_FINANCE_VIA_YFINANCE
2026-06-24,BEL,BEL.NS,412.9893494,413.5499878,9620759,YAHOO_FINANCE_VIA_YFINANCE
2026-06-24,BHARTIARTL,BHARTIARTL.NS,1853.967407,1877.300049,8957457,YAHOO_FINANCE_VIA_YFINANCE
2026-06-24,CIPLA,CIPLA.NS,1437.900024,1437.900024,2145293,YAHOO_FINANCE_VIA_YFINANCE
2026-06-24,COFORGE,COFORGE.NS,1490.996704,1497.900024,2312701,YAHOO_FINANCE_VIA_YFINANCE
2026-06-24,CROMPTON,CROMPTON.NS,271.9790649,275.25,2054612,YAHOO_FINANCE_VIA_YFINANCE
2026-06-24,CUMMINSIND,CUMMINSIND.NS,5509.800293,5555.5,425435,YAHOO_FINANCE_VIA_YFINANCE
2026-06-24,DEEPAKNTR,DEEPAKNTR.NS,1637.719971,1645.199951,144639,YAHOO_FINANCE_VIA_YFINANCE
2026-06-24,DIXON,DIXON.NS,12086,12086,526816,YAHOO_FINANCE_VIA_YFINANCE
2026-06-24,DRREDDY,DRREDDY.NS,1320.028809,1328.400024,3346371,YAHOO_FINANCE_VIA_YFINANCE
2026-06-24,ESCORTS,ESCORTS.NS,2897.810303,2930.600098,74541,YAHOO_FINANCE_VIA_YFINANCE
2026-06-24,FEDERALBNK,FEDERALBNK.NS,324.092804,325.2000122,9481304,YAHOO_FINANCE_VIA_YFINANCE
2026-06-24,HAL,HAL.NS,4360.064941,4368.899902,975559,YAHOO_FINANCE_VIA_YFINANCE
2026-06-24,HDFCBANK,HDFCBANK.NS,793.2000122,793.2000122,34701292,YAHOO_FINANCE_VIA_YFINANCE
2026-06-24,HINDUNILVR,HINDUNILVR.NS,2157.800049,2157.800049,942271,YAHOO_FINANCE_VIA_YFINANCE
2026-06-24,ICICIBANK,ICICIBANK.NS,1362.116699,1373.599976,16440708,YAHOO_FINANCE_VIA_YFINANCE
2026-06-24,IDFCFIRSTB,IDFCFIRSTB.NS,78.96800995,79.19999695,14232020,YAHOO_FINANCE_VIA_YFINANCE
2026-06-24,INDUSINDBK,INDUSINDBK.NS,926.0999756,927.5999756,1793188,YAHOO_FINANCE_VIA_YFINANCE
2026-06-24,INFY,INFY.NS,1056.599976,1056.599976,12346266,YAHOO_FINANCE_VIA_YFINANCE
2026-06-24,KAYNES,KAYNES.NS,3203.100098,3203.100098,1268877,YAHOO_FINANCE_VIA_YFINANCE
2026-06-24,KEI,KEI.NS,5419,5419,276743,YAHOO_FINANCE_VIA_YFINANCE
2026-06-24,KOTAKBANK,KOTAKBANK.NS,405.2503662,405.9500122,11768059,YAHOO_FINANCE_VIA_YFINANCE
2026-06-24,KPITTECH,KPITTECH.NS,729.8869019,736.0499878,1624553,YAHOO_FINANCE_VIA_YFINANCE
2026-06-24,LALPATHLAB,LALPATHLAB.NS,1651.601562,1660,510137,YAHOO_FINANCE_VIA_YFINANCE
2026-06-24,LT,LT.NS,4181.700195,4181.700195,1367416,YAHOO_FINANCE_VIA_YFINANCE
2026-06-24,M&M,M&M.NS,3032.652588,3064.5,2179193,YAHOO_FINANCE_VIA_YFINANCE
2026-06-24,MARUTI,MARUTI.NS,13116.27246,13248,327495,YAHOO_FINANCE_VIA_YFINANCE
2026-06-24,MAXHEALTH,MAXHEALTH.NS,1079.781006,1081.699951,1301005,YAHOO_FINANCE_VIA_YFINANCE
2026-06-24,NIFTY,^NSEI,24021.65039,24021.65039,395600,YAHOO_FINANCE_VIA_YFINANCE
2026-06-24,PERSISTENT,PERSISTENT.NS,4911.441406,4928.5,591029,YAHOO_FINANCE_VIA_YFINANCE
2026-06-24,PIIND,PIIND.NS,2736.976074,2746.800049,205952,YAHOO_FINANCE_VIA_YFINANCE
2026-06-24,POLYCAB,POLYCAB.NS,9692.5,9692.5,338045,YAHOO_FINANCE_VIA_YFINANCE
2026-06-24,RELIANCE,RELIANCE.NS,1313.599976,1313.599976,11030917,YAHOO_FINANCE_VIA_YFINANCE
2026-06-24,SBIN,SBIN.NS,1034.599976,1034.599976,11724076,YAHOO_FINANCE_VIA_YFINANCE
2026-06-24,SIEMENS,SIEMENS.NS,3544.084473,3561.5,326149,YAHOO_FINANCE_VIA_YFINANCE
2026-06-24,SUNPHARMA,SUNPHARMA.NS,1869.500366,1874.400024,1406231,YAHOO_FINANCE_VIA_YFINANCE
2026-06-24,SUPREMEIND,SUPREMEIND.NS,3535.399902,3560.399902,124669,YAHOO_FINANCE_VIA_YFINANCE
2026-06-24,TATAMOTORS,TMPV.NS,349.7000122,349.7000122,12569135,YAHOO_FINANCE_VIA_YFINANCE
2026-06-24,TCS,TCS.NS,2097.499512,2109,4747277,YAHOO_FINANCE_VIA_YFINANCE
2026-06-24,TITAN,TITAN.NS,4309.658691,4323.799805,652078,YAHOO_FINANCE_VIA_YFINANCE
2026-06-24,TRENT,TRENT.NS,3247,3247,3950989,YAHOO_FINANCE_VIA_YFINANCE
2026-06-24,ULTRACEMCO,ULTRACEMCO.NS,11201.3623,11430,233046,YAHOO_FINANCE_VIA_YFINANCE
2026-06-24,VOLTAS,VOLTAS.NS,1310.099976,1310.099976,643567,YAHOO_FINANCE_VIA_YFINANCE
2026-06-25,ABB,ABB.NS,6911.633301,6993,231515,YAHOO_FINANCE_VIA_YFINANCE
2026-06-25,APLAPOLLO,APLAPOLLO.NS,1793.5,1793.5,685588,YAHOO_FINANCE_VIA_YFINANCE
2026-06-25,APOLLOHOSP,APOLLOHOSP.NS,8582.009766,8592,378450,YAHOO_FINANCE_VIA_YFINANCE
2026-06-25,ASIANPAINT,ASIANPAINT.NS,2645.199951,2645.199951,2050810,YAHOO_FINANCE_VIA_YFINANCE
2026-06-25,ASTRAL,ASTRAL.NS,1484.565063,1486.900024,987298,YAHOO_FINANCE_VIA_YFINANCE
2026-06-25,AXISBANK,AXISBANK.NS,1376.138672,1377.199951,7995552,YAHOO_FINANCE_VIA_YFINANCE
2026-06-25,BAJFINANCE,BAJFINANCE.NS,974.4100952,980.4000244,12807092,YAHOO_FINANCE_VIA_YFINANCE
2026-06-25,BALKRISIND,BALKRISIND.NS,2225.856445,2233.600098,102982,YAHOO_FINANCE_VIA_YFINANCE
2026-06-25,BANKBARODA,BANKBARODA.NS,279.1499939,279.1499939,10406847,YAHOO_FINANCE_VIA_YFINANCE
2026-06-25,BANKNIFTY,^NSEBANK,58177.05078,58177.05078,296500,YAHOO_FINANCE_VIA_YFINANCE
2026-06-25,BEL,BEL.NS,406.6479797,407.2000122,21994027,YAHOO_FINANCE_VIA_YFINANCE
2026-06-25,BHARTIARTL,BHARTIARTL.NS,1827.697876,1850.699951,8521503,YAHOO_FINANCE_VIA_YFINANCE
2026-06-25,CIPLA,CIPLA.NS,1440.099976,1440.099976,1217683,YAHOO_FINANCE_VIA_YFINANCE
2026-06-25,COFORGE,COFORGE.NS,1486.019653,1492.900024,2997232,YAHOO_FINANCE_VIA_YFINANCE
2026-06-25,CROMPTON,CROMPTON.NS,272.0284424,275.2999878,3048811,YAHOO_FINANCE_VIA_YFINANCE
2026-06-25,CUMMINSIND,CUMMINSIND.NS,5595.588867,5642,479618,YAHOO_FINANCE_VIA_YFINANCE
2026-06-25,DEEPAKNTR,DEEPAKNTR.NS,1615.023682,1622.400024,90108,YAHOO_FINANCE_VIA_YFINANCE
2026-06-25,DIXON,DIXON.NS,12013,12013,413089,YAHOO_FINANCE_VIA_YFINANCE
2026-06-25,DRREDDY,DRREDDY.NS,1341.989502,1350.5,1699744,YAHOO_FINANCE_VIA_YFINANCE
2026-06-25,ESCORTS,ESCORTS.NS,2916.696533,2949.699951,155406,YAHOO_FINANCE_VIA_YFINANCE
2026-06-25,FEDERALBNK,FEDERALBNK.NS,322.9466858,324.0499878,6310533,YAHOO_FINANCE_VIA_YFINANCE
2026-06-25,HAL,HAL.NS,4359.865723,4368.700195,731421,YAHOO_FINANCE_VIA_YFINANCE
2026-06-25,HDFCBANK,HDFCBANK.NS,796.2999878,796.2999878,46707966,YAHOO_FINANCE_VIA_YFINANCE
2026-06-25,HINDUNILVR,HINDUNILVR.NS,2174.199951,2174.199951,1898262,YAHOO_FINANCE_VIA_YFINANCE
2026-06-25,ICICIBANK,ICICIBANK.NS,1375.900513,1387.5,17173209,YAHOO_FINANCE_VIA_YFINANCE
2026-06-25,IDFCFIRSTB,IDFCFIRSTB.NS,78.98796082,79.22000122,13831461,YAHOO_FINANCE_VIA_YFINANCE
2026-06-25,INDUSINDBK,INDUSINDBK.NS,918.9500122,918.9500122,1469160,YAHOO_FINANCE_VIA_YFINANCE
2026-06-25,INFY,INFY.NS,1041.199951,1041.199951,15866779,YAHOO_FINANCE_VIA_YFINANCE
2026-06-25,KAYNES,KAYNES.NS,3264.699951,3264.699951,2631736,YAHOO_FINANCE_VIA_YFINANCE
2026-06-25,KEI,KEI.NS,5268,5268,574864,YAHOO_FINANCE_VIA_YFINANCE
2026-06-25,KOTAKBANK,KOTAKBANK.NS,408.295105,409,16587414,YAHOO_FINANCE_VIA_YFINANCE
2026-06-25,KPITTECH,KPITTECH.NS,736.382019,742.5999756,1108161,YAHOO_FINANCE_VIA_YFINANCE
2026-06-25,LALPATHLAB,LALPATHLAB.NS,1684.713379,1689.199951,262380,YAHOO_FINANCE_VIA_YFINANCE
2026-06-25,LT,LT.NS,4216.399902,4216.399902,3104020,YAHOO_FINANCE_VIA_YFINANCE
2026-06-25,M&M,M&M.NS,3149.129395,3182.199951,5346892,YAHOO_FINANCE_VIA_YFINANCE
2026-06-25,MARUTI,MARUTI.NS,13608.33105,13745,981556,YAHOO_FINANCE_VIA_YFINANCE
2026-06-25,MAXHEALTH,MAXHEALTH.NS,1121.357178,1123.349976,5156097,YAHOO_FINANCE_VIA_YFINANCE
2026-06-25,NIFTY,^NSEI,24056,24056,448800,YAHOO_FINANCE_VIA_YFINANCE
2026-06-25,PERSISTENT,PERSISTENT.NS,4824.742676,4841.5,383578,YAHOO_FINANCE_VIA_YFINANCE
2026-06-25,PIIND,PIIND.NS,2675.297363,2684.899902,490261,YAHOO_FINANCE_VIA_YFINANCE
2026-06-25,POLYCAB,POLYCAB.NS,9531,9531,407574,YAHOO_FINANCE_VIA_YFINANCE
2026-06-25,RELIANCE,RELIANCE.NS,1318.099976,1318.099976,12694362,YAHOO_FINANCE_VIA_YFINANCE
2026-06-25,SBIN,SBIN.NS,1045.400024,1045.400024,16002360,YAHOO_FINANCE_VIA_YFINANCE
2026-06-25,SIEMENS,SIEMENS.NS,3610.159668,3627.899902,504071,YAHOO_FINANCE_VIA_YFINANCE
2026-06-25,SUNPHARMA,SUNPHARMA.NS,1857.930786,1862.800049,1816438,YAHOO_FINANCE_VIA_YFINANCE
2026-06-25,SUPREMEIND,SUPREMEIND.NS,3421.899902,3421.899902,546323,YAHOO_FINANCE_VIA_YFINANCE
2026-06-25,TATAMOTORS,TMPV.NS,353.2000122,353.2000122,15424509,YAHOO_FINANCE_VIA_YFINANCE
2026-06-25,TCS,TCS.NS,2083.277344,2094.699951,4738903,YAHOO_FINANCE_VIA_YFINANCE
2026-06-25,TITAN,TITAN.NS,4277.264648,4291.299805,754050,YAHOO_FINANCE_VIA_YFINANCE
2026-06-25,TRENT,TRENT.NS,3216.199951,3216.199951,1414292,YAHOO_FINANCE_VIA_YFINANCE
2026-06-25,ULTRACEMCO,ULTRACEMCO.NS,11259.18164,11489,402451,YAHOO_FINANCE_VIA_YFINANCE
2026-06-25,VOLTAS,VOLTAS.NS,1302.400024,1302.400024,618266,YAHOO_FINANCE_VIA_YFINANCE
2026-06-26,ABB,ABB.NS,6911.633301,6993,0,YAHOO_FINANCE_VIA_YFINANCE
2026-06-26,APLAPOLLO,APLAPOLLO.NS,1793.5,1793.5,0,YAHOO_FINANCE_VIA_YFINANCE
2026-06-26,APOLLOHOSP,APOLLOHOSP.NS,8582.009766,8592,0,YAHOO_FINANCE_VIA_YFINANCE
2026-06-26,ASIANPAINT,ASIANPAINT.NS,2645.199951,2645.199951,0,YAHOO_FINANCE_VIA_YFINANCE
2026-06-26,ASTRAL,ASTRAL.NS,1484.565063,1486.900024,0,YAHOO_FINANCE_VIA_YFINANCE
2026-06-26,AXISBANK,AXISBANK.NS,1376.138672,1377.199951,0,YAHOO_FINANCE_VIA_YFINANCE
2026-06-26,BAJFINANCE,BAJFINANCE.NS,974.4100952,980.4000244,0,YAHOO_FINANCE_VIA_YFINANCE
2026-06-26,BALKRISIND,BALKRISIND.NS,2225.856445,2233.600098,0,YAHOO_FINANCE_VIA_YFINANCE
2026-06-26,BANKBARODA,BANKBARODA.NS,279.1499939,279.1499939,0,YAHOO_FINANCE_VIA_YFINANCE
2026-06-26,BEL,BEL.NS,406.6479797,407.2000122,0,YAHOO_FINANCE_VIA_YFINANCE
2026-06-26,BHARTIARTL,BHARTIARTL.NS,1827.697876,1850.699951,0,YAHOO_FINANCE_VIA_YFINANCE
2026-06-26,CIPLA,CIPLA.NS,1440.099976,1440.099976,0,YAHOO_FINANCE_VIA_YFINANCE
2026-06-26,COFORGE,COFORGE.NS,1486.019653,1492.900024,0,YAHOO_FINANCE_VIA_YFINANCE
2026-06-26,CROMPTON,CROMPTON.NS,272.0284424,275.2999878,0,YAHOO_FINANCE_VIA_YFINANCE
2026-06-26,CUMMINSIND,CUMMINSIND.NS,5595.588867,5642,0,YAHOO_FINANCE_VIA_YFINANCE
2026-06-26,DEEPAKNTR,DEEPAKNTR.NS,1615.023682,1622.400024,0,YAHOO_FINANCE_VIA_YFINANCE
2026-06-26,DIXON,DIXON.NS,12013,12013,0,YAHOO_FINANCE_VIA_YFINANCE
2026-06-26,DRREDDY,DRREDDY.NS,1341.989502,1350.5,0,YAHOO_FINANCE_VIA_YFINANCE
2026-06-26,ESCORTS,ESCORTS.NS,2916.696533,2949.699951,0,YAHOO_FINANCE_VIA_YFINANCE
2026-06-26,FEDERALBNK,FEDERALBNK.NS,322.9466858,324.0499878,0,YAHOO_FINANCE_VIA_YFINANCE
2026-06-26,HAL,HAL.NS,4359.865723,4368.700195,0,YAHOO_FINANCE_VIA_YFINANCE
2026-06-26,HDFCBANK,HDFCBANK.NS,796.2999878,796.2999878,0,YAHOO_FINANCE_VIA_YFINANCE
2026-06-26,HINDUNILVR,HINDUNILVR.NS,2174.199951,2174.199951,0,YAHOO_FINANCE_VIA_YFINANCE
2026-06-26,ICICIBANK,ICICIBANK.NS,1375.900513,1387.5,0,YAHOO_FINANCE_VIA_YFINANCE
2026-06-26,IDFCFIRSTB,IDFCFIRSTB.NS,78.98796082,79.22000122,0,YAHOO_FINANCE_VIA_YFINANCE
2026-06-26,INDUSINDBK,INDUSINDBK.NS,918.9500122,918.9500122,0,YAHOO_FINANCE_VIA_YFINANCE
2026-06-26,INFY,INFY.NS,1041.199951,1041.199951,0,YAHOO_FINANCE_VIA_YFINANCE
2026-06-26,KAYNES,KAYNES.NS,3264.699951,3264.699951,0,YAHOO_FINANCE_VIA_YFINANCE
2026-06-26,KEI,KEI.NS,5268,5268,0,YAHOO_FINANCE_VIA_YFINANCE
2026-06-26,KOTAKBANK,KOTAKBANK.NS,408.295105,409,0,YAHOO_FINANCE_VIA_YFINANCE
2026-06-26,KPITTECH,KPITTECH.NS,736.382019,742.5999756,0,YAHOO_FINANCE_VIA_YFINANCE
2026-06-26,LALPATHLAB,LALPATHLAB.NS,1684.713379,1689.199951,0,YAHOO_FINANCE_VIA_YFINANCE
2026-06-26,LT,LT.NS,4216.399902,4216.399902,0,YAHOO_FINANCE_VIA_YFINANCE
2026-06-26,M&M,M&M.NS,3149.129395,3182.199951,0,YAHOO_FINANCE_VIA_YFINANCE
2026-06-26,MARUTI,MARUTI.NS,13608.33105,13745,0,YAHOO_FINANCE_VIA_YFINANCE
2026-06-26,MAXHEALTH,MAXHEALTH.NS,1121.357178,1123.349976,0,YAHOO_FINANCE_VIA_YFINANCE
2026-06-26,PERSISTENT,PERSISTENT.NS,4824.742676,4841.5,0,YAHOO_FINANCE_VIA_YFINANCE
2026-06-26,PIIND,PIIND.NS,2675.297363,2684.899902,0,YAHOO_FINANCE_VIA_YFINANCE
2026-06-26,POLYCAB,POLYCAB.NS,9531,9531,0,YAHOO_FINANCE_VIA_YFINANCE
2026-06-26,RELIANCE,RELIANCE.NS,1318.099976,1318.099976,0,YAHOO_FINANCE_VIA_YFINANCE
2026-06-26,SBIN,SBIN.NS,1045.400024,1045.400024,0,YAHOO_FINANCE_VIA_YFINANCE
2026-06-26,SIEMENS,SIEMENS.NS,3610.159668,3627.899902,0,YAHOO_FINANCE_VIA_YFINANCE
2026-06-26,SUNPHARMA,SUNPHARMA.NS,1857.930786,1862.800049,0,YAHOO_FINANCE_VIA_YFINANCE
2026-06-26,SUPREMEIND,SUPREMEIND.NS,3421.899902,3421.899902,0,YAHOO_FINANCE_VIA_YFINANCE
2026-06-26,TATAMOTORS,TMPV.NS,353.2000122,353.2000122,0,YAHOO_FINANCE_VIA_YFINANCE
2026-06-26,TCS,TCS.NS,2083.277344,2094.699951,0,YAHOO_FINANCE_VIA_YFINANCE
2026-06-26,TITAN,TITAN.NS,4277.264648,4291.299805,0,YAHOO_FINANCE_VIA_YFINANCE
2026-06-26,TRENT,TRENT.NS,3216.199951,3216.199951,0,YAHOO_FINANCE_VIA_YFINANCE
2026-06-26,ULTRACEMCO,ULTRACEMCO.NS,11259.18164,11489,0,YAHOO_FINANCE_VIA_YFINANCE
2026-06-26,VOLTAS,VOLTAS.NS,1302.400024,1302.400024,0,YAHOO_FINANCE_VIA_YFINANCE
2026-06-29,ABB,ABB.NS,7045.0625,7128,915384,YAHOO_FINANCE_VIA_YFINANCE
2026-06-29,APLAPOLLO,APLAPOLLO.NS,1787.5,1787.5,520386,YAHOO_FINANCE_VIA_YFINANCE
2026-06-29,APOLLOHOSP,APOLLOHOSP.NS,8644.936523,8655,363592,YAHOO_FINANCE_VIA_YFINANCE
2026-06-29,ASIANPAINT,ASIANPAINT.NS,2656.899902,2656.899902,4752587,YAHOO_FINANCE_VIA_YFINANCE
2026-06-29,ASTRAL,ASTRAL.NS,1365.851807,1368,3768791,YAHOO_FINANCE_VIA_YFINANCE
2026-06-29,AXISBANK,AXISBANK.NS,1355.754517,1356.800049,12602010,YAHOO_FINANCE_VIA_YFINANCE
2026-06-29,BAJFINANCE,BAJFINANCE.NS,976.0499878,982.0499878,19875760,YAHOO_FINANCE_VIA_YFINANCE
2026-06-29,BALKRISIND,BALKRISIND.NS,2160.085205,2167.600098,73755,YAHOO_FINANCE_VIA_YFINANCE
2026-06-29,BANKBARODA,BANKBARODA.NS,272.7999878,272.7999878,13102878,YAHOO_FINANCE_VIA_YFINANCE
2026-06-29,BANKNIFTY,^NSEBANK,57727.35156,57727.35156,529800,YAHOO_FINANCE_VIA_YFINANCE
2026-06-29,BEL,BEL.NS,411.0419922,411.6000061,26669735,YAHOO_FINANCE_VIA_YFINANCE
2026-06-29,BHARTIARTL,BHARTIARTL.NS,1818.217285,1841.099976,10940130,YAHOO_FINANCE_VIA_YFINANCE
2026-06-29,CIPLA,CIPLA.NS,1454.099976,1454.099976,4162869,YAHOO_FINANCE_VIA_YFINANCE
2026-06-29,COFORGE,COFORGE.NS,1484.526733,1491.400024,6361979,YAHOO_FINANCE_VIA_YFINANCE
2026-06-29,CROMPTON,CROMPTON.NS,270.2498474,273.5,4588967,YAHOO_FINANCE_VIA_YFINANCE
2026-06-29,CUMMINSIND,CUMMINSIND.NS,5495.915527,5541.5,1820384,YAHOO_FINANCE_VIA_YFINANCE
2026-06-29,DEEPAKNTR,DEEPAKNTR.NS,1556.590454,1563.699951,166880,YAHOO_FINANCE_VIA_YFINANCE
2026-06-29,DIXON,DIXON.NS,11805,11805,369843,YAHOO_FINANCE_VIA_YFINANCE
2026-06-29,DRREDDY,DRREDDY.NS,1367.030762,1375.699951,8857211,YAHOO_FINANCE_VIA_YFINANCE
2026-06-29,ESCORTS,ESCORTS.NS,2864.783936,2897.199951,150949,YAHOO_FINANCE_VIA_YFINANCE
2026-06-29,FEDERALBNK,FEDERALBNK.NS,322.9466858,324.0499878,15193838,YAHOO_FINANCE_VIA_YFINANCE
2026-06-29,HAL,HAL.NS,4334.017578,4342.799805,901086,YAHOO_FINANCE_VIA_YFINANCE
2026-06-29,HDFCBANK,HDFCBANK.NS,798.9000244,798.9000244,46695977,YAHOO_FINANCE_VIA_YFINANCE
2026-06-29,HINDUNILVR,HINDUNILVR.NS,2151.300049,2151.300049,1423514,YAHOO_FINANCE_VIA_YFINANCE
2026-06-29,ICICIBANK,ICICIBANK.NS,1375.999634,1387.599976,13249405,YAHOO_FINANCE_VIA_YFINANCE
2026-06-29,IDFCFIRSTB,IDFCFIRSTB.NS,77.97093964,78.19999695,58108109,YAHOO_FINANCE_VIA_YFINANCE
2026-06-29,INDUSINDBK,INDUSINDBK.NS,915.4000244,915.4000244,3346498,YAHOO_FINANCE_VIA_YFINANCE
2026-06-29,INFY,INFY.NS,1036.699951,1036.699951,15080892,YAHOO_FINANCE_VIA_YFINANCE
2026-06-29,KAYNES,KAYNES.NS,3150.600098,3150.600098,1115298,YAHOO_FINANCE_VIA_YFINANCE
2026-06-29,KEI,KEI.NS,5452,5452,1621316,YAHOO_FINANCE_VIA_YFINANCE
2026-06-29,KOTAKBANK,KOTAKBANK.NS,394.8183594,395.5,37210245,YAHOO_FINANCE_VIA_YFINANCE
2026-06-29,KPITTECH,KPITTECH.NS,706.2366333,712.2000122,1861006,YAHOO_FINANCE_VIA_YFINANCE
2026-06-29,LALPATHLAB,LALPATHLAB.NS,1642.625488,1647,534232,YAHOO_FINANCE_VIA_YFINANCE
2026-06-29,LT,LT.NS,4165.200195,4165.200195,2706906,YAHOO_FINANCE_VIA_YFINANCE
2026-06-29,M&M,M&M.NS,3060.856445,3093,3700623,YAHOO_FINANCE_VIA_YFINANCE
2026-06-29,MARUTI,MARUTI.NS,13278.6416,13412,1358592,YAHOO_FINANCE_VIA_YFINANCE
2026-06-29,MAXHEALTH,MAXHEALTH.NS,1147.860107,1149.900024,4106274,YAHOO_FINANCE_VIA_YFINANCE
2026-06-29,NIFTY,^NSEI,23946.25,23946.25,588500,YAHOO_FINANCE_VIA_YFINANCE
2026-06-29,PERSISTENT,PERSISTENT.NS,4283.62207,4298.5,6170867,YAHOO_FINANCE_VIA_YFINANCE
2026-06-29,PIIND,PIIND.NS,2550.644775,2559.800049,649573,YAHOO_FINANCE_VIA_YFINANCE
2026-06-29,POLYCAB,POLYCAB.NS,9779,9779,1261915,YAHOO_FINANCE_VIA_YFINANCE
2026-06-29,RELIANCE,RELIANCE.NS,1301,1301,13757656,YAHOO_FINANCE_VIA_YFINANCE
2026-06-29,SBIN,SBIN.NS,1036.099976,1036.099976,16818246,YAHOO_FINANCE_VIA_YFINANCE
2026-06-29,SIEMENS,SIEMENS.NS,3555.627686,3573.100098,402739,YAHOO_FINANCE_VIA_YFINANCE
2026-06-29,SUNPHARMA,SUNPHARMA.NS,1869.899414,1874.800049,1655869,YAHOO_FINANCE_VIA_YFINANCE
2026-06-29,SUPREMEIND,SUPREMEIND.NS,3194,3194,669253,YAHOO_FINANCE_VIA_YFINANCE
2026-06-29,TATAMOTORS,TMPV.NS,345.0499878,345.0499878,11882122,YAHOO_FINANCE_VIA_YFINANCE
2026-06-29,TCS,TCS.NS,2086.459961,2097.899902,3412470,YAHOO_FINANCE_VIA_YFINANCE
2026-06-29,TITAN,TITAN.NS,4263.211426,4277.200195,569087,YAHOO_FINANCE_VIA_YFINANCE
2026-06-29,TRENT,TRENT.NS,3258.300049,3258.300049,2676532,YAHOO_FINANCE_VIA_YFINANCE
2026-06-29,ULTRACEMCO,ULTRACEMCO.NS,11109.24219,11336,230886,YAHOO_FINANCE_VIA_YFINANCE
2026-06-29,VOLTAS,VOLTAS.NS,1295.800049,1295.800049,783912,YAHOO_FINANCE_VIA_YFINANCE
2026-06-30,ABB,ABB.NS,6949.191406,7031,367996,YAHOO_FINANCE_VIA_YFINANCE
2026-06-30,APLAPOLLO,APLAPOLLO.NS,1788.699951,1788.699951,890251,YAHOO_FINANCE_VIA_YFINANCE
2026-06-30,APOLLOHOSP,APOLLOHOSP.NS,8671.905273,8682,491231,YAHOO_FINANCE_VIA_YFINANCE
2026-06-30,ASIANPAINT,ASIANPAINT.NS,2635.699951,2635.699951,1821479,YAHOO_FINANCE_VIA_YFINANCE
2026-06-30,ASTRAL,ASTRAL.NS,1333.502563,1335.599976,1726032,YAHOO_FINANCE_VIA_YFINANCE
2026-06-30,AXISBANK,AXISBANK.NS,1344.662964,1345.699951,7781221,YAHOO_FINANCE_VIA_YFINANCE
2026-06-30,BAJFINANCE,BAJFINANCE.NS,1004.75,1004.75,12445420,YAHOO_FINANCE_VIA_YFINANCE
2026-06-30,BALKRISIND,BALKRISIND.NS,2172.84082,2180.399902,102008,YAHOO_FINANCE_VIA_YFINANCE
2026-06-30,BANKBARODA,BANKBARODA.NS,272.3999939,272.3999939,11512561,YAHOO_FINANCE_VIA_YFINANCE
2026-06-30,BANKNIFTY,^NSEBANK,57542.89844,57542.89844,398700,YAHOO_FINANCE_VIA_YFINANCE
2026-06-30,BEL,BEL.NS,411.2416992,411.7999878,14611849,YAHOO_FINANCE_VIA_YFINANCE
2026-06-30,BHARTIARTL,BHARTIARTL.NS,1828.981812,1852,7233634,YAHOO_FINANCE_VIA_YFINANCE
2026-06-30,CIPLA,CIPLA.NS,1465.400024,1465.400024,2818077,YAHOO_FINANCE_VIA_YFINANCE
2026-06-30,COFORGE,COFORGE.NS,1458.945068,1465.699951,4539593,YAHOO_FINANCE_VIA_YFINANCE
2026-06-30,CROMPTON,CROMPTON.NS,271.4849854,274.75,3171260,YAHOO_FINANCE_VIA_YFINANCE
2026-06-30,CUMMINSIND,CUMMINSIND.NS,5612.944824,5659.5,646570,YAHOO_FINANCE_VIA_YFINANCE
2026-06-30,DEEPAKNTR,DEEPAKNTR.NS,1539.369141,1546.400024,104910,YAHOO_FINANCE_VIA_YFINANCE
2026-06-30,DIXON,DIXON.NS,11920,11920,549203,YAHOO_FINANCE_VIA_YFINANCE
2026-06-30,DRREDDY,DRREDDY.NS,1348.547974,1357.099976,2446438,YAHOO_FINANCE_VIA_YFINANCE
2026-06-30,ESCORTS,ESCORTS.NS,2903.050781,2935.899902,80017,YAHOO_FINANCE_VIA_YFINANCE
2026-06-30,FEDERALBNK,FEDERALBNK.NS,328.9262695,330.0499878,15572784,YAHOO_FINANCE_VIA_YFINANCE
2026-06-30,HAL,HAL.NS,4372.340332,4381.200195,803535,YAHOO_FINANCE_VIA_YFINANCE
2026-06-30,HDFCBANK,HDFCBANK.NS,797.9500122,797.9500122,45778356,YAHOO_FINANCE_VIA_YFINANCE
2026-06-30,HINDUNILVR,HINDUNILVR.NS,2118.199951,2118.199951,2364422,YAHOO_FINANCE_VIA_YFINANCE
2026-06-30,ICICIBANK,ICICIBANK.NS,1363.703247,1375.199951,18398057,YAHOO_FINANCE_VIA_YFINANCE
2026-06-30,IDFCFIRSTB,IDFCFIRSTB.NS,79.257164,79.48999786,30193040,YAHOO_FINANCE_VIA_YFINANCE
2026-06-30,INDUSINDBK,INDUSINDBK.NS,924.2000122,924.2000122,2515841,YAHOO_FINANCE_VIA_YFINANCE
2026-06-30,INFY,INFY.NS,1000.400024,1000.400024,24128263,YAHOO_FINANCE_VIA_YFINANCE
2026-06-30,KAYNES,KAYNES.NS,3121.899902,3121.899902,1018571,YAHOO_FINANCE_VIA_YFINANCE
2026-06-30,KEI,KEI.NS,5427.5,5427.5,549555,YAHOO_FINANCE_VIA_YFINANCE
2026-06-30,KOTAKBANK,KOTAKBANK.NS,391.5739746,392.25,24824891,YAHOO_FINANCE_VIA_YFINANCE
2026-06-30,KPITTECH,KPITTECH.NS,665.9269409,671.5499878,5466149,YAHOO_FINANCE_VIA_YFINANCE
2026-06-30,LALPATHLAB,LALPATHLAB.NS,1641.827515,1646.199951,426427,YAHOO_FINANCE_VIA_YFINANCE
2026-06-30,LT,LT.NS,4143.399902,4143.399902,1539094,YAHOO_FINANCE_VIA_YFINANCE
2026-06-30,M&M,M&M.NS,3036.907959,3068.800049,3882185,YAHOO_FINANCE_VIA_YFINANCE
2026-06-30,MARUTI,MARUTI.NS,13974.65234,14115,1511415,YAHOO_FINANCE_VIA_YFINANCE
2026-06-30,MAXHEALTH,MAXHEALTH.NS,1127.246704,1129.25,2457312,YAHOO_FINANCE_VIA_YFINANCE
2026-06-30,NIFTY,^NSEI,23865.75,23865.75,449000,YAHOO_FINANCE_VIA_YFINANCE
2026-06-30,PERSISTENT,PERSISTENT.NS,4311.525391,4326.5,1513736,YAHOO_FINANCE_VIA_YFINANCE
2026-06-30,PIIND,PIIND.NS,2545.96167,2555.100098,489196,YAHOO_FINANCE_VIA_YFINANCE
2026-06-30,POLYCAB,POLYCAB.NS,9961,9961,452560,YAHOO_FINANCE_VIA_YFINANCE
2026-06-30,RELIANCE,RELIANCE.NS,1293.900024,1293.900024,15695263,YAHOO_FINANCE_VIA_YFINANCE
2026-06-30,SBIN,SBIN.NS,1026.900024,1026.900024,11161643,YAHOO_FINANCE_VIA_YFINANCE
2026-06-30,SIEMENS,SIEMENS.NS,3582.296631,3599.899902,301665,YAHOO_FINANCE_VIA_YFINANCE
2026-06-30,SUNPHARMA,SUNPHARMA.NS,1857.63147,1862.5,2352774,YAHOO_FINANCE_VIA_YFINANCE
2026-06-30,SUPREMEIND,SUPREMEIND.NS,3157.800049,3157.800049,358225,YAHOO_FINANCE_VIA_YFINANCE
2026-06-30,TATAMOTORS,TMPV.NS,352.2000122,352.2000122,17609242,YAHOO_FINANCE_VIA_YFINANCE
2026-06-30,TCS,TCS.NS,2020.422119,2031.5,6848411,YAHOO_FINANCE_VIA_YFINANCE
2026-06-30,TITAN,TITAN.NS,4389.596191,4404,1243464,YAHOO_FINANCE_VIA_YFINANCE
2026-06-30,TRENT,TRENT.NS,3282.600098,3282.600098,1512736,YAHOO_FINANCE_VIA_YFINANCE
2026-06-30,ULTRACEMCO,ULTRACEMCO.NS,11027.90234,11253,331714,YAHOO_FINANCE_VIA_YFINANCE
2026-06-30,VOLTAS,VOLTAS.NS,1277.599976,1277.599976,733013,YAHOO_FINANCE_VIA_YFINANCE
2026-07-01,ABB,ABB.NS,6856.285156,6937,146578,YAHOO_FINANCE_VIA_YFINANCE
2026-07-01,APLAPOLLO,APLAPOLLO.NS,1785.099976,1785.099976,765345,YAHOO_FINANCE_VIA_YFINANCE
2026-07-01,APOLLOHOSP,APOLLOHOSP.NS,8608.478516,8618.5,163174,YAHOO_FINANCE_VIA_YFINANCE
2026-07-01,ASIANPAINT,ASIANPAINT.NS,2716.399902,2716.399902,1097512,YAHOO_FINANCE_VIA_YFINANCE
2026-07-01,ASTRAL,ASTRAL.NS,1359.96106,1362.099976,941375,YAHOO_FINANCE_VIA_YFINANCE
2026-07-01,AXISBANK,AXISBANK.NS,1367.645142,1368.699951,3187785,YAHOO_FINANCE_VIA_YFINANCE
2026-07-01,BAJFINANCE,BAJFINANCE.NS,1014.900024,1014.900024,6834299,YAHOO_FINANCE_VIA_YFINANCE
2026-07-01,BALKRISIND,BALKRISIND.NS,2161.779297,2169.300049,60581,YAHOO_FINANCE_VIA_YFINANCE
2026-07-01,BANKBARODA,BANKBARODA.NS,271.6499939,271.6499939,8585773,YAHOO_FINANCE_VIA_YFINANCE
2026-07-01,BANKNIFTY,^NSEBANK,58033.05078,58033.05078,260500,YAHOO_FINANCE_VIA_YFINANCE
2026-07-01,BEL,BEL.NS,415.6856995,416.25,8844076,YAHOO_FINANCE_VIA_YFINANCE
2026-07-01,BHARTIARTL,BHARTIARTL.NS,1847.745728,1871,4307333,YAHOO_FINANCE_VIA_YFINANCE
2026-07-01,CIPLA,CIPLA.NS,1456.699951,1456.699951,753439,YAHOO_FINANCE_VIA_YFINANCE
2026-07-01,COFORGE,COFORGE.NS,1364.382935,1370.699951,4675747,YAHOO_FINANCE_VIA_YFINANCE
2026-07-01,CROMPTON,CROMPTON.NS,266.2479858,269.4500122,3430449,YAHOO_FINANCE_VIA_YFINANCE
2026-07-01,CUMMINSIND,CUMMINSIND.NS,5616.416016,5663,227454,YAHOO_FINANCE_VIA_YFINANCE
2026-07-01,DEEPAKNTR,DEEPAKNTR.NS,1541.758301,1548.800049,404250,YAHOO_FINANCE_VIA_YFINANCE
2026-07-01,DIXON,DIXON.NS,11956,11956,288435,YAHOO_FINANCE_VIA_YFINANCE
2026-07-01,DRREDDY,DRREDDY.NS,1331.456421,1339.900024,1423120,YAHOO_FINANCE_VIA_YFINANCE
2026-07-01,ESCORTS,ESCORTS.NS,2912.345947,2945.300049,204795,YAHOO_FINANCE_VIA_YFINANCE
2026-07-01,FEDERALBNK,FEDERALBNK.NS,330.2716675,331.3999939,6386994,YAHOO_FINANCE_VIA_YFINANCE
2026-07-01,HAL,HAL.NS,4425.432129,4434.399902,469658,YAHOO_FINANCE_VIA_YFINANCE
2026-07-01,HDFCBANK,HDFCBANK.NS,796.1500244,796.1500244,26094378,YAHOO_FINANCE_VIA_YFINANCE
2026-07-01,HINDUNILVR,HINDUNILVR.NS,2182,2182,2497576,YAHOO_FINANCE_VIA_YFINANCE
2026-07-01,ICICIBANK,ICICIBANK.NS,1368.264893,1379.800049,11948034,YAHOO_FINANCE_VIA_YFINANCE
2026-07-01,IDFCFIRSTB,IDFCFIRSTB.NS,78.69880676,78.93000031,15942043,YAHOO_FINANCE_VIA_YFINANCE
2026-07-01,INDUSINDBK,INDUSINDBK.NS,941.5999756,941.5999756,2290915,YAHOO_FINANCE_VIA_YFINANCE
2026-07-01,INFY,INFY.NS,985.2999878,985.2999878,13037982,YAHOO_FINANCE_VIA_YFINANCE
2026-07-01,KAYNES,KAYNES.NS,3152.100098,3152.100098,935410,YAHOO_FINANCE_VIA_YFINANCE
2026-07-01,KEI,KEI.NS,5247.5,5247.5,344483,YAHOO_FINANCE_VIA_YFINANCE
2026-07-01,KOTAKBANK,KOTAKBANK.NS,399.7598572,400.4500122,21723944,YAHOO_FINANCE_VIA_YFINANCE
2026-07-01,KPITTECH,KPITTECH.NS,552.8815308,557.5499878,26085834,YAHOO_FINANCE_VIA_YFINANCE
2026-07-01,LALPATHLAB,LALPATHLAB.NS,1618.78894,1623.099976,197681,YAHOO_FINANCE_VIA_YFINANCE
2026-07-01,LT,LT.NS,4092.600098,4092.600098,1437109,YAHOO_FINANCE_VIA_YFINANCE
2026-07-01,M&M,M&M.NS,3097.471924,3130,2754707,YAHOO_FINANCE_VIA_YFINANCE
2026-07-01,MARUTI,MARUTI.NS,14251.86816,14395,1397790,YAHOO_FINANCE_VIA_YFINANCE
2026-07-01,MAXHEALTH,MAXHEALTH.NS,1137.877808,1139.900024,1329751,YAHOO_FINANCE_VIA_YFINANCE
2026-07-01,NIFTY,^NSEI,24005.84961,24005.84961,352100,YAHOO_FINANCE_VIA_YFINANCE
2026-07-01,PERSISTENT,PERSISTENT.NS,4315.212402,4330.200195,964797,YAHOO_FINANCE_VIA_YFINANCE
2026-07-01,PIIND,PIIND.NS,2565.790527,2575,195861,YAHOO_FINANCE_VIA_YFINANCE
2026-07-01,POLYCAB,POLYCAB.NS,9713.5,9713.5,344920,YAHOO_FINANCE_VIA_YFINANCE
2026-07-01,RELIANCE,RELIANCE.NS,1308,1308,7001401,YAHOO_FINANCE_VIA_YFINANCE
2026-07-01,SBIN,SBIN.NS,1047.400024,1047.400024,6295315,YAHOO_FINANCE_VIA_YFINANCE
2026-07-01,SIEMENS,SIEMENS.NS,3543.28833,3560.699951,313455,YAHOO_FINANCE_VIA_YFINANCE
2026-07-01,SUNPHARMA,SUNPHARMA.NS,1861.321777,1866.199951,1230360,YAHOO_FINANCE_VIA_YFINANCE
2026-07-01,SUPREMEIND,SUPREMEIND.NS,3221.199951,3221.199951,365563,YAHOO_FINANCE_VIA_YFINANCE
2026-07-01,TATAMOTORS,TMPV.NS,347.7999878,347.7999878,12059086,YAHOO_FINANCE_VIA_YFINANCE
2026-07-01,TCS,TCS.NS,1971.788818,1982.599976,4658295,YAHOO_FINANCE_VIA_YFINANCE
2026-07-01,TITAN,TITAN.NS,4384.214355,4398.600098,1168751,YAHOO_FINANCE_VIA_YFINANCE
2026-07-01,TRENT,TRENT.NS,3290.300049,3290.300049,683229,YAHOO_FINANCE_VIA_YFINANCE
2026-07-01,ULTRACEMCO,ULTRACEMCO.NS,11226.8418,11456,119013,YAHOO_FINANCE_VIA_YFINANCE
2026-07-01,VOLTAS,VOLTAS.NS,1281.099976,1281.099976,793050,YAHOO_FINANCE_VIA_YFINANCE
2026-07-02,ABB,ABB.NS,6781.169434,6861,264804,YAHOO_FINANCE_VIA_YFINANCE
2026-07-02,APLAPOLLO,APLAPOLLO.NS,1788.300049,1788.300049,622177,YAHOO_FINANCE_VIA_YFINANCE
2026-07-02,APOLLOHOSP,APOLLOHOSP.NS,8685.888672,8696,152705,YAHOO_FINANCE_VIA_YFINANCE
2026-07-02,ASIANPAINT,ASIANPAINT.NS,2744.5,2744.5,1629567,YAHOO_FINANCE_VIA_YFINANCE
2026-07-02,ASTRAL,ASTRAL.NS,1361.059204,1363.199951,806625,YAHOO_FINANCE_VIA_YFINANCE
2026-07-02,AXISBANK,AXISBANK.NS,1361.549927,1362.599976,4013561,YAHOO_FINANCE_VIA_YFINANCE
2026-07-02,BAJFINANCE,BAJFINANCE.NS,1018.400024,1018.400024,8168339,YAHOO_FINANCE_VIA_YFINANCE
2026-07-02,BALKRISIND,BALKRISIND.NS,2222.468262,2230.199951,102898,YAHOO_FINANCE_VIA_YFINANCE
2026-07-02,BANKBARODA,BANKBARODA.NS,260.25,260.25,26105222,YAHOO_FINANCE_VIA_YFINANCE
2026-07-02,BANKNIFTY,^NSEBANK,58031.64844,58031.64844,273300,YAHOO_FINANCE_VIA_YFINANCE
2026-07-02,BEL,BEL.NS,414.4873047,415.0499878,10736747,YAHOO_FINANCE_VIA_YFINANCE
2026-07-02,BHARTIARTL,BHARTIARTL.NS,1851.695923,1875,5282404,YAHOO_FINANCE_VIA_YFINANCE
2026-07-02,CIPLA,CIPLA.NS,1456,1456,731416,YAHOO_FINANCE_VIA_YFINANCE
2026-07-02,COFORGE,COFORGE.NS,1435.254761,1441.900024,5761491,YAHOO_FINANCE_VIA_YFINANCE
2026-07-02,CROMPTON,CROMPTON.NS,270.8921204,274.1499939,2853488,YAHOO_FINANCE_VIA_YFINANCE
2026-07-02,CUMMINSIND,CUMMINSIND.NS,5532.61084,5578.5,325685,YAHOO_FINANCE_VIA_YFINANCE
2026-07-02,DEEPAKNTR,DEEPAKNTR.NS,1565.250977,1572.400024,166533,YAHOO_FINANCE_VIA_YFINANCE
2026-07-02,DIXON,DIXON.NS,12373,12373,549083,YAHOO_FINANCE_VIA_YFINANCE
2026-07-02,DRREDDY,DRREDDY.NS,1337.219727,1345.699951,808598,YAHOO_FINANCE_VIA_YFINANCE
2026-07-02,ESCORTS,ESCORTS.NS,2916.399902,2949.399902,101356,YAHOO_FINANCE_VIA_YFINANCE
2026-07-02,FEDERALBNK,FEDERALBNK.NS,329.8730469,331,7433230,YAHOO_FINANCE_VIA_YFINANCE
2026-07-02,HAL,HAL.NS,4425.033203,4434,282618,YAHOO_FINANCE_VIA_YFINANCE
2026-07-02,HDFCBANK,HDFCBANK.NS,795.9000244,795.9000244,34143823,YAHOO_FINANCE_VIA_YFINANCE
2026-07-02,HINDUNILVR,HINDUNILVR.NS,2210.600098,2210.600098,2585362,YAHOO_FINANCE_VIA_YFINANCE
2026-07-02,ICICIBANK,ICICIBANK.NS,1388.296021,1400,15779429,YAHOO_FINANCE_VIA_YFINANCE
2026-07-02,IDFCFIRSTB,IDFCFIRSTB.NS,79.28707886,79.51999664,24581312,YAHOO_FINANCE_VIA_YFINANCE
2026-07-02,INDUSINDBK,INDUSINDBK.NS,943.5,943.5,1177319,YAHOO_FINANCE_VIA_YFINANCE
2026-07-02,INFY,INFY.NS,1040.900024,1040.900024,18741111,YAHOO_FINANCE_VIA_YFINANCE
2026-07-02,KAYNES,KAYNES.NS,3158.5,3158.5,671812,YAHOO_FINANCE_VIA_YFINANCE
2026-07-02,KEI,KEI.NS,5276.5,5276.5,343597,YAHOO_FINANCE_VIA_YFINANCE
2026-07-02,KOTAKBANK,KOTAKBANK.NS,398.6118164,399.2999878,12980945,YAHOO_FINANCE_VIA_YFINANCE
2026-07-02,KPITTECH,KPITTECH.NS,554.1210327,558.7999878,9825945,YAHOO_FINANCE_VIA_YFINANCE
2026-07-02,LALPATHLAB,LALPATHLAB.NS,1645.916748,1650.300049,243917,YAHOO_FINANCE_VIA_YFINANCE
2026-07-02,LT,LT.NS,4059.399902,4059.399902,2481554,YAHOO_FINANCE_VIA_YFINANCE
2026-07-02,M&M,M&M.NS,3142.399902,3175.399902,2624368,YAHOO_FINANCE_VIA_YFINANCE
2026-07-02,MARUTI,MARUTI.NS,14205.33496,14348,327088,YAHOO_FINANCE_VIA_YFINANCE
2026-07-02,MAXHEALTH,MAXHEALTH.NS,1125.400024,1127.400024,1053691,YAHOO_FINANCE_VIA_YFINANCE
2026-07-02,NIFTY,^NSEI,24175.69922,24175.69922,372900,YAHOO_FINANCE_VIA_YFINANCE
2026-07-02,PERSISTENT,PERSISTENT.NS,4564.745605,4580.600098,1859078,YAHOO_FINANCE_VIA_YFINANCE
2026-07-02,PIIND,PIIND.NS,2599.170654,2608.5,209191,YAHOO_FINANCE_VIA_YFINANCE
2026-07-02,POLYCAB,POLYCAB.NS,9635,9635,305059,YAHOO_FINANCE_VIA_YFINANCE
2026-07-02,RELIANCE,RELIANCE.NS,1303.5,1303.5,17795024,YAHOO_FINANCE_VIA_YFINANCE
2026-07-02,SBIN,SBIN.NS,1051.599976,1051.599976,14682790,YAHOO_FINANCE_VIA_YFINANCE
2026-07-02,SIEMENS,SIEMENS.NS,3562.891846,3580.399902,241163,YAHOO_FINANCE_VIA_YFINANCE
2026-07-02,SUNPHARMA,SUNPHARMA.NS,1866.109253,1871,1485296,YAHOO_FINANCE_VIA_YFINANCE
2026-07-02,SUPREMEIND,SUPREMEIND.NS,3275.600098,3275.600098,360647,YAHOO_FINANCE_VIA_YFINANCE
2026-07-02,TATAMOTORS,TMPV.NS,345.9500122,345.9500122,10423984,YAHOO_FINANCE_VIA_YFINANCE
2026-07-02,TCS,TCS.NS,2056.822754,2068.100098,6040621,YAHOO_FINANCE_VIA_YFINANCE
2026-07-02,TITAN,TITAN.NS,4466.444336,4481.100098,820705,YAHOO_FINANCE_VIA_YFINANCE
2026-07-02,TRENT,TRENT.NS,3317.800049,3317.800049,1092281,YAHOO_FINANCE_VIA_YFINANCE
2026-07-02,ULTRACEMCO,ULTRACEMCO.NS,11305.24219,11536,137631,YAHOO_FINANCE_VIA_YFINANCE
2026-07-02,VOLTAS,VOLTAS.NS,1290.599976,1290.599976,494819,YAHOO_FINANCE_VIA_YFINANCE
2026-07-03,ABB,ABB.NS,6869.62793,6950.5,345071,YAHOO_FINANCE_VIA_YFINANCE
2026-07-03,APLAPOLLO,APLAPOLLO.NS,1788,1788,1587791,YAHOO_FINANCE_VIA_YFINANCE
2026-07-03,APOLLOHOSP,APOLLOHOSP.NS,8883.15918,8893.5,377549,YAHOO_FINANCE_VIA_YFINANCE
2026-07-03,ASIANPAINT,ASIANPAINT.NS,2737.800049,2737.800049,472124,YAHOO_FINANCE_VIA_YFINANCE
2026-07-03,ASTRAL,ASTRAL.NS,1382.825073,1385,506210,YAHOO_FINANCE_VIA_YFINANCE
2026-07-03,AXISBANK,AXISBANK.NS,1341.065674,1342.099976,3500465,YAHOO_FINANCE_VIA_YFINANCE
2026-07-03,BAJFINANCE,BAJFINANCE.NS,1031.400024,1031.400024,9399193,YAHOO_FINANCE_VIA_YFINANCE
2026-07-03,BALKRISIND,BALKRISIND.NS,2212.702148,2220.399902,65691,YAHOO_FINANCE_VIA_YFINANCE
2026-07-03,BANKBARODA,BANKBARODA.NS,252.1999969,252.1999969,39345727,YAHOO_FINANCE_VIA_YFINANCE
2026-07-03,BANKNIFTY,^NSEBANK,57938.5,57938.5,326300,YAHOO_FINANCE_VIA_YFINANCE
2026-07-03,BEL,BEL.NS,417.4832458,418.0499878,12085695,YAHOO_FINANCE_VIA_YFINANCE
2026-07-03,BHARTIARTL,BHARTIARTL.NS,1886.656006,1910.400024,5087043,YAHOO_FINANCE_VIA_YFINANCE
2026-07-03,CIPLA,CIPLA.NS,1458.199951,1458.199951,1261674,YAHOO_FINANCE_VIA_YFINANCE
2026-07-03,COFORGE,COFORGE.NS,1457.25293,1464,4053069,YAHOO_FINANCE_VIA_YFINANCE
2026-07-03,CROMPTON,CROMPTON.NS,267.5819092,270.7999878,889475,YAHOO_FINANCE_VIA_YFINANCE
2026-07-03,CUMMINSIND,CUMMINSIND.NS,5432.937988,5478,787931,YAHOO_FINANCE_VIA_YFINANCE
2026-07-03,DEEPAKNTR,DEEPAKNTR.NS,1551.015991,1558.099976,126571,YAHOO_FINANCE_VIA_YFINANCE
2026-07-03,DIXON,DIXON.NS,12456,12456,347224,YAHOO_FINANCE_VIA_YFINANCE
2026-07-03,DRREDDY,DRREDDY.NS,1365.440796,1374.099976,1296170,YAHOO_FINANCE_VIA_YFINANCE
2026-07-03,ESCORTS,ESCORTS.NS,2964.899902,2964.899902,82653,YAHOO_FINANCE_VIA_YFINANCE
2026-07-03,FEDERALBNK,FEDERALBNK.NS,326.2852783,327.3999939,5420067,YAHOO_FINANCE_VIA_YFINANCE
2026-07-03,HAL,HAL.NS,4419.943359,4428.899902,583667,YAHOO_FINANCE_VIA_YFINANCE
2026-07-03,HDFCBANK,HDFCBANK.NS,801.0499878,801.0499878,25871958,YAHOO_FINANCE_VIA_YFINANCE
2026-07-03,HINDUNILVR,HINDUNILVR.NS,2201.199951,2201.199951,1536616,YAHOO_FINANCE_VIA_YFINANCE
2026-07-03,ICICIBANK,ICICIBANK.NS,1399.600708,1411.400024,12901785,YAHOO_FINANCE_VIA_YFINANCE
2026-07-03,IDFCFIRSTB,IDFCFIRSTB.NS,80.22432709,80.45999908,24932753,YAHOO_FINANCE_VIA_YFINANCE
2026-07-03,INDUSINDBK,INDUSINDBK.NS,974.3499756,974.3499756,3819865,YAHOO_FINANCE_VIA_YFINANCE
2026-07-03,INFY,INFY.NS,1047.199951,1047.199951,11653534,YAHOO_FINANCE_VIA_YFINANCE
2026-07-03,KAYNES,KAYNES.NS,3333.800049,3333.800049,2592315,YAHOO_FINANCE_VIA_YFINANCE
2026-07-03,KEI,KEI.NS,5270.5,5270.5,227732,YAHOO_FINANCE_VIA_YFINANCE
2026-07-03,KOTAKBANK,KOTAKBANK.NS,396.0662231,396.75,14747410,YAHOO_FINANCE_VIA_YFINANCE
2026-07-03,KPITTECH,KPITTECH.NS,553.9723511,558.6500244,4156593,YAHOO_FINANCE_VIA_YFINANCE
2026-07-03,LALPATHLAB,LALPATHLAB.NS,1641.328857,1645.699951,501490,YAHOO_FINANCE_VIA_YFINANCE
2026-07-03,LT,LT.NS,4026.600098,4026.600098,1505428,YAHOO_FINANCE_VIA_YFINANCE
2026-07-03,M&M,M&M.NS,3136.899902,3136.899902,2414988,YAHOO_FINANCE_VIA_YFINANCE
2026-07-03,MARUTI,MARUTI.NS,14223.15625,14366,384188,YAHOO_FINANCE_VIA_YFINANCE
2026-07-03,MAXHEALTH,MAXHEALTH.NS,1153.400024,1153.400024,1456459,YAHOO_FINANCE_VIA_YFINANCE
2026-07-03,NIFTY,^NSEI,24270.84961,24270.84961,326600,YAHOO_FINANCE_VIA_YFINANCE
2026-07-03,PERSISTENT,PERSISTENT.NS,4666.492676,4682.700195,1551490,YAHOO_FINANCE_VIA_YFINANCE
2026-07-03,PIIND,PIIND.NS,2636.63623,2646.100098,358617,YAHOO_FINANCE_VIA_YFINANCE
2026-07-03,POLYCAB,POLYCAB.NS,9548.5,9548.5,229401,YAHOO_FINANCE_VIA_YFINANCE
2026-07-03,RELIANCE,RELIANCE.NS,1304,1304,7839550,YAHOO_FINANCE_VIA_YFINANCE
2026-07-03,SBIN,SBIN.NS,1040,1040,10441493,YAHOO_FINANCE_VIA_YFINANCE
2026-07-03,SIEMENS,SIEMENS.NS,3519.007568,3536.300049,433734,YAHOO_FINANCE_VIA_YFINANCE
2026-07-03,SUNPHARMA,SUNPHARMA.NS,1899.820923,1904.800049,2168491,YAHOO_FINANCE_VIA_YFINANCE
2026-07-03,SUPREMEIND,SUPREMEIND.NS,3228.699951,3228.699951,117412,YAHOO_FINANCE_VIA_YFINANCE
2026-07-03,TATAMOTORS,TMPV.NS,344.1000061,344.1000061,12651872,YAHOO_FINANCE_VIA_YFINANCE
2026-07-03,TCS,TCS.NS,2082.083984,2093.5,4028819,YAHOO_FINANCE_VIA_YFINANCE
2026-07-03,TITAN,TITAN.NS,4446.509766,4461.100098,542120,YAHOO_FINANCE_VIA_YFINANCE
2026-07-03,TRENT,TRENT.NS,3340.600098,3340.600098,1504875,YAHOO_FINANCE_VIA_YFINANCE
2026-07-03,ULTRACEMCO,ULTRACEMCO.NS,11488.50098,11723,157877,YAHOO_FINANCE_VIA_YFINANCE
2026-07-03,VOLTAS,VOLTAS.NS,1280.199951,1280.199951,815500,YAHOO_FINANCE_VIA_YFINANCE
2026-07-06,ABB,ABB.NS,6990.702637,7073,238108,YAHOO_FINANCE_VIA_YFINANCE
2026-07-06,APLAPOLLO,APLAPOLLO.NS,1804.5,1804.5,553044,YAHOO_FINANCE_VIA_YFINANCE
2026-07-06,APOLLOHOSP,APOLLOHOSP.NS,8878.165039,8888.5,219681,YAHOO_FINANCE_VIA_YFINANCE
2026-07-06,ASIANPAINT,ASIANPAINT.NS,2754.899902,2754.899902,504943,YAHOO_FINANCE_VIA_YFINANCE
2026-07-06,ASTRAL,ASTRAL.NS,1386.818848,1389,809070,YAHOO_FINANCE_VIA_YFINANCE
2026-07-06,AXISBANK,AXISBANK.NS,1338.567627,1339.599976,5154081,YAHOO_FINANCE_VIA_YFINANCE
2026-07-06,BAJFINANCE,BAJFINANCE.NS,1029.099976,1029.099976,4819952,YAHOO_FINANCE_VIA_YFINANCE
2026-07-06,BALKRISIND,BALKRISIND.NS,2203.035645,2210.699951,52810,YAHOO_FINANCE_VIA_YFINANCE
2026-07-06,BANKBARODA,BANKBARODA.NS,249.9499969,249.9499969,12248902,YAHOO_FINANCE_VIA_YFINANCE
2026-07-06,BANKNIFTY,^NSEBANK,58291.5,58291.5,284400,YAHOO_FINANCE_VIA_YFINANCE
2026-07-06,BEL,BEL.NS,424.973053,425.5499878,16516762,YAHOO_FINANCE_VIA_YFINANCE
2026-07-06,BHARTIARTL,BHARTIARTL.NS,1901.765747,1925.699951,2740217,YAHOO_FINANCE_VIA_YFINANCE
2026-07-06,CIPLA,CIPLA.NS,1472.300049,1472.300049,769917,YAHOO_FINANCE_VIA_YFINANCE
2026-07-06,COFORGE,COFORGE.NS,1475.070435,1481.900024,1513526,YAHOO_FINANCE_VIA_YFINANCE
2026-07-06,CROMPTON,CROMPTON.NS,269.0640869,272.2999878,1360160,YAHOO_FINANCE_VIA_YFINANCE
2026-07-06,CUMMINSIND,CUMMINSIND.NS,5532.61084,5578.5,429461,YAHOO_FINANCE_VIA_YFINANCE
2026-07-06,DEEPAKNTR,DEEPAKNTR.NS,1594.915405,1602.199951,256779,YAHOO_FINANCE_VIA_YFINANCE
2026-07-06,DIXON,DIXON.NS,13304,13304,1287795,YAHOO_FINANCE_VIA_YFINANCE
2026-07-06,DRREDDY,DRREDDY.NS,1359.279907,1367.900024,810266,YAHOO_FINANCE_VIA_YFINANCE
2026-07-06,ESCORTS,ESCORTS.NS,2982.600098,2982.600098,186083,YAHOO_FINANCE_VIA_YFINANCE
2026-07-06,FEDERALBNK,FEDERALBNK.NS,329.175415,330.2999878,3492183,YAHOO_FINANCE_VIA_YFINANCE
2026-07-06,HAL,HAL.NS,4431.620117,4440.600098,445462,YAHOO_FINANCE_VIA_YFINANCE
2026-07-06,HDFCBANK,HDFCBANK.NS,829.8499756,829.8499756,63203327,YAHOO_FINANCE_VIA_YFINANCE
2026-07-06,HINDUNILVR,HINDUNILVR.NS,2202,2202,2131061,YAHOO_FINANCE_VIA_YFINANCE
2026-07-06,ICICIBANK,ICICIBANK.NS,1414.971069,1426.900024,12306949,YAHOO_FINANCE_VIA_YFINANCE
2026-07-06,IDFCFIRSTB,IDFCFIRSTB.NS,80.90233612,81.13999939,22125958,YAHOO_FINANCE_VIA_YFINANCE
2026-07-06,INDUSINDBK,INDUSINDBK.NS,1009.799988,1009.799988,4977371,YAHOO_FINANCE_VIA_YFINANCE
2026-07-06,INFY,INFY.NS,1042.199951,1042.199951,5559747,YAHOO_FINANCE_VIA_YFINANCE
2026-07-06,KAYNES,KAYNES.NS,3359.199951,3359.199951,1176993,YAHOO_FINANCE_VIA_YFINANCE
2026-07-06,KEI,KEI.NS,5251,5251,233716,YAHOO_FINANCE_VIA_YFINANCE
2026-07-06,KOTAKBANK,KOTAKBANK.NS,380.6428223,381.2999878,34164881,YAHOO_FINANCE_VIA_YFINANCE
2026-07-06,KPITTECH,KPITTECH.NS,553.3277588,558,4760308,YAHOO_FINANCE_VIA_YFINANCE
2026-07-06,LALPATHLAB,LALPATHLAB.NS,1681.521973,1686,800054,YAHOO_FINANCE_VIA_YFINANCE
2026-07-06,LT,LT.NS,4041,4041,1252054,YAHOO_FINANCE_VIA_YFINANCE
2026-07-06,M&M,M&M.NS,3201.199951,3201.199951,2637740,YAHOO_FINANCE_VIA_YFINANCE
2026-07-06,MARUTI,MARUTI.NS,14312.26172,14456,214686,YAHOO_FINANCE_VIA_YFINANCE
2026-07-06,MAXHEALTH,MAXHEALTH.NS,1132.5,1132.5,1363473,YAHOO_FINANCE_VIA_YFINANCE
2026-07-06,NIFTY,^NSEI,24430.34961,24430.34961,329400,YAHOO_FINANCE_VIA_YFINANCE
2026-07-06,PERSISTENT,PERSISTENT.NS,4699.477539,4715.799805,642181,YAHOO_FINANCE_VIA_YFINANCE
2026-07-06,PIIND,PIIND.NS,2666.92749,2676.5,298658,YAHOO_FINANCE_VIA_YFINANCE
2026-07-06,POLYCAB,POLYCAB.NS,9584,9584,189331,YAHOO_FINANCE_VIA_YFINANCE
2026-07-06,RELIANCE,RELIANCE.NS,1321.300049,1321.300049,7610709,YAHOO_FINANCE_VIA_YFINANCE
2026-07-06,SBIN,SBIN.NS,1037.699951,1037.699951,8761017,YAHOO_FINANCE_VIA_YFINANCE
2026-07-06,SIEMENS,SIEMENS.NS,3554.13501,3571.600098,427908,YAHOO_FINANCE_VIA_YFINANCE
2026-07-06,SUNPHARMA,SUNPHARMA.NS,1907.800049,1912.800049,1213635,YAHOO_FINANCE_VIA_YFINANCE
2026-07-06,SUPREMEIND,SUPREMEIND.NS,3234,3234,256252,YAHOO_FINANCE_VIA_YFINANCE
2026-07-06,TATAMOTORS,TMPV.NS,347.0499878,347.0499878,4980867,YAHOO_FINANCE_VIA_YFINANCE
2026-07-06,TCS,TCS.NS,2046.379883,2057.600098,2567386,YAHOO_FINANCE_VIA_YFINANCE
2026-07-06,TITAN,TITAN.NS,4469.733398,4484.399902,589165,YAHOO_FINANCE_VIA_YFINANCE
2026-07-06,TRENT,TRENT.NS,3343.800049,3343.800049,800656,YAHOO_FINANCE_VIA_YFINANCE
2026-07-06,ULTRACEMCO,ULTRACEMCO.NS,11427.74121,11661,158010,YAHOO_FINANCE_VIA_YFINANCE
2026-07-06,VOLTAS,VOLTAS.NS,1284.5,1284.5,1270330,YAHOO_FINANCE_VIA_YFINANCE
2026-07-07,ABB,ABB.NS,6896.808105,6978,229515,YAHOO_FINANCE_VIA_YFINANCE
2026-07-07,APLAPOLLO,APLAPOLLO.NS,1819.800049,1819.800049,553318,YAHOO_FINANCE_VIA_YFINANCE
2026-07-07,APOLLOHOSP,APOLLOHOSP.NS,8826.724609,8837,189321,YAHOO_FINANCE_VIA_YFINANCE
2026-07-07,ASIANPAINT,ASIANPAINT.NS,2731.399902,2731.399902,489066,YAHOO_FINANCE_VIA_YFINANCE
2026-07-07,ASTRAL,ASTRAL.NS,1357.365112,1359.5,457636,YAHOO_FINANCE_VIA_YFINANCE
2026-07-07,AXISBANK,AXISBANK.NS,1339.966553,1341,6198988,YAHOO_FINANCE_VIA_YFINANCE
2026-07-07,BAJFINANCE,BAJFINANCE.NS,1042.5,1042.5,9101171,YAHOO_FINANCE_VIA_YFINANCE
2026-07-07,BALKRISIND,BALKRISIND.NS,2247.182373,2255,126415,YAHOO_FINANCE_VIA_YFINANCE
2026-07-07,BANKBARODA,BANKBARODA.NS,247.8500061,247.8500061,12317114,YAHOO_FINANCE_VIA_YFINANCE
2026-07-07,BANKNIFTY,^NSEBANK,58200.69922,58200.69922,261900,YAHOO_FINANCE_VIA_YFINANCE
2026-07-07,BEL,BEL.NS,418.5817566,419.1499939,7821978,YAHOO_FINANCE_VIA_YFINANCE
2026-07-07,BHARTIARTL,BHARTIARTL.NS,1901.864624,1925.800049,5767438,YAHOO_FINANCE_VIA_YFINANCE
2026-07-07,CIPLA,CIPLA.NS,1451.800049,1451.800049,1164880,YAHOO_FINANCE_VIA_YFINANCE
2026-07-07,COFORGE,COFORGE.NS,1509.21228,1516.199951,3465445,YAHOO_FINANCE_VIA_YFINANCE
2026-07-07,CROMPTON,CROMPTON.NS,265.3092651,268.5,1256746,YAHOO_FINANCE_VIA_YFINANCE
2026-07-07,CUMMINSIND,CUMMINSIND.NS,5426.491211,5471.5,592191,YAHOO_FINANCE_VIA_YFINANCE
2026-07-07,DEEPAKNTR,DEEPAKNTR.NS,1605.765869,1613.099976,150770,YAHOO_FINANCE_VIA_YFINANCE
2026-07-07,DIXON,DIXON.NS,13242,13242,792499,YAHOO_FINANCE_VIA_YFINANCE
2026-07-07,DRREDDY,DRREDDY.NS,1346.063721,1354.599976,1043736,YAHOO_FINANCE_VIA_YFINANCE
2026-07-07,ESCORTS,ESCORTS.NS,2978.899902,2978.899902,75853,YAHOO_FINANCE_VIA_YFINANCE
2026-07-07,FEDERALBNK,FEDERALBNK.NS,330.4211426,331.5499878,4018922,YAHOO_FINANCE_VIA_YFINANCE
2026-07-07,HAL,HAL.NS,4391.401367,4400.299805,457694,YAHOO_FINANCE_VIA_YFINANCE
2026-07-07,HDFCBANK,HDFCBANK.NS,829.2999878,829.2999878,57611729,YAHOO_FINANCE_VIA_YFINANCE
2026-07-07,HINDUNILVR,HINDUNILVR.NS,2208.800049,2208.800049,2552492,YAHOO_FINANCE_VIA_YFINANCE
2026-07-07,ICICIBANK,ICICIBANK.NS,1402.873047,1414.699951,15664178,YAHOO_FINANCE_VIA_YFINANCE
2026-07-07,IDFCFIRSTB,IDFCFIRSTB.NS,80.19441223,80.43000031,16245821,YAHOO_FINANCE_VIA_YFINANCE
2026-07-07,INDUSINDBK,INDUSINDBK.NS,1022.25,1022.25,5804915,YAHOO_FINANCE_VIA_YFINANCE
2026-07-07,INFY,INFY.NS,1071.800049,1071.800049,18866296,YAHOO_FINANCE_VIA_YFINANCE
2026-07-07,KAYNES,KAYNES.NS,3312.600098,3312.600098,665014,YAHOO_FINANCE_VIA_YFINANCE
2026-07-07,KEI,KEI.NS,5106,5106,330868,YAHOO_FINANCE_VIA_YFINANCE
2026-07-07,KOTAKBANK,KOTAKBANK.NS,381.0421753,381.7000122,23216875,YAHOO_FINANCE_VIA_YFINANCE
2026-07-07,KPITTECH,KPITTECH.NS,557.690918,562.4000244,3766444,YAHOO_FINANCE_VIA_YFINANCE
2026-07-07,LALPATHLAB,LALPATHLAB.NS,1676.335815,1680.800049,549913,YAHOO_FINANCE_VIA_YFINANCE
2026-07-07,LT,LT.NS,3991.899902,3991.899902,2442514,YAHOO_FINANCE_VIA_YFINANCE
2026-07-07,M&M,M&M.NS,3196.399902,3196.399902,2426521,YAHOO_FINANCE_VIA_YFINANCE
2026-07-07,MARUTI,MARUTI.NS,14393.44629,14538,524759,YAHOO_FINANCE_VIA_YFINANCE
2026-07-07,MAXHEALTH,MAXHEALTH.NS,1118.400024,1118.400024,2060511,YAHOO_FINANCE_VIA_YFINANCE
2026-07-07,NIFTY,^NSEI,24398.69922,24398.69922,412600,YAHOO_FINANCE_VIA_YFINANCE
2026-07-07,PERSISTENT,PERSISTENT.NS,4867.892578,4884.799805,1301127,YAHOO_FINANCE_VIA_YFINANCE
2026-07-07,PIIND,PIIND.NS,2642.813965,2652.300049,150628,YAHOO_FINANCE_VIA_YFINANCE
2026-07-07,POLYCAB,POLYCAB.NS,9401,9401,178259,YAHOO_FINANCE_VIA_YFINANCE
2026-07-07,RELIANCE,RELIANCE.NS,1308.400024,1308.400024,14335554,YAHOO_FINANCE_VIA_YFINANCE
2026-07-07,SBIN,SBIN.NS,1038.099976,1038.099976,11053574,YAHOO_FINANCE_VIA_YFINANCE
2026-07-07,SIEMENS,SIEMENS.NS,3477.909668,3495,379280,YAHOO_FINANCE_VIA_YFINANCE
2026-07-07,SUNPHARMA,SUNPHARMA.NS,1903.400024,1903.400024,2060613,YAHOO_FINANCE_VIA_YFINANCE
2026-07-07,SUPREMEIND,SUPREMEIND.NS,3181.399902,3181.399902,270096,YAHOO_FINANCE_VIA_YFINANCE
2026-07-07,TATAMOTORS,TMPV.NS,342.2999878,342.2999878,7428187,YAHOO_FINANCE_VIA_YFINANCE
2026-07-07,TCS,TCS.NS,2084.669922,2096.100098,4769048,YAHOO_FINANCE_VIA_YFINANCE
2026-07-07,TITAN,TITAN.NS,4589.14209,4604.200195,3385946,YAHOO_FINANCE_VIA_YFINANCE
2026-07-07,TRENT,TRENT.NS,2927.800049,2927.800049,9059505,YAHOO_FINANCE_VIA_YFINANCE
2026-07-07,ULTRACEMCO,ULTRACEMCO.NS,11415.98145,11649,152287,YAHOO_FINANCE_VIA_YFINANCE
2026-07-07,VOLTAS,VOLTAS.NS,1288,1288,1434744,YAHOO_FINANCE_VIA_YFINANCE
2026-07-08,ABB,ABB.NS,6692.710938,6771.5,331230,YAHOO_FINANCE_VIA_YFINANCE
2026-07-08,APLAPOLLO,APLAPOLLO.NS,1809.599976,1809.599976,967207,YAHOO_FINANCE_VIA_YFINANCE
2026-07-08,APOLLOHOSP,APOLLOHOSP.NS,8743.321289,8753.5,275829,YAHOO_FINANCE_VIA_YFINANCE
2026-07-08,ASIANPAINT,ASIANPAINT.NS,2665.899902,2665.899902,1481672,YAHOO_FINANCE_VIA_YFINANCE
2026-07-08,ASTRAL,ASTRAL.NS,1333.901978,1336,612098,YAHOO_FINANCE_VIA_YFINANCE
2026-07-08,AXISBANK,AXISBANK.NS,1308.490845,1309.5,6917968,YAHOO_FINANCE_VIA_YFINANCE
2026-07-08,BAJFINANCE,BAJFINANCE.NS,1010.400024,1010.400024,8313859,YAHOO_FINANCE_VIA_YFINANCE
2026-07-08,BALKRISIND,BALKRISIND.NS,2159.786377,2167.300049,376475,YAHOO_FINANCE_VIA_YFINANCE
2026-07-08,BANKBARODA,BANKBARODA.NS,240.4499969,240.4499969,17045169,YAHOO_FINANCE_VIA_YFINANCE
2026-07-08,BANKNIFTY,^NSEBANK,56742.60156,56742.60156,304900,YAHOO_FINANCE_VIA_YFINANCE
2026-07-08,BEL,BEL.NS,407.0474243,407.6000061,12837834,YAHOO_FINANCE_VIA_YFINANCE
2026-07-08,BHARTIARTL,BHARTIARTL.NS,1864.633179,1888.099976,6188780,YAHOO_FINANCE_VIA_YFINANCE
2026-07-08,CIPLA,CIPLA.NS,1431.800049,1431.800049,1163676,YAHOO_FINANCE_VIA_YFINANCE
2026-07-08,COFORGE,COFORGE.NS,1439.236328,1445.900024,2843349,YAHOO_FINANCE_VIA_YFINANCE
2026-07-08,CROMPTON,CROMPTON.NS,255.8233337,258.8999939,1941108,YAHOO_FINANCE_VIA_YFINANCE
2026-07-08,CUMMINSIND,CUMMINSIND.NS,5453.269043,5498.5,392522,YAHOO_FINANCE_VIA_YFINANCE
2026-07-08,DEEPAKNTR,DEEPAKNTR.NS,1564.156006,1571.300049,199541,YAHOO_FINANCE_VIA_YFINANCE
2026-07-08,DIXON,DIXON.NS,12934,12934,544218,YAHOO_FINANCE_VIA_YFINANCE
2026-07-08,DRREDDY,DRREDDY.NS,1340.499023,1349,1561612,YAHOO_FINANCE_VIA_YFINANCE
2026-07-08,ESCORTS,ESCORTS.NS,2919.800049,2919.800049,86079,YAHOO_FINANCE_VIA_YFINANCE
2026-07-08,FEDERALBNK,FEDERALBNK.NS,325.4381714,326.5499878,4715547,YAHOO_FINANCE_VIA_YFINANCE
2026-07-08,HAL,HAL.NS,4355.873535,4364.700195,1050626,YAHOO_FINANCE_VIA_YFINANCE
2026-07-08,HDFCBANK,HDFCBANK.NS,810.2999878,810.2999878,38754632,YAHOO_FINANCE_VIA_YFINANCE
2026-07-08,HINDUNILVR,HINDUNILVR.NS,2135.800049,2135.800049,1326689,YAHOO_FINANCE_VIA_YFINANCE
2026-07-08,ICICIBANK,ICICIBANK.NS,1369.058105,1380.599976,10573142,YAHOO_FINANCE_VIA_YFINANCE
2026-07-08,IDFCFIRSTB,IDFCFIRSTB.NS,77.59205627,77.81999969,20844974,YAHOO_FINANCE_VIA_YFINANCE
2026-07-08,INDUSINDBK,INDUSINDBK.NS,994.6500244,994.6500244,3903183,YAHOO_FINANCE_VIA_YFINANCE
2026-07-08,INFY,INFY.NS,1069.300049,1069.300049,13022221,YAHOO_FINANCE_VIA_YFINANCE
2026-07-08,KAYNES,KAYNES.NS,3210.699951,3210.699951,905589,YAHOO_FINANCE_VIA_YFINANCE
2026-07-08,KEI,KEI.NS,5030.5,5030.5,297571,YAHOO_FINANCE_VIA_YFINANCE
2026-07-08,KOTAKBANK,KOTAKBANK.NS,369.4621582,370.1000061,22517529,YAHOO_FINANCE_VIA_YFINANCE
2026-07-08,KPITTECH,KPITTECH.NS,549.9561768,554.5999756,2948579,YAHOO_FINANCE_VIA_YFINANCE
2026-07-08,LALPATHLAB,LALPATHLAB.NS,1649.108276,1653.5,187410,YAHOO_FINANCE_VIA_YFINANCE
2026-07-08,LT,LT.NS,3892.100098,3892.100098,2252308,YAHOO_FINANCE_VIA_YFINANCE
2026-07-08,M&M,M&M.NS,3102.5,3102.5,2933765,YAHOO_FINANCE_VIA_YFINANCE
2026-07-08,MARUTI,MARUTI.NS,13812.28223,13951,481076,YAHOO_FINANCE_VIA_YFINANCE
2026-07-08,MAXHEALTH,MAXHEALTH.NS,1084.800049,1084.800049,1970930,YAHOO_FINANCE_VIA_YFINANCE
2026-07-08,NIFTY,^NSEI,23882.05078,23882.05078,420500,YAHOO_FINANCE_VIA_YFINANCE
2026-07-08,PERSISTENT,PERSISTENT.NS,4752.991699,4769.5,662309,YAHOO_FINANCE_VIA_YFINANCE
2026-07-08,PIIND,PIIND.NS,2563.100098,2572.300049,155183,YAHOO_FINANCE_VIA_YFINANCE
2026-07-08,POLYCAB,POLYCAB.NS,9234,9234,273126,YAHOO_FINANCE_VIA_YFINANCE
2026-07-08,RELIANCE,RELIANCE.NS,1275.900024,1275.900024,19960868,YAHOO_FINANCE_VIA_YFINANCE
2026-07-08,SBIN,SBIN.NS,1016.900024,1016.900024,14141694,YAHOO_FINANCE_VIA_YFINANCE
2026-07-08,SIEMENS,SIEMENS.NS,3429.248779,3446.100098,358879,YAHOO_FINANCE_VIA_YFINANCE
2026-07-08,SUNPHARMA,SUNPHARMA.NS,1888.199951,1888.199951,2785926,YAHOO_FINANCE_VIA_YFINANCE
2026-07-08,SUPREMEIND,SUPREMEIND.NS,3179.399902,3179.399902,196587,YAHOO_FINANCE_VIA_YFINANCE
2026-07-08,TATAMOTORS,TMPV.NS,332.0499878,332.0499878,10789766,YAHOO_FINANCE_VIA_YFINANCE
2026-07-08,TCS,TCS.NS,2046.280396,2057.5,3666985,YAHOO_FINANCE_VIA_YFINANCE
2026-07-08,TITAN,TITAN.NS,4571.399902,4586.399902,1045703,YAHOO_FINANCE_VIA_YFINANCE
2026-07-08,TRENT,TRENT.NS,2924,2924,2737768,YAHOO_FINANCE_VIA_YFINANCE
2026-07-08,ULTRACEMCO,ULTRACEMCO.NS,11125.90234,11353,213785,YAHOO_FINANCE_VIA_YFINANCE
2026-07-08,VOLTAS,VOLTAS.NS,1253.599976,1253.599976,1169679,YAHOO_FINANCE_VIA_YFINANCE
2026-07-09,ABB,ABB.NS,6740.646484,6820,119092,YAHOO_FINANCE_VIA_YFINANCE
2026-07-09,APLAPOLLO,APLAPOLLO.NS,1785.900024,1785.900024,545781,YAHOO_FINANCE_VIA_YFINANCE
2026-07-09,APOLLOHOSP,APOLLOHOSP.NS,8835.214844,8845.5,571832,YAHOO_FINANCE_VIA_YFINANCE
2026-07-09,ASIANPAINT,ASIANPAINT.NS,2673.800049,2673.800049,918568,YAHOO_FINANCE_VIA_YFINANCE
2026-07-09,ASTRAL,ASTRAL.NS,1315.031616,1317.099976,527329,YAHOO_FINANCE_VIA_YFINANCE
2026-07-09,AXISBANK,AXISBANK.NS,1296.599976,1297.599976,5609851,YAHOO_FINANCE_VIA_YFINANCE
2026-07-09,BAJFINANCE,BAJFINANCE.NS,1003.799988,1003.799988,11712515,YAHOO_FINANCE_VIA_YFINANCE
2026-07-09,BALKRISIND,BALKRISIND.NS,2194.166748,2201.800049,246999,YAHOO_FINANCE_VIA_YFINANCE
2026-07-09,BANKBARODA,BANKBARODA.NS,244.6000061,244.6000061,10797792,YAHOO_FINANCE_VIA_YFINANCE
2026-07-09,BANKNIFTY,^NSEBANK,57252.44922,57252.44922,231600,YAHOO_FINANCE_VIA_YFINANCE
2026-07-09,BEL,BEL.NS,405.6493225,406.2000122,10893635,YAHOO_FINANCE_VIA_YFINANCE
2026-07-09,BHARTIARTL,BHARTIARTL.NS,1907.098633,1931.099976,11145066,YAHOO_FINANCE_VIA_YFINANCE
2026-07-09,CIPLA,CIPLA.NS,1441.300049,1441.300049,947375,YAHOO_FINANCE_VIA_YFINANCE
2026-07-09,COFORGE,COFORGE.NS,1461.831665,1468.599976,1647511,YAHOO_FINANCE_VIA_YFINANCE
2026-07-09,CROMPTON,CROMPTON.NS,255.9221649,259,1877083,YAHOO_FINANCE_VIA_YFINANCE
2026-07-09,CUMMINSIND,CUMMINSIND.NS,5496.907227,5542.5,295533,YAHOO_FINANCE_VIA_YFINANCE
2026-07-09,DEEPAKNTR,DEEPAKNTR.NS,1613.828979,1621.199951,202711,YAHOO_FINANCE_VIA_YFINANCE
2026-07-09,DIXON,DIXON.NS,13477,13477,825754,YAHOO_FINANCE_VIA_YFINANCE
2026-07-09,DRREDDY,DRREDDY.NS,1261.5,1269.5,8410883,YAHOO_FINANCE_VIA_YFINANCE
2026-07-09,ESCORTS,ESCORTS.NS,2908.600098,2908.600098,60567,YAHOO_FINANCE_VIA_YFINANCE
2026-07-09,FEDERALBNK,FEDERALBNK.NS,326.6340942,327.75,3699416,YAHOO_FINANCE_VIA_YFINANCE
2026-07-09,HAL,HAL.NS,4370.044434,4378.899902,584196,YAHOO_FINANCE_VIA_YFINANCE
2026-07-09,HDFCBANK,HDFCBANK.NS,817.5499878,817.5499878,39891798,YAHOO_FINANCE_VIA_YFINANCE
2026-07-09,HINDUNILVR,HINDUNILVR.NS,2144.5,2144.5,2201039,YAHOO_FINANCE_VIA_YFINANCE
2026-07-09,ICICIBANK,ICICIBANK.NS,1369.157227,1380.699951,13948838,YAHOO_FINANCE_VIA_YFINANCE
2026-07-09,IDFCFIRSTB,IDFCFIRSTB.NS,79.22725677,79.45999908,11084077,YAHOO_FINANCE_VIA_YFINANCE
2026-07-09,INDUSINDBK,INDUSINDBK.NS,1015.150024,1015.150024,1952468,YAHOO_FINANCE_VIA_YFINANCE
2026-07-09,INFY,INFY.NS,1050.800049,1050.800049,9003333,YAHOO_FINANCE_VIA_YFINANCE
2026-07-09,KAYNES,KAYNES.NS,3429.100098,3429.100098,3549385,YAHOO_FINANCE_VIA_YFINANCE
2026-07-09,KEI,KEI.NS,5007.5,5007.5,341857,YAHOO_FINANCE_VIA_YFINANCE
2026-07-09,KOTAKBANK,KOTAKBANK.NS,376.5,377.1499939,30720415,YAHOO_FINANCE_VIA_YFINANCE
2026-07-09,KPITTECH,KPITTECH.NS,543.5602417,548.1500244,1950385,YAHOO_FINANCE_VIA_YFINANCE
2026-07-09,LALPATHLAB,LALPATHLAB.NS,1680.12561,1684.599976,253714,YAHOO_FINANCE_VIA_YFINANCE
2026-07-09,LT,LT.NS,3886,3886,5117653,YAHOO_FINANCE_VIA_YFINANCE
2026-07-09,M&M,M&M.NS,3085.399902,3085.399902,2922682,YAHOO_FINANCE_VIA_YFINANCE
2026-07-09,MARUTI,MARUTI.NS,13591.5,13728,576451,YAHOO_FINANCE_VIA_YFINANCE
2026-07-09,MAXHEALTH,MAXHEALTH.NS,1101.300049,1101.300049,2525140,YAHOO_FINANCE_VIA_YFINANCE
2026-07-09,NIFTY,^NSEI,23962.80078,23962.80078,384800,YAHOO_FINANCE_VIA_YFINANCE
2026-07-09,PERSISTENT,PERSISTENT.NS,4813.182617,4829.899902,465088,YAHOO_FINANCE_VIA_YFINANCE
2026-07-09,PIIND,PIIND.NS,2588.209961,2597.5,135177,YAHOO_FINANCE_VIA_YFINANCE
2026-07-09,POLYCAB,POLYCAB.NS,9074,9074,487544,YAHOO_FINANCE_VIA_YFINANCE
2026-07-09,RELIANCE,RELIANCE.NS,1279.800049,1279.800049,14651963,YAHOO_FINANCE_VIA_YFINANCE
2026-07-09,SBIN,SBIN.NS,1022.099976,1022.099976,7661699,YAHOO_FINANCE_VIA_YFINANCE
2026-07-09,SIEMENS,SIEMENS.NS,3459.400391,3476.399902,283931,YAHOO_FINANCE_VIA_YFINANCE
2026-07-09,SUNPHARMA,SUNPHARMA.NS,1938.699951,1938.699951,4446201,YAHOO_FINANCE_VIA_YFINANCE
2026-07-09,SUPREMEIND,SUPREMEIND.NS,3228.399902,3228.399902,85405,YAHOO_FINANCE_VIA_YFINANCE
2026-07-09,TATAMOTORS,TMPV.NS,331.5,331.5,11549474,YAHOO_FINANCE_VIA_YFINANCE
2026-07-09,TCS,TCS.NS,2038.323975,2049.5,3791498,YAHOO_FINANCE_VIA_YFINANCE
2026-07-09,TITAN,TITAN.NS,4555.799805,4555.799805,1777107,YAHOO_FINANCE_VIA_YFINANCE
2026-07-09,TRENT,TRENT.NS,2904.100098,2904.100098,1547534,YAHOO_FINANCE_VIA_YFINANCE
2026-07-09,ULTRACEMCO,ULTRACEMCO.NS,11293.48145,11524,161622,YAHOO_FINANCE_VIA_YFINANCE
2026-07-09,VOLTAS,VOLTAS.NS,1269.400024,1269.400024,1077385,YAHOO_FINANCE_VIA_YFINANCE
2026-07-10,ABB,ABB.NS,6756.460449,6836,110261,YAHOO_FINANCE_VIA_YFINANCE
2026-07-10,APLAPOLLO,APLAPOLLO.NS,1835.900024,1835.900024,574806,YAHOO_FINANCE_VIA_YFINANCE
2026-07-10,APOLLOHOSP,APOLLOHOSP.NS,8830.719727,8841,264694,YAHOO_FINANCE_VIA_YFINANCE
2026-07-10,ASIANPAINT,ASIANPAINT.NS,2677.800049,2677.800049,982095,YAHOO_FINANCE_VIA_YFINANCE
2026-07-10,ASTRAL,ASTRAL.NS,1331.705566,1333.800049,536850,YAHOO_FINANCE_VIA_YFINANCE
2026-07-10,AXISBANK,AXISBANK.NS,1323.699951,1323.699951,3549139,YAHOO_FINANCE_VIA_YFINANCE
2026-07-10,BAJFINANCE,BAJFINANCE.NS,1020.5,1020.5,7039305,YAHOO_FINANCE_VIA_YFINANCE
2026-07-10,BALKRISIND,BALKRISIND.NS,2245.0896,2252.899902,205849,YAHOO_FINANCE_VIA_YFINANCE
2026-07-10,BANKBARODA,BANKBARODA.NS,250.9499969,250.9499969,18239487,YAHOO_FINANCE_VIA_YFINANCE
2026-07-10,BANKNIFTY,^NSEBANK,58045.89844,58045.89844,235600,YAHOO_FINANCE_VIA_YFINANCE
2026-07-10,BEL,BEL.NS,414.2875977,414.8500061,9273712,YAHOO_FINANCE_VIA_YFINANCE
2026-07-10,BHARTIARTL,BHARTIARTL.NS,1896.531738,1920.400024,6420887,YAHOO_FINANCE_VIA_YFINANCE
2026-07-10,CIPLA,CIPLA.NS,1439.400024,1439.400024,745842,YAHOO_FINANCE_VIA_YFINANCE
2026-07-10,COFORGE,COFORGE.NS,1496.869507,1503.800049,2750522,YAHOO_FINANCE_VIA_YFINANCE
2026-07-10,CROMPTON,CROMPTON.NS,258.5900879,261.7000122,1978921,YAHOO_FINANCE_VIA_YFINANCE
2026-07-10,CUMMINSIND,CUMMINSIND.NS,5575.257324,5621.5,463881,YAHOO_FINANCE_VIA_YFINANCE
2026-07-10,DEEPAKNTR,DEEPAKNTR.NS,1636.525391,1644,153220,YAHOO_FINANCE_VIA_YFINANCE
2026-07-10,DIXON,DIXON.NS,13421,13421,1689462,YAHOO_FINANCE_VIA_YFINANCE
2026-07-10,DRREDDY,DRREDDY.NS,1244.300049,1244.300049,8106606,YAHOO_FINANCE_VIA_YFINANCE
2026-07-10,ESCORTS,ESCORTS.NS,2941.800049,2941.800049,104378,YAHOO_FINANCE_VIA_YFINANCE
2026-07-10,FEDERALBNK,FEDERALBNK.NS,328.7269592,329.8500061,5400203,YAHOO_FINANCE_VIA_YFINANCE
2026-07-10,HAL,HAL.NS,4497.686035,4506.799805,1078390,YAHOO_FINANCE_VIA_YFINANCE
2026-07-10,HDFCBANK,HDFCBANK.NS,824.9500122,824.9500122,23595785,YAHOO_FINANCE_VIA_YFINANCE
2026-07-10,HINDUNILVR,HINDUNILVR.NS,2150.600098,2150.600098,1665179,YAHOO_FINANCE_VIA_YFINANCE
2026-07-10,ICICIBANK,ICICIBANK.NS,1389.48584,1401.199951,6409645,YAHOO_FINANCE_VIA_YFINANCE
2026-07-10,IDFCFIRSTB,IDFCFIRSTB.NS,80.59324646,80.83000183,14703154,YAHOO_FINANCE_VIA_YFINANCE
2026-07-10,INDUSINDBK,INDUSINDBK.NS,1015.799988,1015.799988,1084109,YAHOO_FINANCE_VIA_YFINANCE
2026-07-10,INFY,INFY.NS,1068,1068,9747266,YAHOO_FINANCE_VIA_YFINANCE
2026-07-10,KAYNES,KAYNES.NS,3336.100098,3336.100098,1375926,YAHOO_FINANCE_VIA_YFINANCE
2026-07-10,KEI,KEI.NS,5149.5,5149.5,247260,YAHOO_FINANCE_VIA_YFINANCE
2026-07-10,KOTAKBANK,KOTAKBANK.NS,376.9492188,377.6000061,15468937,YAHOO_FINANCE_VIA_YFINANCE
2026-07-10,KPITTECH,KPITTECH.NS,557.0463257,561.75,4155099,YAHOO_FINANCE_VIA_YFINANCE
2026-07-10,LALPATHLAB,LALPATHLAB.NS,1688.303955,1692.800049,207591,YAHOO_FINANCE_VIA_YFINANCE
2026-07-10,LT,LT.NS,3945.800049,3945.800049,1283990,YAHOO_FINANCE_VIA_YFINANCE
2026-07-10,M&M,M&M.NS,3129.399902,3129.399902,1814898,YAHOO_FINANCE_VIA_YFINANCE
2026-07-10,MARUTI,MARUTI.NS,13716.24707,13854,430154,YAHOO_FINANCE_VIA_YFINANCE
2026-07-10,MAXHEALTH,MAXHEALTH.NS,1108.099976,1108.099976,1749088,YAHOO_FINANCE_VIA_YFINANCE
2026-07-10,NIFTY,^NSEI,24206.90039,24206.90039,313100,YAHOO_FINANCE_VIA_YFINANCE
2026-07-10,PERSISTENT,PERSISTENT.NS,5036.407227,5053.899902,1205108,YAHOO_FINANCE_VIA_YFINANCE
2026-07-10,PIIND,PIIND.NS,2598.074463,2607.399902,188072,YAHOO_FINANCE_VIA_YFINANCE
2026-07-10,POLYCAB,POLYCAB.NS,9210.5,9210.5,396730,YAHOO_FINANCE_VIA_YFINANCE
2026-07-10,RELIANCE,RELIANCE.NS,1307.800049,1307.800049,8412537,YAHOO_FINANCE_VIA_YFINANCE
2026-07-10,SBIN,SBIN.NS,1036,1036,8792150,YAHOO_FINANCE_VIA_YFINANCE
2026-07-10,SIEMENS,SIEMENS.NS,3479.402344,3496.5,231262,YAHOO_FINANCE_VIA_YFINANCE
2026-07-10,SUNPHARMA,SUNPHARMA.NS,1935.5,1935.5,1478172,YAHOO_FINANCE_VIA_YFINANCE
2026-07-10,SUPREMEIND,SUPREMEIND.NS,3319.600098,3319.600098,174648,YAHOO_FINANCE_VIA_YFINANCE
2026-07-10,TATAMOTORS,TMPV.NS,337.9500122,337.9500122,19331002,YAHOO_FINANCE_VIA_YFINANCE
2026-07-10,TCS,TCS.NS,2057.717529,2069,6714551,YAHOO_FINANCE_VIA_YFINANCE
2026-07-10,TITAN,TITAN.NS,4584.399902,4584.399902,652646,YAHOO_FINANCE_VIA_YFINANCE
2026-07-10,TRENT,TRENT.NS,2902.800049,2902.800049,1093622,YAHOO_FINANCE_VIA_YFINANCE
2026-07-10,ULTRACEMCO,ULTRACEMCO.NS,11476.74121,11711,135130,YAHOO_FINANCE_VIA_YFINANCE
2026-07-10,VOLTAS,VOLTAS.NS,1286.699951,1286.699951,487361,YAHOO_FINANCE_VIA_YFINANCE
2026-07-13,ABB,ABB.NS,6727.797852,6807,297882,YAHOO_FINANCE_VIA_YFINANCE
2026-07-13,APLAPOLLO,APLAPOLLO.NS,1828.699951,1828.699951,424716,YAHOO_FINANCE_VIA_YFINANCE
2026-07-13,APOLLOHOSP,APOLLOHOSP.NS,8772.288086,8782.5,410798,YAHOO_FINANCE_VIA_YFINANCE
2026-07-13,ASIANPAINT,ASIANPAINT.NS,2652.100098,2652.100098,1107802,YAHOO_FINANCE_VIA_YFINANCE
2026-07-13,ASTRAL,ASTRAL.NS,1328.810059,1330.900024,269697,YAHOO_FINANCE_VIA_YFINANCE
2026-07-13,AXISBANK,AXISBANK.NS,1319.400024,1319.400024,3674483,YAHOO_FINANCE_VIA_YFINANCE
2026-07-13,BAJFINANCE,BAJFINANCE.NS,1022.599976,1022.599976,4874070,YAHOO_FINANCE_VIA_YFINANCE
2026-07-13,BALKRISIND,BALKRISIND.NS,2208.417236,2216.100098,159719,YAHOO_FINANCE_VIA_YFINANCE
2026-07-13,BANKBARODA,BANKBARODA.NS,250.6499939,250.6499939,18662940,YAHOO_FINANCE_VIA_YFINANCE
2026-07-13,BANKNIFTY,^NSEBANK,58131.44922,58131.44922,210300,YAHOO_FINANCE_VIA_YFINANCE
2026-07-13,BEL,BEL.NS,410.2430725,410.7999878,6650781,YAHOO_FINANCE_VIA_YFINANCE
2026-07-13,BHARTIARTL,BHARTIARTL.NS,1878.162964,1901.800049,7862506,YAHOO_FINANCE_VIA_YFINANCE
2026-07-13,CIPLA,CIPLA.NS,1426.699951,1426.699951,844670,YAHOO_FINANCE_VIA_YFINANCE
2026-07-13,COFORGE,COFORGE.NS,1533.798462,1540.900024,5132000,YAHOO_FINANCE_VIA_YFINANCE
2026-07-13,CROMPTON,CROMPTON.NS,258.6888733,261.7999878,4132466,YAHOO_FINANCE_VIA_YFINANCE
2026-07-13,CUMMINSIND,CUMMINSIND.NS,5509.304199,5555,323370,YAHOO_FINANCE_VIA_YFINANCE
2026-07-13,DEEPAKNTR,DEEPAKNTR.NS,1659.619873,1667.199951,151399,YAHOO_FINANCE_VIA_YFINANCE
2026-07-13,DIXON,DIXON.NS,13490,13490,609309,YAHOO_FINANCE_VIA_YFINANCE
2026-07-13,DRREDDY,DRREDDY.NS,1234.5,1234.5,2437935,YAHOO_FINANCE_VIA_YFINANCE
2026-07-13,ESCORTS,ESCORTS.NS,2969.699951,2969.699951,96473,YAHOO_FINANCE_VIA_YFINANCE
2026-07-13,FEDERALBNK,FEDERALBNK.NS,331.3679199,332.5,4617054,YAHOO_FINANCE_VIA_YFINANCE
2026-07-13,HAL,HAL.NS,4502.176758,4511.299805,569353,YAHOO_FINANCE_VIA_YFINANCE
2026-07-13,HDFCBANK,HDFCBANK.NS,817.9500122,817.9500122,21741736,YAHOO_FINANCE_VIA_YFINANCE
2026-07-13,HINDUNILVR,HINDUNILVR.NS,2130.600098,2130.600098,1833988,YAHOO_FINANCE_VIA_YFINANCE
2026-07-13,ICICIBANK,ICICIBANK.NS,1397.716553,1409.5,10091437,YAHOO_FINANCE_VIA_YFINANCE
2026-07-13,IDFCFIRSTB,IDFCFIRSTB.NS,80.34397888,80.58000183,13772292,YAHOO_FINANCE_VIA_YFINANCE
2026-07-13,INDUSINDBK,INDUSINDBK.NS,1012.900024,1012.900024,862018,YAHOO_FINANCE_VIA_YFINANCE
2026-07-13,INFY,INFY.NS,1102.599976,1102.599976,20994760,YAHOO_FINANCE_VIA_YFINANCE
2026-07-13,KAYNES,KAYNES.NS,3319.5,3319.5,796963,YAHOO_FINANCE_VIA_YFINANCE
2026-07-13,KEI,KEI.NS,5112,5112,323058,YAHOO_FINANCE_VIA_YFINANCE
2026-07-13,KOTAKBANK,KOTAKBANK.NS,383.9870605,384.6499939,14167721,YAHOO_FINANCE_VIA_YFINANCE
2026-07-13,KPITTECH,KPITTECH.NS,568.6483765,573.4500122,5545256,YAHOO_FINANCE_VIA_YFINANCE
2026-07-13,LALPATHLAB,LALPATHLAB.NS,1720.518066,1725.099976,334674,YAHOO_FINANCE_VIA_YFINANCE
2026-07-13,LT,LT.NS,3928.5,3928.5,1744547,YAHOO_FINANCE_VIA_YFINANCE
2026-07-13,M&M,M&M.NS,3160.399902,3160.399902,1770170,YAHOO_FINANCE_VIA_YFINANCE
2026-07-13,MARUTI,MARUTI.NS,13558.82812,13695,458633,YAHOO_FINANCE_VIA_YFINANCE
2026-07-13,MAXHEALTH,MAXHEALTH.NS,1106.199951,1106.199951,1676994,YAHOO_FINANCE_VIA_YFINANCE
2026-07-13,NIFTY,^NSEI,24211,24211,322700,YAHOO_FINANCE_VIA_YFINANCE
2026-07-13,PERSISTENT,PERSISTENT.NS,5174.428223,5192.399902,1033379,YAHOO_FINANCE_VIA_YFINANCE
2026-07-13,PIIND,PIIND.NS,2559.812012,2569,133250,YAHOO_FINANCE_VIA_YFINANCE
2026-07-13,POLYCAB,POLYCAB.NS,9306.5,9306.5,378532,YAHOO_FINANCE_VIA_YFINANCE
2026-07-13,RELIANCE,RELIANCE.NS,1296.900024,1296.900024,9488352,YAHOO_FINANCE_VIA_YFINANCE
2026-07-13,SBIN,SBIN.NS,1037,1037,8381510,YAHOO_FINANCE_VIA_YFINANCE
2026-07-13,SIEMENS,SIEMENS.NS,3460.793701,3477.800049,231661,YAHOO_FINANCE_VIA_YFINANCE
2026-07-13,SUNPHARMA,SUNPHARMA.NS,1921.400024,1921.400024,1573176,YAHOO_FINANCE_VIA_YFINANCE
2026-07-13,SUPREMEIND,SUPREMEIND.NS,3334.600098,3334.600098,209558,YAHOO_FINANCE_VIA_YFINANCE
2026-07-13,TATAMOTORS,TMPV.NS,342.25,342.25,8402444,YAHOO_FINANCE_VIA_YFINANCE
2026-07-13,TCS,TCS.NS,2169.604248,2181.5,12382622,YAHOO_FINANCE_VIA_YFINANCE
2026-07-13,TITAN,TITAN.NS,4601.5,4601.5,770367,YAHOO_FINANCE_VIA_YFINANCE
2026-07-13,TRENT,TRENT.NS,2900.100098,2900.100098,1111293,YAHOO_FINANCE_VIA_YFINANCE
2026-07-13,ULTRACEMCO,ULTRACEMCO.NS,11339.54199,11571,121301,YAHOO_FINANCE_VIA_YFINANCE
2026-07-13,VOLTAS,VOLTAS.NS,1349.5,1349.5,2093557,YAHOO_FINANCE_VIA_YFINANCE
2026-07-14,ABB,ABB.NS,6811.808594,6892,187662,YAHOO_FINANCE_VIA_YFINANCE
2026-07-14,APLAPOLLO,APLAPOLLO.NS,1799,1799,320507,YAHOO_FINANCE_VIA_YFINANCE
2026-07-14,APOLLOHOSP,APOLLOHOSP.NS,8890.150391,8900.5,412508,YAHOO_FINANCE_VIA_YFINANCE
2026-07-14,ASIANPAINT,ASIANPAINT.NS,2641,2641,975301,YAHOO_FINANCE_VIA_YFINANCE
2026-07-14,ASTRAL,ASTRAL.NS,1356.366699,1358.5,956486,YAHOO_FINANCE_VIA_YFINANCE
2026-07-14,AXISBANK,AXISBANK.NS,1317.599976,1317.599976,6005505,YAHOO_FINANCE_VIA_YFINANCE
2026-07-14,BAJFINANCE,BAJFINANCE.NS,1006.599976,1006.599976,6458393,YAHOO_FINANCE_VIA_YFINANCE
2026-07-14,BALKRISIND,BALKRISIND.NS,2157.494141,2165,136470,YAHOO_FINANCE_VIA_YFINANCE
2026-07-14,BANKBARODA,BANKBARODA.NS,246.6000061,246.6000061,9026197,YAHOO_FINANCE_VIA_YFINANCE
2026-07-14,BANKNIFTY,^NSEBANK,57462.30078,57462.30078,206800,YAHOO_FINANCE_VIA_YFINANCE
2026-07-14,BEL,BEL.NS,409.5440369,410.1000061,10652838,YAHOO_FINANCE_VIA_YFINANCE
2026-07-14,BHARTIARTL,BHARTIARTL.NS,1912.431641,1936.5,6964062,YAHOO_FINANCE_VIA_YFINANCE
2026-07-14,CIPLA,CIPLA.NS,1438.099976,1438.099976,1221695,YAHOO_FINANCE_VIA_YFINANCE
2026-07-14,COFORGE,COFORGE.NS,1527.427979,1534.5,2837341,YAHOO_FINANCE_VIA_YFINANCE
2026-07-14,CROMPTON,CROMPTON.NS,257.8983765,261,3432777,YAHOO_FINANCE_VIA_YFINANCE
2026-07-14,CUMMINSIND,CUMMINSIND.NS,5448.310059,5493.5,356814,YAHOO_FINANCE_VIA_YFINANCE
2026-07-14,DEEPAKNTR,DEEPAKNTR.NS,1661.710449,1669.300049,314981,YAHOO_FINANCE_VIA_YFINANCE
2026-07-14,DIXON,DIXON.NS,13365,13365,396507,YAHOO_FINANCE_VIA_YFINANCE
2026-07-14,DRREDDY,DRREDDY.NS,1246.199951,1246.199951,1984818,YAHOO_FINANCE_VIA_YFINANCE
2026-07-14,ESCORTS,ESCORTS.NS,2928.399902,2928.399902,45372,YAHOO_FINANCE_VIA_YFINANCE
2026-07-14,FEDERALBNK,FEDERALBNK.NS,326.3849487,327.5,3477293,YAHOO_FINANCE_VIA_YFINANCE
2026-07-14,HAL,HAL.NS,4433.416016,4442.399902,770894,YAHOO_FINANCE_VIA_YFINANCE
2026-07-14,HDFCBANK,HDFCBANK.NS,809.4000244,809.4000244,25605395,YAHOO_FINANCE_VIA_YFINANCE
2026-07-14,HINDUNILVR,HINDUNILVR.NS,2120.199951,2120.199951,2681897,YAHOO_FINANCE_VIA_YFINANCE
2026-07-14,ICICIBANK,ICICIBANK.NS,1395.931519,1407.699951,14133017,YAHOO_FINANCE_VIA_YFINANCE
2026-07-14,IDFCFIRSTB,IDFCFIRSTB.NS,79.03781128,79.26999664,13422071,YAHOO_FINANCE_VIA_YFINANCE
2026-07-14,INDUSINDBK,INDUSINDBK.NS,997.3499756,997.3499756,767488,YAHOO_FINANCE_VIA_YFINANCE
2026-07-14,INFY,INFY.NS,1092.900024,1092.900024,14819413,YAHOO_FINANCE_VIA_YFINANCE
2026-07-14,KAYNES,KAYNES.NS,3288.399902,3288.399902,521969,YAHOO_FINANCE_VIA_YFINANCE
2026-07-14,KEI,KEI.NS,5120.5,5120.5,299911,YAHOO_FINANCE_VIA_YFINANCE
2026-07-14,KOTAKBANK,KOTAKBANK.NS,377.997406,378.6499939,16237528,YAHOO_FINANCE_VIA_YFINANCE
2026-07-14,KPITTECH,KPITTECH.NS,550.9478149,555.5999756,3059510,YAHOO_FINANCE_VIA_YFINANCE
2026-07-14,LALPATHLAB,LALPATHLAB.NS,1739.966187,1744.599976,286027,YAHOO_FINANCE_VIA_YFINANCE
2026-07-14,LT,LT.NS,3848.699951,3848.699951,2409089,YAHOO_FINANCE_VIA_YFINANCE
2026-07-14,M&M,M&M.NS,3093.300049,3093.300049,2376410,YAHOO_FINANCE_VIA_YFINANCE
2026-07-14,MARUTI,MARUTI.NS,13354.87598,13489,368645,YAHOO_FINANCE_VIA_YFINANCE
2026-07-14,MAXHEALTH,MAXHEALTH.NS,1092.900024,1092.900024,2223510,YAHOO_FINANCE_VIA_YFINANCE
2026-07-14,NIFTY,^NSEI,24052.05078,24052.05078,355800,YAHOO_FINANCE_VIA_YFINANCE
2026-07-14,PERSISTENT,PERSISTENT.NS,5111.347168,5129.100098,567112,YAHOO_FINANCE_VIA_YFINANCE
2026-07-14,PIIND,PIIND.NS,2528.125732,2537.199951,371827,YAHOO_FINANCE_VIA_YFINANCE
2026-07-14,POLYCAB,POLYCAB.NS,9532.5,9532.5,464552,YAHOO_FINANCE_VIA_YFINANCE
2026-07-14,RELIANCE,RELIANCE.NS,1293,1293,13511284,YAHOO_FINANCE_VIA_YFINANCE
2026-07-14,SBIN,SBIN.NS,1015.400024,1015.400024,11562326,YAHOO_FINANCE_VIA_YFINANCE
2026-07-14,SIEMENS,SIEMENS.NS,3493.134766,3510.300049,224121,YAHOO_FINANCE_VIA_YFINANCE
2026-07-14,SUNPHARMA,SUNPHARMA.NS,1942.599976,1942.599976,2822124,YAHOO_FINANCE_VIA_YFINANCE
2026-07-14,SUPREMEIND,SUPREMEIND.NS,3427.5,3427.5,273774,YAHOO_FINANCE_VIA_YFINANCE
2026-07-14,TATAMOTORS,TMPV.NS,333.3500061,333.3500061,8043834,YAHOO_FINANCE_VIA_YFINANCE
2026-07-14,TCS,TCS.NS,2188.600098,2200.600098,9546290,YAHOO_FINANCE_VIA_YFINANCE
2026-07-14,TITAN,TITAN.NS,4573.700195,4573.700195,631158,YAHOO_FINANCE_VIA_YFINANCE
2026-07-14,TRENT,TRENT.NS,2869.100098,2869.100098,784332,YAHOO_FINANCE_VIA_YFINANCE
2026-07-14,ULTRACEMCO,ULTRACEMCO.NS,11266.04199,11496,404659,YAHOO_FINANCE_VIA_YFINANCE
2026-07-14,VOLTAS,VOLTAS.NS,1358.900024,1358.900024,676554,YAHOO_FINANCE_VIA_YFINANCE
2026-07-15,ABB,ABB.NS,7120.672363,7204.5,763817,YAHOO_FINANCE_VIA_YFINANCE
2026-07-15,APLAPOLLO,APLAPOLLO.NS,1817.199951,1817.199951,257930,YAHOO_FINANCE_VIA_YFINANCE
2026-07-15,APOLLOHOSP,APOLLOHOSP.NS,8923.612305,8934,501832,YAHOO_FINANCE_VIA_YFINANCE
2026-07-15,ASIANPAINT,ASIANPAINT.NS,2670,2670,809114,YAHOO_FINANCE_VIA_YFINANCE
2026-07-15,ASTRAL,ASTRAL.NS,1357.664673,1359.800049,361185,YAHOO_FINANCE_VIA_YFINANCE
2026-07-15,AXISBANK,AXISBANK.NS,1312.300049,1312.300049,9442403,YAHOO_FINANCE_VIA_YFINANCE
2026-07-15,BAJFINANCE,BAJFINANCE.NS,1021.299988,1021.299988,5538356,YAHOO_FINANCE_VIA_YFINANCE
2026-07-15,BALKRISIND,BALKRISIND.NS,2123.512451,2130.899902,99364,YAHOO_FINANCE_VIA_YFINANCE
2026-07-15,BANKBARODA,BANKBARODA.NS,248.1499939,248.1499939,8127491,YAHOO_FINANCE_VIA_YFINANCE
2026-07-15,BANKNIFTY,^NSEBANK,57757.85156,57757.85156,231000,YAHOO_FINANCE_VIA_YFINANCE
2026-07-15,BEL,BEL.NS,410.3928833,410.9500122,9115088,YAHOO_FINANCE_VIA_YFINANCE
2026-07-15,BHARTIARTL,BHARTIARTL.NS,1894.457886,1918.300049,5763065,YAHOO_FINANCE_VIA_YFINANCE
2026-07-15,CIPLA,CIPLA.NS,1438,1438,924453,YAHOO_FINANCE_VIA_YFINANCE
2026-07-15,COFORGE,COFORGE.NS,1526.134033,1533.199951,2948151,YAHOO_FINANCE_VIA_YFINANCE
2026-07-15,CROMPTON,CROMPTON.NS,256.4656067,259.5499878,2178136,YAHOO_FINANCE_VIA_YFINANCE
2026-07-15,CUMMINSIND,CUMMINSIND.NS,5503.849609,5549.5,522110,YAHOO_FINANCE_VIA_YFINANCE
2026-07-15,DEEPAKNTR,DEEPAKNTR.NS,1689.284424,1697,450134,YAHOO_FINANCE_VIA_YFINANCE
2026-07-15,DIXON,DIXON.NS,13651,13651,447702,YAHOO_FINANCE_VIA_YFINANCE
2026-07-15,DRREDDY,DRREDDY.NS,1229.5,1229.5,1685660,YAHOO_FINANCE_VIA_YFINANCE
2026-07-15,ESCORTS,ESCORTS.NS,2918.899902,2918.899902,67720,YAHOO_FINANCE_VIA_YFINANCE
2026-07-15,FEDERALBNK,FEDERALBNK.NS,326.4347534,327.5499878,2909042,YAHOO_FINANCE_VIA_YFINANCE
2026-07-15,HAL,HAL.NS,4411.560547,4420.5,440343,YAHOO_FINANCE_VIA_YFINANCE
2026-07-15,HDFCBANK,HDFCBANK.NS,815.4500122,815.4500122,21488739,YAHOO_FINANCE_VIA_YFINANCE
2026-07-15,HINDUNILVR,HINDUNILVR.NS,2102.600098,2102.600098,2029614,YAHOO_FINANCE_VIA_YFINANCE
2026-07-15,ICICIBANK,ICICIBANK.NS,1404.360474,1416.199951,12961648,YAHOO_FINANCE_VIA_YFINANCE
2026-07-15,IDFCFIRSTB,IDFCFIRSTB.NS,79.23722839,79.47000122,9684988,YAHOO_FINANCE_VIA_YFINANCE
2026-07-15,INDUSINDBK,INDUSINDBK.NS,1009.700012,1009.700012,1491258,YAHOO_FINANCE_VIA_YFINANCE
2026-07-15,INFY,INFY.NS,1076.300049,1076.300049,8501933,YAHOO_FINANCE_VIA_YFINANCE
2026-07-15,KAYNES,KAYNES.NS,3337.199951,3337.199951,496703,YAHOO_FINANCE_VIA_YFINANCE
2026-07-15,KEI,KEI.NS,5092.5,5092.5,346133,YAHOO_FINANCE_VIA_YFINANCE
2026-07-15,KOTAKBANK,KOTAKBANK.NS,377.7478333,378.3999939,8082156,YAHOO_FINANCE_VIA_YFINANCE
2026-07-15,KPITTECH,KPITTECH.NS,546.9813232,551.5999756,3117204,YAHOO_FINANCE_VIA_YFINANCE
2026-07-15,LALPATHLAB,LALPATHLAB.NS,1718.7229,1723.300049,309031,YAHOO_FINANCE_VIA_YFINANCE
2026-07-15,LT,LT.NS,3783.899902,3783.899902,3602201,YAHOO_FINANCE_VIA_YFINANCE
2026-07-15,M&M,M&M.NS,3082.899902,3082.899902,2377390,YAHOO_FINANCE_VIA_YFINANCE
2026-07-15,MARUTI,MARUTI.NS,13447.94141,13583,456369,YAHOO_FINANCE_VIA_YFINANCE
2026-07-15,MAXHEALTH,MAXHEALTH.NS,1102.699951,1102.699951,2718551,YAHOO_FINANCE_VIA_YFINANCE
2026-07-15,NIFTY,^NSEI,24078.5,24078.5,306900,YAHOO_FINANCE_VIA_YFINANCE
2026-07-15,PERSISTENT,PERSISTENT.NS,5058.231445,5075.799805,516067,YAHOO_FINANCE_VIA_YFINANCE
2026-07-15,PIIND,PIIND.NS,2609.932129,2619.300049,200162,YAHOO_FINANCE_VIA_YFINANCE
2026-07-15,POLYCAB,POLYCAB.NS,9324.5,9324.5,414572,YAHOO_FINANCE_VIA_YFINANCE
2026-07-15,RELIANCE,RELIANCE.NS,1295.5,1295.5,9577965,YAHOO_FINANCE_VIA_YFINANCE
2026-07-15,SBIN,SBIN.NS,1030.099976,1030.099976,14275394,YAHOO_FINANCE_VIA_YFINANCE
2026-07-15,SIEMENS,SIEMENS.NS,3554.333984,3571.800049,315307,YAHOO_FINANCE_VIA_YFINANCE
2026-07-15,SUNPHARMA,SUNPHARMA.NS,1951.5,1951.5,2283494,YAHOO_FINANCE_VIA_YFINANCE
2026-07-15,SUPREMEIND,SUPREMEIND.NS,3457.800049,3457.800049,329173,YAHOO_FINANCE_VIA_YFINANCE
2026-07-15,TATAMOTORS,TMPV.NS,333,333,7144390,YAHOO_FINANCE_VIA_YFINANCE
2026-07-15,TCS,TCS.NS,2189.199951,2189.199951,5426489,YAHOO_FINANCE_VIA_YFINANCE
2026-07-15,TITAN,TITAN.NS,4579.399902,4579.399902,619451,YAHOO_FINANCE_VIA_YFINANCE
2026-07-15,TRENT,TRENT.NS,2867.699951,2867.699951,1034561,YAHOO_FINANCE_VIA_YFINANCE
2026-07-15,ULTRACEMCO,ULTRACEMCO.NS,11575.7207,11812,379635,YAHOO_FINANCE_VIA_YFINANCE
2026-07-15,VOLTAS,VOLTAS.NS,1377.400024,1377.400024,671247,YAHOO_FINANCE_VIA_YFINANCE
2026-07-16,ABB,ABB.NS,7578.285156,7667.5,2577801,YAHOO_FINANCE_VIA_YFINANCE
2026-07-16,APLAPOLLO,APLAPOLLO.NS,1792.5,1792.5,354991,YAHOO_FINANCE_VIA_YFINANCE
2026-07-16,APOLLOHOSP,APOLLOHOSP.NS,8877.665039,8888,234384,YAHOO_FINANCE_VIA_YFINANCE
2026-07-16,ASIANPAINT,ASIANPAINT.NS,2674.699951,2674.699951,455037,YAHOO_FINANCE_VIA_YFINANCE
2026-07-16,ASTRAL,ASTRAL.NS,1374.837646,1377,727432,YAHOO_FINANCE_VIA_YFINANCE
2026-07-16,AXISBANK,AXISBANK.NS,1307.599976,1307.599976,5001226,YAHOO_FINANCE_VIA_YFINANCE
2026-07-16,BAJFINANCE,BAJFINANCE.NS,1037.599976,1037.599976,9079076,YAHOO_FINANCE_VIA_YFINANCE
2026-07-16,BALKRISIND,BALKRISIND.NS,2137.563721,2145,175213,YAHOO_FINANCE_VIA_YFINANCE
2026-07-16,BANKBARODA,BANKBARODA.NS,248.3000031,248.3000031,5277402,YAHOO_FINANCE_VIA_YFINANCE
2026-07-16,BANKNIFTY,^NSEBANK,57582.25,57582.25,171400,YAHOO_FINANCE_VIA_YFINANCE
2026-07-16,BEL,BEL.NS,406.5480957,407.1000061,5679241,YAHOO_FINANCE_VIA_YFINANCE
2026-07-16,BHARTIARTL,BHARTIARTL.NS,1897.914307,1921.800049,4644787,YAHOO_FINANCE_VIA_YFINANCE
2026-07-16,CIPLA,CIPLA.NS,1429.5,1429.5,568731,YAHOO_FINANCE_VIA_YFINANCE
2026-07-16,COFORGE,COFORGE.NS,1523.645386,1530.699951,1803970,YAHOO_FINANCE_VIA_YFINANCE
2026-07-16,CROMPTON,CROMPTON.NS,257.2066956,260.2999878,3505606,YAHOO_FINANCE_VIA_YFINANCE
2026-07-16,CUMMINSIND,CUMMINSIND.NS,5546,5592,686668,YAHOO_FINANCE_VIA_YFINANCE
2026-07-16,DEEPAKNTR,DEEPAKNTR.NS,1733.880859,1741.800049,387052,YAHOO_FINANCE_VIA_YFINANCE
2026-07-16,DIXON,DIXON.NS,14507,14507,2267533,YAHOO_FINANCE_VIA_YFINANCE
2026-07-16,DRREDDY,DRREDDY.NS,1224.400024,1224.400024,1935887,YAHOO_FINANCE_VIA_YFINANCE
2026-07-16,ESCORTS,ESCORTS.NS,2944.800049,2944.800049,47233,YAHOO_FINANCE_VIA_YFINANCE
2026-07-16,FEDERALBNK,FEDERALBNK.NS,325.4880066,326.6000061,9916604,YAHOO_FINANCE_VIA_YFINANCE
2026-07-16,HAL,HAL.NS,4424.833496,4433.799805,474213,YAHOO_FINANCE_VIA_YFINANCE
2026-07-16,HDFCBANK,HDFCBANK.NS,808.2999878,808.2999878,18698186,YAHOO_FINANCE_VIA_YFINANCE
2026-07-16,HINDUNILVR,HINDUNILVR.NS,2098.399902,2098.399902,2143092,YAHOO_FINANCE_VIA_YFINANCE
2026-07-16,ICICIBANK,ICICIBANK.NS,1406.34375,1418.199951,10165264,YAHOO_FINANCE_VIA_YFINANCE
2026-07-16,IDFCFIRSTB,IDFCFIRSTB.NS,79.0477829,79.27999878,12618374,YAHOO_FINANCE_VIA_YFINANCE
2026-07-16,INDUSINDBK,INDUSINDBK.NS,1013.5,1013.5,695548,YAHOO_FINANCE_VIA_YFINANCE
2026-07-16,INFY,INFY.NS,1082.400024,1082.400024,8592146,YAHOO_FINANCE_VIA_YFINANCE
2026-07-16,KAYNES,KAYNES.NS,3438.800049,3438.800049,1748955,YAHOO_FINANCE_VIA_YFINANCE
2026-07-16,KEI,KEI.NS,5075.5,5075.5,309292,YAHOO_FINANCE_VIA_YFINANCE
2026-07-16,KOTAKBANK,KOTAKBANK.NS,376.5,377.1499939,10889356,YAHOO_FINANCE_VIA_YFINANCE
2026-07-16,KPITTECH,KPITTECH.NS,546.7333984,551.3499756,1575224,YAHOO_FINANCE_VIA_YFINANCE
2026-07-16,LALPATHLAB,LALPATHLAB.NS,1728.097778,1732.699951,209707,YAHOO_FINANCE_VIA_YFINANCE
2026-07-16,LT,LT.NS,3775.600098,3775.600098,2936753,YAHOO_FINANCE_VIA_YFINANCE
2026-07-16,M&M,M&M.NS,3117.800049,3117.800049,1978238,YAHOO_FINANCE_VIA_YFINANCE
2026-07-16,MARUTI,MARUTI.NS,13645.95312,13783,356847,YAHOO_FINANCE_VIA_YFINANCE
2026-07-16,MAXHEALTH,MAXHEALTH.NS,1098.199951,1098.199951,1454340,YAHOO_FINANCE_VIA_YFINANCE
2026-07-16,NIFTY,^NSEI,24072.75,24072.75,264300,YAHOO_FINANCE_VIA_YFINANCE
2026-07-16,PERSISTENT,PERSISTENT.NS,5041.788574,5059.299805,426991,YAHOO_FINANCE_VIA_YFINANCE
2026-07-16,PIIND,PIIND.NS,2622.387451,2631.800049,170705,YAHOO_FINANCE_VIA_YFINANCE
2026-07-16,POLYCAB,POLYCAB.NS,9215,9215,806800,YAHOO_FINANCE_VIA_YFINANCE
2026-07-16,RELIANCE,RELIANCE.NS,1296.599976,1296.599976,15631046,YAHOO_FINANCE_VIA_YFINANCE
2026-07-16,SBIN,SBIN.NS,1031.199951,1031.199951,7708316,YAHOO_FINANCE_VIA_YFINANCE
2026-07-16,SIEMENS,SIEMENS.NS,3639.7146,3657.600098,1382371,YAHOO_FINANCE_VIA_YFINANCE
2026-07-16,SUNPHARMA,SUNPHARMA.NS,1950.099976,1950.099976,1396189,YAHOO_FINANCE_VIA_YFINANCE
2026-07-16,SUPREMEIND,SUPREMEIND.NS,3522.699951,3522.699951,249000,YAHOO_FINANCE_VIA_YFINANCE
2026-07-16,TATAMOTORS,TMPV.NS,331.7999878,331.7999878,8194443,YAHOO_FINANCE_VIA_YFINANCE
2026-07-16,TCS,TCS.NS,2201,2201,5197595,YAHOO_FINANCE_VIA_YFINANCE
2026-07-16,TITAN,TITAN.NS,4625.799805,4625.799805,1136159,YAHOO_FINANCE_VIA_YFINANCE
2026-07-16,TRENT,TRENT.NS,2860.199951,2860.199951,905518,YAHOO_FINANCE_VIA_YFINANCE
2026-07-16,ULTRACEMCO,ULTRACEMCO.NS,11535.54102,11771,260149,YAHOO_FINANCE_VIA_YFINANCE
2026-07-16,VOLTAS,VOLTAS.NS,1373.900024,1373.900024,865613,YAHOO_FINANCE_VIA_YFINANCE
2026-07-17,ABB,ABB.NS,7418.664551,7506,366304,YAHOO_FINANCE_VIA_YFINANCE
2026-07-17,APLAPOLLO,APLAPOLLO.NS,1795.400024,1795.400024,311231,YAHOO_FINANCE_VIA_YFINANCE
2026-07-17,APOLLOHOSP,APOLLOHOSP.NS,8815.737305,8826,144563,YAHOO_FINANCE_VIA_YFINANCE
2026-07-17,ASIANPAINT,ASIANPAINT.NS,2689,2689,452284,YAHOO_FINANCE_VIA_YFINANCE
2026-07-17,ASTRAL,ASTRAL.NS,1375.636475,1377.800049,624569,YAHOO_FINANCE_VIA_YFINANCE
2026-07-17,AXISBANK,AXISBANK.NS,1328.5,1328.5,11192836,YAHOO_FINANCE_VIA_YFINANCE
2026-07-17,BAJFINANCE,BAJFINANCE.NS,1056.300049,1056.300049,12882360,YAHOO_FINANCE_VIA_YFINANCE
2026-07-17,BALKRISIND,BALKRISIND.NS,2061.985107,2065.300049,314551,YAHOO_FINANCE_VIA_YFINANCE
2026-07-17,BANKBARODA,BANKBARODA.NS,246.8000031,246.8000031,6785854,YAHOO_FINANCE_VIA_YFINANCE
2026-07-17,BANKNIFTY,^NSEBANK,58521.39844,58521.39844,251900,YAHOO_FINANCE_VIA_YFINANCE
2026-07-17,BEL,BEL.NS,408.894928,409.4500122,6678047,YAHOO_FINANCE_VIA_YFINANCE
2026-07-17,BHARTIARTL,BHARTIARTL.NS,1885.075928,1908.800049,4715613,YAHOO_FINANCE_VIA_YFINANCE
2026-07-17,CIPLA,CIPLA.NS,1418.699951,1418.699951,607055,YAHOO_FINANCE_VIA_YFINANCE
2026-07-17,COFORGE,COFORGE.NS,1501.448364,1508.400024,2927353,YAHOO_FINANCE_VIA_YFINANCE
2026-07-17,CROMPTON,CROMPTON.NS,253.4518738,256.5,1557455,YAHOO_FINANCE_VIA_YFINANCE
2026-07-17,CUMMINSIND,CUMMINSIND.NS,5448,5448,666621,YAHOO_FINANCE_VIA_YFINANCE
2026-07-17,DEEPAKNTR,DEEPAKNTR.NS,1700.234497,1708,153400,YAHOO_FINANCE_VIA_YFINANCE
2026-07-17,DIXON,DIXON.NS,14329,14329,674412,YAHOO_FINANCE_VIA_YFINANCE
2026-07-17,DRREDDY,DRREDDY.NS,1211.199951,1211.199951,2075149,YAHOO_FINANCE_VIA_YFINANCE
2026-07-17,ESCORTS,ESCORTS.NS,2937,2937,51586,YAHOO_FINANCE_VIA_YFINANCE
2026-07-17,FEDERALBNK,FEDERALBNK.NS,347.8117371,349,44155126,YAHOO_FINANCE_VIA_YFINANCE
2026-07-17,HAL,HAL.NS,4491.598633,4500.700195,658032,YAHOO_FINANCE_VIA_YFINANCE
2026-07-17,HDFCBANK,HDFCBANK.NS,819.5999756,819.5999756,17415322,YAHOO_FINANCE_VIA_YFINANCE
2026-07-17,HINDUNILVR,HINDUNILVR.NS,2143.800049,2143.800049,1059832,YAHOO_FINANCE_VIA_YFINANCE
2026-07-17,ICICIBANK,ICICIBANK.NS,1432.225708,1444.300049,11112550,YAHOO_FINANCE_VIA_YFINANCE
2026-07-17,IDFCFIRSTB,IDFCFIRSTB.NS,80.11464691,80.34999847,12269443,YAHOO_FINANCE_VIA_YFINANCE
2026-07-17,INDUSINDBK,INDUSINDBK.NS,1027.199951,1027.199951,2257757,YAHOO_FINANCE_VIA_YFINANCE
2026-07-17,INFY,INFY.NS,1096.5,1096.5,12547728,YAHOO_FINANCE_VIA_YFINANCE
2026-07-17,KAYNES,KAYNES.NS,3385.800049,3385.800049,685964,YAHOO_FINANCE_VIA_YFINANCE
2026-07-17,KEI,KEI.NS,4906.5,4906.5,569747,YAHOO_FINANCE_VIA_YFINANCE
2026-07-17,KOTAKBANK,KOTAKBANK.NS,389.9500122,389.9500122,17847316,YAHOO_FINANCE_VIA_YFINANCE
2026-07-17,KPITTECH,KPITTECH.NS,549.4108276,554.0499878,1542011,YAHOO_FINANCE_VIA_YFINANCE
2026-07-17,LALPATHLAB,LALPATHLAB.NS,1682.918213,1687.400024,212534,YAHOO_FINANCE_VIA_YFINANCE
2026-07-17,LT,LT.NS,3814.5,3814.5,1942610,YAHOO_FINANCE_VIA_YFINANCE
2026-07-17,M&M,M&M.NS,3179.199951,3179.199951,1627877,YAHOO_FINANCE_VIA_YFINANCE
2026-07-17,MARUTI,MARUTI.NS,13665.75391,13803,237330,YAHOO_FINANCE_VIA_YFINANCE
2026-07-17,MAXHEALTH,MAXHEALTH.NS,1089.900024,1089.900024,1617983,YAHOO_FINANCE_VIA_YFINANCE
2026-07-17,NIFTY,^NSEI,24334.30078,24334.30078,387800,YAHOO_FINANCE_VIA_YFINANCE
2026-07-17,PERSISTENT,PERSISTENT.NS,5165.95752,5183.899902,532124,YAHOO_FINANCE_VIA_YFINANCE
2026-07-17,PIIND,PIIND.NS,2614.416016,2623.800049,79566,YAHOO_FINANCE_VIA_YFINANCE
2026-07-17,POLYCAB,POLYCAB.NS,8862,8862,727314,YAHOO_FINANCE_VIA_YFINANCE
2026-07-17,RELIANCE,RELIANCE.NS,1327.199951,1327.199951,18302218,YAHOO_FINANCE_VIA_YFINANCE
2026-07-17,SBIN,SBIN.NS,1044.300049,1044.300049,8452780,YAHOO_FINANCE_VIA_YFINANCE
2026-07-17,SIEMENS,SIEMENS.NS,3640.908691,3658.800049,339615,YAHOO_FINANCE_VIA_YFINANCE
2026-07-17,SUNPHARMA,SUNPHARMA.NS,1932.599976,1932.599976,2475664,YAHOO_FINANCE_VIA_YFINANCE
2026-07-17,SUPREMEIND,SUPREMEIND.NS,3433.699951,3433.699951,88775,YAHOO_FINANCE_VIA_YFINANCE
2026-07-17,TATAMOTORS,TMPV.NS,335.6000061,335.6000061,7785825,YAHOO_FINANCE_VIA_YFINANCE
2026-07-17,TCS,TCS.NS,2269,2269,5615138,YAHOO_FINANCE_VIA_YFINANCE
2026-07-17,TITAN,TITAN.NS,4638.100098,4638.100098,667212,YAHOO_FINANCE_VIA_YFINANCE
2026-07-17,TRENT,TRENT.NS,2842.399902,2842.399902,791066,YAHOO_FINANCE_VIA_YFINANCE
2026-07-17,ULTRACEMCO,ULTRACEMCO.NS,11492.4209,11727,247044,YAHOO_FINANCE_VIA_YFINANCE
2026-07-17,VOLTAS,VOLTAS.NS,1342.400024,1342.400024,353251,YAHOO_FINANCE_VIA_YFINANCE
2026-07-20,ABB,ABB.NS,7429.536621,7517,272955,YAHOO_FINANCE_VIA_YFINANCE
2026-07-20,APLAPOLLO,APLAPOLLO.NS,1814.300049,1814.300049,410486,YAHOO_FINANCE_VIA_YFINANCE
2026-07-20,APOLLOHOSP,APOLLOHOSP.NS,8894.645508,8905,317613,YAHOO_FINANCE_VIA_YFINANCE
2026-07-20,ASIANPAINT,ASIANPAINT.NS,2691.399902,2691.399902,571087,YAHOO_FINANCE_VIA_YFINANCE
2026-07-20,ASTRAL,ASTRAL.NS,1393.907593,1396.099976,704689,YAHOO_FINANCE_VIA_YFINANCE
2026-07-20,AXISBANK,AXISBANK.NS,1256,1256,25314148,YAHOO_FINANCE_VIA_YFINANCE
2026-07-20,BAJFINANCE,BAJFINANCE.NS,1064,1064,9348760,YAHOO_FINANCE_VIA_YFINANCE
2026-07-20,BALKRISIND,BALKRISIND.NS,2051.901367,2055.199951,187139,YAHOO_FINANCE_VIA_YFINANCE
2026-07-20,BANKBARODA,BANKBARODA.NS,254.8500061,254.8500061,15040259,YAHOO_FINANCE_VIA_YFINANCE
2026-07-20,BANKNIFTY,^NSEBANK,57945,57945,540500,YAHOO_FINANCE_VIA_YFINANCE
2026-07-20,BEL,BEL.NS,407.5966492,408.1499939,5382967,YAHOO_FINANCE_VIA_YFINANCE
2026-07-20,BHARTIARTL,BHARTIARTL.NS,1915.986816,1940.099976,6437294,YAHOO_FINANCE_VIA_YFINANCE
2026-07-20,CIPLA,CIPLA.NS,1441.599976,1441.599976,1494196,YAHOO_FINANCE_VIA_YFINANCE
2026-07-20,COFORGE,COFORGE.NS,1500.452881,1507.400024,1208116,YAHOO_FINANCE_VIA_YFINANCE
2026-07-20,CROMPTON,CROMPTON.NS,258.985321,262.1000061,4001031,YAHOO_FINANCE_VIA_YFINANCE
2026-07-20,CUMMINSIND,CUMMINSIND.NS,5506,5506,312030,YAHOO_FINANCE_VIA_YFINANCE
2026-07-20,DEEPAKNTR,DEEPAKNTR.NS,1682.017578,1689.699951,78757,YAHOO_FINANCE_VIA_YFINANCE
2026-07-20,DIXON,DIXON.NS,14589,14589,407451,YAHOO_FINANCE_VIA_YFINANCE
2026-07-20,DRREDDY,DRREDDY.NS,1223.099976,1223.099976,2212191,YAHOO_FINANCE_VIA_YFINANCE
2026-07-20,ESCORTS,ESCORTS.NS,2981.399902,2981.399902,352348,YAHOO_FINANCE_VIA_YFINANCE
2026-07-20,FEDERALBNK,FEDERALBNK.NS,349.5557861,350.75,10483345,YAHOO_FINANCE_VIA_YFINANCE
2026-07-20,HAL,HAL.NS,4481.917969,4491,344703,YAHOO_FINANCE_VIA_YFINANCE
2026-07-20,HDFCBANK,HDFCBANK.NS,777.5999756,777.5999756,56061789,YAHOO_FINANCE_VIA_YFINANCE
2026-07-20,HINDUNILVR,HINDUNILVR.NS,2139.699951,2139.699951,689849,YAHOO_FINANCE_VIA_YFINANCE
2026-07-20,ICICIBANK,ICICIBANK.NS,1447.992676,1460.199951,22236415,YAHOO_FINANCE_VIA_YFINANCE
2026-07-20,IDFCFIRSTB,IDFCFIRSTB.NS,81.54045868,81.77999878,24353186,YAHOO_FINANCE_VIA_YFINANCE
2026-07-20,INDUSINDBK,INDUSINDBK.NS,1032.849976,1032.849976,1686017,YAHOO_FINANCE_VIA_YFINANCE
2026-07-20,INFY,INFY.NS,1087.099976,1087.099976,6372645,YAHOO_FINANCE_VIA_YFINANCE
2026-07-20,KAYNES,KAYNES.NS,3328.800049,3328.800049,508326,YAHOO_FINANCE_VIA_YFINANCE
2026-07-20,KEI,KEI.NS,4928.5,4928.5,205653,YAHOO_FINANCE_VIA_YFINANCE
2026-07-20,KOTAKBANK,KOTAKBANK.NS,382.0499878,382.0499878,32539419,YAHOO_FINANCE_VIA_YFINANCE
2026-07-20,KPITTECH,KPITTECH.NS,556.5009766,561.2000122,1589210,YAHOO_FINANCE_VIA_YFINANCE
2026-07-20,LALPATHLAB,LALPATHLAB.NS,1688.802612,1693.300049,209192,YAHOO_FINANCE_VIA_YFINANCE
2026-07-20,LT,LT.NS,3838.800049,3838.800049,1450930,YAHOO_FINANCE_VIA_YFINANCE
2026-07-20,M&M,M&M.NS,3165.5,3165.5,1768417,YAHOO_FINANCE_VIA_YFINANCE
2026-07-20,MARUTI,MARUTI.NS,13379.62793,13514,517730,YAHOO_FINANCE_VIA_YFINANCE
2026-07-20,MAXHEALTH,MAXHEALTH.NS,1102.400024,1102.400024,991001,YAHOO_FINANCE_VIA_YFINANCE
2026-07-20,NIFTY,^NSEI,24238.5,24238.5,353100,YAHOO_FINANCE_VIA_YFINANCE
2026-07-20,PERSISTENT,PERSISTENT.NS,5170.741211,5188.700195,367933,YAHOO_FINANCE_VIA_YFINANCE
2026-07-20,PIIND,PIIND.NS,2647.895752,2657.399902,159266,YAHOO_FINANCE_VIA_YFINANCE
2026-07-20,POLYCAB,POLYCAB.NS,8885,8885,262460,YAHOO_FINANCE_VIA_YFINANCE
2026-07-20,RELIANCE,RELIANCE.NS,1323.099976,1323.099976,14305844,YAHOO_FINANCE_VIA_YFINANCE
2026-07-20,SBIN,SBIN.NS,1060,1060,16540411,YAHOO_FINANCE_VIA_YFINANCE
2026-07-20,SIEMENS,SIEMENS.NS,3660.412598,3678.399902,157367,YAHOO_FINANCE_VIA_YFINANCE
2026-07-20,SUNPHARMA,SUNPHARMA.NS,1956.400024,1956.400024,1676034,YAHOO_FINANCE_VIA_YFINANCE
2026-07-20,SUPREMEIND,SUPREMEIND.NS,3436.699951,3436.699951,49530,YAHOO_FINANCE_VIA_YFINANCE
2026-07-20,TATAMOTORS,TMPV.NS,336.4500122,336.4500122,7562963,YAHOO_FINANCE_VIA_YFINANCE
2026-07-20,TCS,TCS.NS,2251.100098,2251.100098,2202693,YAHOO_FINANCE_VIA_YFINANCE
2026-07-20,TITAN,TITAN.NS,4643.399902,4643.399902,274158,YAHOO_FINANCE_VIA_YFINANCE
2026-07-20,TRENT,TRENT.NS,2925.899902,2925.899902,1557787,YAHOO_FINANCE_VIA_YFINANCE
2026-07-20,ULTRACEMCO,ULTRACEMCO.NS,11664.90039,11903,456048,YAHOO_FINANCE_VIA_YFINANCE
2026-07-20,VOLTAS,VOLTAS.NS,1357.400024,1357.400024,272364,YAHOO_FINANCE_VIA_YFINANCE
2026-07-21,ABB,ABB.NS,7444.361816,7532,254098,YAHOO_FINANCE_VIA_YFINANCE
2026-07-21,APLAPOLLO,APLAPOLLO.NS,1819.599976,1819.599976,210617,YAHOO_FINANCE_VIA_YFINANCE
2026-07-21,APOLLOHOSP,APOLLOHOSP.NS,8916.120117,8926.5,200394,YAHOO_FINANCE_VIA_YFINANCE
2026-07-21,ASIANPAINT,ASIANPAINT.NS,2692.399902,2692.399902,1000078,YAHOO_FINANCE_VIA_YFINANCE
2026-07-21,ASTRAL,ASTRAL.NS,1412.877808,1415.099976,874822,YAHOO_FINANCE_VIA_YFINANCE
2026-07-21,AXISBANK,AXISBANK.NS,1258.199951,1258.199951,15014867,YAHOO_FINANCE_VIA_YFINANCE
2026-07-21,BAJFINANCE,BAJFINANCE.NS,1069.199951,1069.199951,6970658,YAHOO_FINANCE_VIA_YFINANCE
2026-07-21,BALKRISIND,BALKRISIND.NS,2034.32959,2037.599976,189402,YAHOO_FINANCE_VIA_YFINANCE
2026-07-21,BANKBARODA,BANKBARODA.NS,247.6999969,247.6999969,13458334,YAHOO_FINANCE_VIA_YFINANCE
2026-07-21,BANKNIFTY,^NSEBANK,57835.35156,57835.35156,312600,YAHOO_FINANCE_VIA_YFINANCE
2026-07-21,BEL,BEL.NS,409.4940796,410.0499878,5242231,YAHOO_FINANCE_VIA_YFINANCE
2026-07-21,BHARTIARTL,BHARTIARTL.NS,1924.183716,1948.400024,5061312,YAHOO_FINANCE_VIA_YFINANCE
2026-07-21,CIPLA,CIPLA.NS,1432.5,1432.5,1341452,YAHOO_FINANCE_VIA_YFINANCE
2026-07-21,COFORGE,COFORGE.NS,1487.114624,1494,1450155,YAHOO_FINANCE_VIA_YFINANCE
2026-07-21,CROMPTON,CROMPTON.NS,255.3292847,258.3999939,1493265,YAHOO_FINANCE_VIA_YFINANCE
2026-07-21,CUMMINSIND,CUMMINSIND.NS,5583,5583,189190,YAHOO_FINANCE_VIA_YFINANCE
2026-07-21,DEEPAKNTR,DEEPAKNTR.NS,1700.533081,1708.300049,184795,YAHOO_FINANCE_VIA_YFINANCE
2026-07-21,DIXON,DIXON.NS,14118,14118,507328,YAHOO_FINANCE_VIA_YFINANCE
2026-07-21,DRREDDY,DRREDDY.NS,1206,1206,2182513,YAHOO_FINANCE_VIA_YFINANCE
2026-07-21,ESCORTS,ESCORTS.NS,2956.199951,2956.199951,84022,YAHOO_FINANCE_VIA_YFINANCE
2026-07-21,FEDERALBNK,FEDERALBNK.NS,354.837738,356.0499878,6342305,YAHOO_FINANCE_VIA_YFINANCE
2026-07-21,HAL,HAL.NS,4572.43457,4581.700195,697566,YAHOO_FINANCE_VIA_YFINANCE
2026-07-21,HDFCBANK,HDFCBANK.NS,761.4500122,761.4500122,42246009,YAHOO_FINANCE_VIA_YFINANCE
2026-07-21,HINDUNILVR,HINDUNILVR.NS,2142.5,2142.5,1032417,YAHOO_FINANCE_VIA_YFINANCE
2026-07-21,ICICIBANK,ICICIBANK.NS,1450.868408,1463.099976,18269907,YAHOO_FINANCE_VIA_YFINANCE
2026-07-21,IDFCFIRSTB,IDFCFIRSTB.NS,81.42081451,81.66000366,17641320,YAHOO_FINANCE_VIA_YFINANCE
2026-07-21,INDUSINDBK,INDUSINDBK.NS,1063.449951,1063.449951,5124543,YAHOO_FINANCE_VIA_YFINANCE
2026-07-21,INFY,INFY.NS,1073.5,1073.5,9485229,YAHOO_FINANCE_VIA_YFINANCE
2026-07-21,KAYNES,KAYNES.NS,3272.100098,3272.100098,536908,YAHOO_FINANCE_VIA_YFINANCE
2026-07-21,KEI,KEI.NS,4974.5,4974.5,193449,YAHOO_FINANCE_VIA_YFINANCE
2026-07-21,KOTAKBANK,KOTAKBANK.NS,385.9500122,385.9500122,17152911,YAHOO_FINANCE_VIA_YFINANCE
2026-07-21,KPITTECH,KPITTECH.NS,559.7237549,564.4500122,3564358,YAHOO_FINANCE_VIA_YFINANCE
2026-07-21,LALPATHLAB,LALPATHLAB.NS,1695.584473,1700.099976,138917,YAHOO_FINANCE_VIA_YFINANCE
2026-07-21,LT,LT.NS,3846.600098,3846.600098,1393919,YAHOO_FINANCE_VIA_YFINANCE
2026-07-21,M&M,M&M.NS,3201.699951,3201.699951,1776773,YAHOO_FINANCE_VIA_YFINANCE
2026-07-21,MARUTI,MARUTI.NS,13461.80273,13597,341101,YAHOO_FINANCE_VIA_YFINANCE
2026-07-21,MAXHEALTH,MAXHEALTH.NS,1100.400024,1100.400024,2006432,YAHOO_FINANCE_VIA_YFINANCE
2026-07-21,NIFTY,^NSEI,24187.69922,24187.69922,315600,YAHOO_FINANCE_VIA_YFINANCE
2026-07-21,PERSISTENT,PERSISTENT.NS,5200.936035,5219,408127,YAHOO_FINANCE_VIA_YFINANCE
2026-07-21,PIIND,PIIND.NS,2672.208496,2681.800049,121813,YAHOO_FINANCE_VIA_YFINANCE
2026-07-21,POLYCAB,POLYCAB.NS,8903.5,8903.5,240641,YAHOO_FINANCE_VIA_YFINANCE
2026-07-21,RELIANCE,RELIANCE.NS,1303.699951,1303.699951,12753410,YAHOO_FINANCE_VIA_YFINANCE
2026-07-21,SBIN,SBIN.NS,1044.400024,1044.400024,10514887,YAHOO_FINANCE_VIA_YFINANCE
2026-07-21,SIEMENS,SIEMENS.NS,3649.864746,3667.800049,244297,YAHOO_FINANCE_VIA_YFINANCE
2026-07-21,SUNPHARMA,SUNPHARMA.NS,1961.900024,1961.900024,1412579,YAHOO_FINANCE_VIA_YFINANCE
2026-07-21,SUPREMEIND,SUPREMEIND.NS,3399.100098,3399.100098,193552,YAHOO_FINANCE_VIA_YFINANCE
2026-07-21,TATAMOTORS,TMPV.NS,333.7999878,333.7999878,5847490,YAHOO_FINANCE_VIA_YFINANCE
2026-07-21,TCS,TCS.NS,2221.100098,2221.100098,2382160,YAHOO_FINANCE_VIA_YFINANCE
2026-07-21,TITAN,TITAN.NS,4688.700195,4688.700195,530094,YAHOO_FINANCE_VIA_YFINANCE
2026-07-21,TRENT,TRENT.NS,2894.699951,2894.699951,480354,YAHOO_FINANCE_VIA_YFINANCE
2026-07-21,ULTRACEMCO,ULTRACEMCO.NS,11852.08008,12094,830840,YAHOO_FINANCE_VIA_YFINANCE
2026-07-21,VOLTAS,VOLTAS.NS,1359.199951,1359.199951,273316,YAHOO_FINANCE_VIA_YFINANCE
2026-07-22,ABB,ABB.NS,7418.664551,7506,212131,YAHOO_FINANCE_VIA_YFINANCE
2026-07-22,APLAPOLLO,APLAPOLLO.NS,1822.900024,1822.900024,340199,YAHOO_FINANCE_VIA_YFINANCE
2026-07-22,APOLLOHOSP,APOLLOHOSP.NS,8927.607422,8938,158324,YAHOO_FINANCE_VIA_YFINANCE
2026-07-22,ASIANPAINT,ASIANPAINT.NS,2692.800049,2692.800049,528096,YAHOO_FINANCE_VIA_YFINANCE
2026-07-22,ASTRAL,ASTRAL.NS,1428.553223,1430.800049,716968,YAHOO_FINANCE_VIA_YFINANCE
2026-07-22,AXISBANK,AXISBANK.NS,1238.400024,1238.400024,8358923,YAHOO_FINANCE_VIA_YFINANCE
2026-07-22,BAJFINANCE,BAJFINANCE.NS,1060.300049,1060.300049,6757716,YAHOO_FINANCE_VIA_YFINANCE
2026-07-22,BALKRISIND,BALKRISIND.NS,2011.466309,2014.699951,260388,YAHOO_FINANCE_VIA_YFINANCE
2026-07-22,BANKBARODA,BANKBARODA.NS,245.75,245.75,8257873,YAHOO_FINANCE_VIA_YFINANCE
2026-07-22,BANKNIFTY,^NSEBANK,57126.80078,57126.80078,308500,YAHOO_FINANCE_VIA_YFINANCE
2026-07-22,BEL,BEL.NS,406.1985779,406.75,6665967,YAHOO_FINANCE_VIA_YFINANCE
2026-07-22,BHARTIARTL,BHARTIARTL.NS,1924.776245,1949,6589708,YAHOO_FINANCE_VIA_YFINANCE
2026-07-22,CIPLA,CIPLA.NS,1415.099976,1415.099976,1722239,YAHOO_FINANCE_VIA_YFINANCE
2026-07-22,COFORGE,COFORGE.NS,1464.618896,1471.400024,1016082,YAHOO_FINANCE_VIA_YFINANCE
2026-07-22,CROMPTON,CROMPTON.NS,252.661377,255.6999969,3784342,YAHOO_FINANCE_VIA_YFINANCE
2026-07-22,CUMMINSIND,CUMMINSIND.NS,5586,5586,322364,YAHOO_FINANCE_VIA_YFINANCE
2026-07-22,DEEPAKNTR,DEEPAKNTR.NS,1688.28894,1696,95795,YAHOO_FINANCE_VIA_YFINANCE
2026-07-22,DIXON,DIXON.NS,13882,13882,417536,YAHOO_FINANCE_VIA_YFINANCE
2026-07-22,DRREDDY,DRREDDY.NS,1182.800049,1182.800049,2528082,YAHOO_FINANCE_VIA_YFINANCE
2026-07-22,ESCORTS,ESCORTS.NS,2948.399902,2948.399902,50786,YAHOO_FINANCE_VIA_YFINANCE
2026-07-22,FEDERALBNK,FEDERALBNK.NS,352.0472717,353.25,4288304,YAHOO_FINANCE_VIA_YFINANCE
2026-07-22,HAL,HAL.NS,4565.54834,4574.799805,976586,YAHOO_FINANCE_VIA_YFINANCE
2026-07-22,HDFCBANK,HDFCBANK.NS,753.1500244,753.1500244,23385446,YAHOO_FINANCE_VIA_YFINANCE
2026-07-22,HINDUNILVR,HINDUNILVR.NS,2154.600098,2154.600098,819175,YAHOO_FINANCE_VIA_YFINANCE
2026-07-22,ICICIBANK,ICICIBANK.NS,1428.65564,1440.699951,8345136,YAHOO_FINANCE_VIA_YFINANCE
2026-07-22,IDFCFIRSTB,IDFCFIRSTB.NS,80.48356628,80.72000122,13767011,YAHOO_FINANCE_VIA_YFINANCE
2026-07-22,INDUSINDBK,INDUSINDBK.NS,1069.300049,1069.300049,5069159,YAHOO_FINANCE_VIA_YFINANCE
2026-07-22,INFY,INFY.NS,1052.099976,1052.099976,7517203,YAHOO_FINANCE_VIA_YFINANCE
2026-07-22,KAYNES,KAYNES.NS,3252.399902,3252.399902,534112,YAHOO_FINANCE_VIA_YFINANCE
2026-07-22,KEI,KEI.NS,4971,4971,206064,YAHOO_FINANCE_VIA_YFINANCE
2026-07-22,KOTAKBANK,KOTAKBANK.NS,381.1499939,381.1499939,11688952,YAHOO_FINANCE_VIA_YFINANCE
2026-07-22,KPITTECH,KPITTECH.NS,550.2537231,554.9000244,1120151,YAHOO_FINANCE_VIA_YFINANCE
2026-07-22,LALPATHLAB,LALPATHLAB.NS,1694.487427,1699,181603,YAHOO_FINANCE_VIA_YFINANCE
2026-07-22,LT,LT.NS,3817.399902,3817.399902,1157406,YAHOO_FINANCE_VIA_YFINANCE
2026-07-22,M&M,M&M.NS,3175.300049,3175.300049,1784375,YAHOO_FINANCE_VIA_YFINANCE
2026-07-22,MARUTI,MARUTI.NS,13410.31934,13545,299404,YAHOO_FINANCE_VIA_YFINANCE
2026-07-22,MAXHEALTH,MAXHEALTH.NS,1081,1081,1578336,YAHOO_FINANCE_VIA_YFINANCE
2026-07-22,NIFTY,^NSEI,23996.25,23996.25,304700,YAHOO_FINANCE_VIA_YFINANCE
2026-07-22,PERSISTENT,PERSISTENT.NS,5081.151855,5098.799805,385227,YAHOO_FINANCE_VIA_YFINANCE
2026-07-22,PIIND,PIIND.NS,2687.952148,2697.600098,374117,YAHOO_FINANCE_VIA_YFINANCE
2026-07-22,POLYCAB,POLYCAB.NS,9090.5,9090.5,588610,YAHOO_FINANCE_VIA_YFINANCE
2026-07-22,RELIANCE,RELIANCE.NS,1288.599976,1288.599976,10840383,YAHOO_FINANCE_VIA_YFINANCE
2026-07-22,SBIN,SBIN.NS,1025,1025,11227214,YAHOO_FINANCE_VIA_YFINANCE
2026-07-22,SIEMENS,SIEMENS.NS,3631.554443,3649.399902,226832,YAHOO_FINANCE_VIA_YFINANCE
2026-07-22,SUNPHARMA,SUNPHARMA.NS,1943,1943,1718430,YAHOO_FINANCE_VIA_YFINANCE
2026-07-22,SUPREMEIND,SUPREMEIND.NS,3452.800049,3452.800049,110536,YAHOO_FINANCE_VIA_YFINANCE
2026-07-22,TATAMOTORS,TMPV.NS,327.7000122,327.7000122,8609616,YAHOO_FINANCE_VIA_YFINANCE
2026-07-22,TCS,TCS.NS,2208.300049,2208.300049,1599665,YAHOO_FINANCE_VIA_YFINANCE
2026-07-22,TITAN,TITAN.NS,4711.600098,4711.600098,996475,YAHOO_FINANCE_VIA_YFINANCE
2026-07-22,TRENT,TRENT.NS,2887.300049,2887.300049,628545,YAHOO_FINANCE_VIA_YFINANCE
2026-07-22,ULTRACEMCO,ULTRACEMCO.NS,11655.10059,11893,283753,YAHOO_FINANCE_VIA_YFINANCE
2026-07-22,VOLTAS,VOLTAS.NS,1308,1308,730962,YAHOO_FINANCE_VIA_YFINANCE
2026-07-23,ABB,ABB.NS,7440.408691,7528,304111,YAHOO_FINANCE_VIA_YFINANCE
2026-07-23,APLAPOLLO,APLAPOLLO.NS,1830.900024,1830.900024,396113,YAHOO_FINANCE_VIA_YFINANCE
2026-07-23,APOLLOHOSP,APOLLOHOSP.NS,8851.695312,8862,148922,YAHOO_FINANCE_VIA_YFINANCE
2026-07-23,ASIANPAINT,ASIANPAINT.NS,2668.800049,2668.800049,584245,YAHOO_FINANCE_VIA_YFINANCE
2026-07-23,ASTRAL,ASTRAL.NS,1411.180542,1413.400024,414539,YAHOO_FINANCE_VIA_YFINANCE
2026-07-23,AXISBANK,AXISBANK.NS,1223,1223,8240787,YAHOO_FINANCE_VIA_YFINANCE
2026-07-23,BAJFINANCE,BAJFINANCE.NS,1039.800049,1039.800049,8016651,YAHOO_FINANCE_VIA_YFINANCE
2026-07-23,BALKRISIND,BALKRISIND.NS,2008.171631,2011.400024,130689,YAHOO_FINANCE_VIA_YFINANCE
2026-07-23,BANKBARODA,BANKBARODA.NS,243.1499939,243.1499939,6041550,YAHOO_FINANCE_VIA_YFINANCE
2026-07-23,BANKNIFTY,^NSEBANK,56592,56592,194900,YAHOO_FINANCE_VIA_YFINANCE
2026-07-23,BEL,BEL.NS,404.8004761,405.3500061,9947413,YAHOO_FINANCE_VIA_YFINANCE
2026-07-23,BHARTIARTL,BHARTIARTL.NS,1907,1931,5612121,YAHOO_FINANCE_VIA_YFINANCE
2026-07-23,CIPLA,CIPLA.NS,1393,1393,4248433,YAHOO_FINANCE_VIA_YFINANCE
2026-07-23,COFORGE,COFORGE.NS,1433.264038,1439.900024,1075336,YAHOO_FINANCE_VIA_YFINANCE
2026-07-23,CROMPTON,CROMPTON.NS,249.4499969,252.4499969,3256992,YAHOO_FINANCE_VIA_YFINANCE
2026-07-23,CUMMINSIND,CUMMINSIND.NS,5599,5599,254401,YAHOO_FINANCE_VIA_YFINANCE
2026-07-23,DEEPAKNTR,DEEPAKNTR.NS,1646.280884,1653.800049,124390,YAHOO_FINANCE_VIA_YFINANCE
2026-07-23,DIXON,DIXON.NS,13829,13829,242449,YAHOO_FINANCE_VIA_YFINANCE
2026-07-23,DRREDDY,DRREDDY.NS,1166.300049,1166.300049,6693935,YAHOO_FINANCE_VIA_YFINANCE
2026-07-23,ESCORTS,ESCORTS.NS,2907.100098,2907.100098,48229,YAHOO_FINANCE_VIA_YFINANCE
2026-07-23,FEDERALBNK,FEDERALBNK.NS,353.1933594,354.3999939,4025719,YAHOO_FINANCE_VIA_YFINANCE
2026-07-23,HAL,HAL.NS,4583.212891,4592.5,648588,YAHOO_FINANCE_VIA_YFINANCE
2026-07-23,HDFCBANK,HDFCBANK.NS,747.25,747.25,32532090,YAHOO_FINANCE_VIA_YFINANCE
2026-07-23,HINDUNILVR,HINDUNILVR.NS,2161.800049,2161.800049,833281,YAHOO_FINANCE_VIA_YFINANCE
2026-07-23,ICICIBANK,ICICIBANK.NS,1422.606689,1434.599976,12409328,YAHOO_FINANCE_VIA_YFINANCE
2026-07-23,IDFCFIRSTB,IDFCFIRSTB.NS,79.66596985,79.90000153,11292250,YAHOO_FINANCE_VIA_YFINANCE
2026-07-23,INDUSINDBK,INDUSINDBK.NS,1005.5,1005.5,7505583,YAHOO_FINANCE_VIA_YFINANCE
2026-07-23,INFY,INFY.NS,1047.400024,1047.400024,13794578,YAHOO_FINANCE_VIA_YFINANCE
2026-07-23,KAYNES,KAYNES.NS,3240.300049,3240.300049,519821,YAHOO_FINANCE_VIA_YFINANCE
2026-07-23,KEI,KEI.NS,4897.5,4897.5,173938,YAHOO_FINANCE_VIA_YFINANCE
2026-07-23,KOTAKBANK,KOTAKBANK.NS,383.3500061,383.3500061,12720546,YAHOO_FINANCE_VIA_YFINANCE
2026-07-23,KPITTECH,KPITTECH.NS,546.2872314,550.9000244,2116765,YAHOO_FINANCE_VIA_YFINANCE
2026-07-23,LALPATHLAB,LALPATHLAB.NS,1682.619019,1687.099976,151255,YAHOO_FINANCE_VIA_YFINANCE
2026-07-23,LT,LT.NS,3792.399902,3792.399902,1278355,YAHOO_FINANCE_VIA_YFINANCE
2026-07-23,M&M,M&M.NS,3229.699951,3229.699951,2705691,YAHOO_FINANCE_VIA_YFINANCE
2026-07-23,MARUTI,MARUTI.NS,13269.73145,13403,327912,YAHOO_FINANCE_VIA_YFINANCE
2026-07-23,MAXHEALTH,MAXHEALTH.NS,1084.199951,1084.199951,1114267,YAHOO_FINANCE_VIA_YFINANCE
2026-07-23,NIFTY,^NSEI,23869.59961,23869.59961,344000,YAHOO_FINANCE_VIA_YFINANCE
2026-07-23,PERSISTENT,PERSISTENT.NS,4984.587402,5001.899902,502970,YAHOO_FINANCE_VIA_YFINANCE
2026-07-23,PIIND,PIIND.NS,2732.79126,2742.600098,314337,YAHOO_FINANCE_VIA_YFINANCE
2026-07-23,POLYCAB,POLYCAB.NS,8935,8935,361089,YAHOO_FINANCE_VIA_YFINANCE
2026-07-23,RELIANCE,RELIANCE.NS,1272.199951,1272.199951,12580741,YAHOO_FINANCE_VIA_YFINANCE
2026-07-23,SBIN,SBIN.NS,1012.599976,1012.599976,8910230,YAHOO_FINANCE_VIA_YFINANCE
2026-07-23,SIEMENS,SIEMENS.NS,3668.27417,3686.300049,301522,YAHOO_FINANCE_VIA_YFINANCE
2026-07-23,SUNPHARMA,SUNPHARMA.NS,1954,1954,2057288,YAHOO_FINANCE_VIA_YFINANCE
2026-07-23,SUPREMEIND,SUPREMEIND.NS,3417,3417,47302,YAHOO_FINANCE_VIA_YFINANCE
2026-07-23,TATAMOTORS,TMPV.NS,324.2999878,324.2999878,6985396,YAHOO_FINANCE_VIA_YFINANCE
2026-07-23,TCS,TCS.NS,2242.899902,2242.899902,2503539,YAHOO_FINANCE_VIA_YFINANCE
2026-07-23,TITAN,TITAN.NS,4697.299805,4697.299805,421185,YAHOO_FINANCE_VIA_YFINANCE
2026-07-23,TRENT,TRENT.NS,2874.800049,2874.800049,710240,YAHOO_FINANCE_VIA_YFINANCE
2026-07-23,ULTRACEMCO,ULTRACEMCO.NS,11669.80078,11908,415137,YAHOO_FINANCE_VIA_YFINANCE
2026-07-23,VOLTAS,VOLTAS.NS,1310.199951,1310.199951,430980,YAHOO_FINANCE_VIA_YFINANCE
2026-07-24,ABB,ABB.NS,7289.683105,7375.5,258917,YAHOO_FINANCE_VIA_YFINANCE
2026-07-24,APLAPOLLO,APLAPOLLO.NS,1822.800049,1822.800049,230999,YAHOO_FINANCE_VIA_YFINANCE
2026-07-24,APOLLOHOSP,APOLLOHOSP.NS,8795.261719,8805.5,189462,YAHOO_FINANCE_VIA_YFINANCE
2026-07-24,ASIANPAINT,ASIANPAINT.NS,2637.899902,2637.899902,645563,YAHOO_FINANCE_VIA_YFINANCE
2026-07-24,ASTRAL,ASTRAL.NS,1465.794556,1468.099976,1157687,YAHOO_FINANCE_VIA_YFINANCE
2026-07-24,AXISBANK,AXISBANK.NS,1227.300049,1227.300049,8088828,YAHOO_FINANCE_VIA_YFINANCE
2026-07-24,BAJFINANCE,BAJFINANCE.NS,1012.799988,1012.799988,18416962,YAHOO_FINANCE_VIA_YFINANCE
2026-07-24,BALKRISIND,BALKRISIND.NS,2010.268311,2013.5,64236,YAHOO_FINANCE_VIA_YFINANCE
2026-07-24,BANKBARODA,BANKBARODA.NS,246.4499969,246.4499969,8475748,YAHOO_FINANCE_VIA_YFINANCE
2026-07-24,BANKNIFTY,^NSEBANK,56693.5,56693.5,218000,YAHOO_FINANCE_VIA_YFINANCE
2026-07-24,BEL,BEL.NS,404.4509277,405,6176660,YAHOO_FINANCE_VIA_YFINANCE
2026-07-24,BHARTIARTL,BHARTIARTL.NS,1898.199951,1898.199951,4483600,YAHOO_FINANCE_VIA_YFINANCE
2026-07-24,CIPLA,CIPLA.NS,1410.599976,1410.599976,2917791,YAHOO_FINANCE_VIA_YFINANCE
2026-07-24,COFORGE,COFORGE.NS,1477.857422,1484.699951,3441351,YAHOO_FINANCE_VIA_YFINANCE
2026-07-24,CROMPTON,CROMPTON.NS,250.1499939,250.1499939,4490954,YAHOO_FINANCE_VIA_YFINANCE
2026-07-24,CUMMINSIND,CUMMINSIND.NS,5600.5,5600.5,290705,YAHOO_FINANCE_VIA_YFINANCE
2026-07-24,DEEPAKNTR,DEEPAKNTR.NS,1642.099976,1649.599976,91731,YAHOO_FINANCE_VIA_YFINANCE
2026-07-24,DIXON,DIXON.NS,13846,13846,278708,YAHOO_FINANCE_VIA_YFINANCE
2026-07-24,DRREDDY,DRREDDY.NS,1151.699951,1151.699951,4750512,YAHOO_FINANCE_VIA_YFINANCE
2026-07-24,ESCORTS,ESCORTS.NS,2905.100098,2905.100098,100725,YAHOO_FINANCE_VIA_YFINANCE
2026-07-24,FEDERALBNK,FEDERALBNK.NS,353.093689,354.2999878,3590425,YAHOO_FINANCE_VIA_YFINANCE
2026-07-24,HAL,HAL.NS,4564.151367,4573.399902,467141,YAHOO_FINANCE_VIA_YFINANCE
2026-07-24,HDFCBANK,HDFCBANK.NS,742.7999878,742.7999878,23837859,YAHOO_FINANCE_VIA_YFINANCE
2026-07-24,HINDUNILVR,HINDUNILVR.NS,2145,2145,1603494,YAHOO_FINANCE_VIA_YFINANCE
2026-07-24,ICICIBANK,ICICIBANK.NS,1420.920898,1432.900024,10870914,YAHOO_FINANCE_VIA_YFINANCE
2026-07-24,IDFCFIRSTB,IDFCFIRSTB.NS,80.55335999,80.79000092,16260314,YAHOO_FINANCE_VIA_YFINANCE
2026-07-24,INDUSINDBK,INDUSINDBK.NS,996.0499878,996.0499878,1995292,YAHOO_FINANCE_VIA_YFINANCE
2026-07-24,INFY,INFY.NS,1040.900024,1040.900024,29036900,YAHOO_FINANCE_VIA_YFINANCE
2026-07-24,KAYNES,KAYNES.NS,3176.199951,3176.199951,887346,YAHOO_FINANCE_VIA_YFINANCE
2026-07-24,KEI,KEI.NS,4868,4868,127284,YAHOO_FINANCE_VIA_YFINANCE
2026-07-24,KOTAKBANK,KOTAKBANK.NS,384.75,384.75,13308317,YAHOO_FINANCE_VIA_YFINANCE
2026-07-24,KPITTECH,KPITTECH.NS,578.3167725,583.2000122,9475364,YAHOO_FINANCE_VIA_YFINANCE
2026-07-24,LALPATHLAB,LALPATHLAB.NS,1754.527466,1759.199951,1445810,YAHOO_FINANCE_VIA_YFINANCE
2026-07-24,LT,LT.NS,3785.600098,3785.600098,1994087,YAHOO_FINANCE_VIA_YFINANCE
2026-07-24,M&M,M&M.NS,3161.399902,3161.399902,2135688,YAHOO_FINANCE_VIA_YFINANCE
2026-07-24,MARUTI,MARUTI.NS,13308.34375,13442,223369,YAHOO_FINANCE_VIA_YFINANCE
2026-07-24,MAXHEALTH,MAXHEALTH.NS,1080.400024,1080.400024,983063,YAHOO_FINANCE_VIA_YFINANCE
2026-07-24,NIFTY,^NSEI,23767.44922,23767.44922,333900,YAHOO_FINANCE_VIA_YFINANCE
2026-07-24,PERSISTENT,PERSISTENT.NS,5182.5,5200.5,732328,YAHOO_FINANCE_VIA_YFINANCE
2026-07-24,PIIND,PIIND.NS,2721.431885,2731.199951,239371,YAHOO_FINANCE_VIA_YFINANCE
2026-07-24,POLYCAB,POLYCAB.NS,8907.5,8907.5,189569,YAHOO_FINANCE_VIA_YFINANCE
2026-07-24,RELIANCE,RELIANCE.NS,1278,1278,9817000,YAHOO_FINANCE_VIA_YFINANCE
2026-07-24,SBIN,SBIN.NS,1015,1015,13797053,YAHOO_FINANCE_VIA_YFINANCE
2026-07-24,SIEMENS,SIEMENS.NS,3671.75708,3689.800049,232607,YAHOO_FINANCE_VIA_YFINANCE
2026-07-24,SUNPHARMA,SUNPHARMA.NS,1941.099976,1941.099976,1578929,YAHOO_FINANCE_VIA_YFINANCE
2026-07-24,SUPREMEIND,SUPREMEIND.NS,3458.899902,3458.899902,129919,YAHOO_FINANCE_VIA_YFINANCE
2026-07-24,TATAMOTORS,TMPV.NS,323.7999878,323.7999878,7171058,YAHOO_FINANCE_VIA_YFINANCE
2026-07-24,TCS,TCS.NS,2254.300049,2254.300049,3211699,YAHOO_FINANCE_VIA_YFINANCE
2026-07-24,TITAN,TITAN.NS,4677,4677,513858,YAHOO_FINANCE_VIA_YFINANCE
2026-07-24,TRENT,TRENT.NS,2890.5,2890.5,654165,YAHOO_FINANCE_VIA_YFINANCE
2026-07-24,ULTRACEMCO,ULTRACEMCO.NS,11609.04102,11846,229015,YAHOO_FINANCE_VIA_YFINANCE
2026-07-24,VOLTAS,VOLTAS.NS,1327.300049,1327.300049,569448,YAHOO_FINANCE_VIA_YFINANCE
2026-07-27,ABB,ABB.NS,7242.241211,7327.5,370848,YAHOO_FINANCE_VIA_YFINANCE
2026-07-27,APLAPOLLO,APLAPOLLO.NS,1849.900024,1849.900024,282780,YAHOO_FINANCE_VIA_YFINANCE
2026-07-27,APOLLOHOSP,APOLLOHOSP.NS,8833.216797,8843.5,135186,YAHOO_FINANCE_VIA_YFINANCE
2026-07-27,ASIANPAINT,ASIANPAINT.NS,2710.199951,2710.199951,715239,YAHOO_FINANCE_VIA_YFINANCE
2026-07-27,ASTRAL,ASTRAL.NS,1463.498291,1465.800049,385986,YAHOO_FINANCE_VIA_YFINANCE
2026-07-27,AXISBANK,AXISBANK.NS,1227.5,1227.5,5967502,YAHOO_FINANCE_VIA_YFINANCE
2026-07-27,BAJFINANCE,BAJFINANCE.NS,1048.300049,1048.300049,7610916,YAHOO_FINANCE_VIA_YFINANCE
2026-07-27,BALKRISIND,BALKRISIND.NS,2021.949463,2025.199951,177608,YAHOO_FINANCE_VIA_YFINANCE
2026-07-27,BANKBARODA,BANKBARODA.NS,244,244,14707217,YAHOO_FINANCE_VIA_YFINANCE
2026-07-27,BANKNIFTY,^NSEBANK,57087.19922,57087.19922,398400,YAHOO_FINANCE_VIA_YFINANCE
2026-07-27,BEL,BEL.NS,406.5980225,407.1499939,9683515,YAHOO_FINANCE_VIA_YFINANCE
2026-07-27,BHARTIARTL,BHARTIARTL.NS,1905.300049,1905.300049,5230299,YAHOO_FINANCE_VIA_YFINANCE
2026-07-27,CIPLA,CIPLA.NS,1409.400024,1409.400024,1162030,YAHOO_FINANCE_VIA_YFINANCE
2026-07-27,COFORGE,COFORGE.NS,1521.356201,1528.400024,3779933,YAHOO_FINANCE_VIA_YFINANCE
2026-07-27,CROMPTON,CROMPTON.NS,249.1000061,249.1000061,2359921,YAHOO_FINANCE_VIA_YFINANCE
2026-07-27,CUMMINSIND,CUMMINSIND.NS,5629.5,5629.5,343112,YAHOO_FINANCE_VIA_YFINANCE
2026-07-27,DEEPAKNTR,DEEPAKNTR.NS,1678.900024,1678.900024,95397,YAHOO_FINANCE_VIA_YFINANCE
2026-07-27,DIXON,DIXON.NS,13810,13810,205726,YAHOO_FINANCE_VIA_YFINANCE
2026-07-27,DRREDDY,DRREDDY.NS,1150.800049,1150.800049,1053461,YAHOO_FINANCE_VIA_YFINANCE
2026-07-27,ESCORTS,ESCORTS.NS,2954.100098,2954.100098,53545,YAHOO_FINANCE_VIA_YFINANCE
2026-07-27,FEDERALBNK,FEDERALBNK.NS,355.2862244,356.5,6585012,YAHOO_FINANCE_VIA_YFINANCE
2026-07-27,HAL,HAL.NS,4609.65918,4619,694103,YAHOO_FINANCE_VIA_YFINANCE
2026-07-27,HDFCBANK,HDFCBANK.NS,739.5499878,739.5499878,29678752,YAHOO_FINANCE_VIA_YFINANCE
2026-07-27,HINDUNILVR,HINDUNILVR.NS,2174.600098,2174.600098,698681,YAHOO_FINANCE_VIA_YFINANCE
2026-07-27,ICICIBANK,ICICIBANK.NS,1433.613892,1445.699951,10608300,YAHOO_FINANCE_VIA_YFINANCE
2026-07-27,IDFCFIRSTB,IDFCFIRSTB.NS,84.63137817,84.87999725,177923165,YAHOO_FINANCE_VIA_YFINANCE
2026-07-27,INDUSINDBK,INDUSINDBK.NS,1006.650024,1006.650024,1979222,YAHOO_FINANCE_VIA_YFINANCE
2026-07-27,INFY,INFY.NS,1079.199951,1079.199951,15956349,YAHOO_FINANCE_VIA_YFINANCE
2026-07-27,KAYNES,KAYNES.NS,3181.300049,3181.300049,614724,YAHOO_FINANCE_VIA_YFINANCE
2026-07-27,KEI,KEI.NS,4873,4873,136296,YAHOO_FINANCE_VIA_YFINANCE
2026-07-27,KOTAKBANK,KOTAKBANK.NS,384.6499939,384.6499939,16710096,YAHOO_FINANCE_VIA_YFINANCE
2026-07-27,KPITTECH,KPITTECH.NS,580.2999878,585.2000122,5068869,YAHOO_FINANCE_VIA_YFINANCE
2026-07-27,LALPATHLAB,LALPATHLAB.NS,1822.346802,1827.199951,2106429,YAHOO_FINANCE_VIA_YFINANCE
2026-07-27,LT,LT.NS,3806,3806,1454211,YAHOO_FINANCE_VIA_YFINANCE
2026-07-27,M&M,M&M.NS,3238.600098,3238.600098,2264570,YAHOO_FINANCE_VIA_YFINANCE
2026-07-27,MARUTI,MARUTI.NS,13593.48047,13730,333477,YAHOO_FINANCE_VIA_YFINANCE
2026-07-27,MAXHEALTH,MAXHEALTH.NS,1114.599976,1114.599976,1759824,YAHOO_FINANCE_VIA_YFINANCE
2026-07-27,NIFTY,^NSEI,23995.94922,23995.94922,319400,YAHOO_FINANCE_VIA_YFINANCE
2026-07-27,PERSISTENT,PERSISTENT.NS,5268.200195,5268.200195,557415,YAHOO_FINANCE_VIA_YFINANCE
2026-07-27,PIIND,PIIND.NS,2732.79126,2742.600098,72244,YAHOO_FINANCE_VIA_YFINANCE
2026-07-27,POLYCAB,POLYCAB.NS,9010,9010,232047,YAHOO_FINANCE_VIA_YFINANCE
2026-07-27,RELIANCE,RELIANCE.NS,1280,1280,7163132,YAHOO_FINANCE_VIA_YFINANCE
2026-07-27,SBIN,SBIN.NS,1020.599976,1020.599976,6093002,YAHOO_FINANCE_VIA_YFINANCE
2026-07-27,SIEMENS,SIEMENS.NS,3699.819092,3718,273869,YAHOO_FINANCE_VIA_YFINANCE
2026-07-27,SUNPHARMA,SUNPHARMA.NS,1973.699951,1973.699951,5414380,YAHOO_FINANCE_VIA_YFINANCE
2026-07-27,SUPREMEIND,SUPREMEIND.NS,3338.199951,3338.199951,184892,YAHOO_FINANCE_VIA_YFINANCE
2026-07-27,TATAMOTORS,TMPV.NS,327.6499939,327.6499939,4777294,YAHOO_FINANCE_VIA_YFINANCE
2026-07-27,TCS,TCS.NS,2295.600098,2295.600098,4007292,YAHOO_FINANCE_VIA_YFINANCE
2026-07-27,TITAN,TITAN.NS,4740.100098,4740.100098,500721,YAHOO_FINANCE_VIA_YFINANCE
2026-07-27,TRENT,TRENT.NS,2938.300049,2938.300049,789065,YAHOO_FINANCE_VIA_YFINANCE
2026-07-27,ULTRACEMCO,ULTRACEMCO.NS,11643.34082,11881,250956,YAHOO_FINANCE_VIA_YFINANCE
2026-07-27,VOLTAS,VOLTAS.NS,1319.300049,1319.300049,314808,YAHOO_FINANCE_VIA_YFINANCE
2026-07-28,ABB,ABB.NS,7159.21875,7243.5,293933,YAHOO_FINANCE_VIA_YFINANCE
2026-07-28,APLAPOLLO,APLAPOLLO.NS,1846.699951,1846.699951,340964,YAHOO_FINANCE_VIA_YFINANCE
2026-07-28,APOLLOHOSP,APOLLOHOSP.NS,8892.647461,8903,167309,YAHOO_FINANCE_VIA_YFINANCE
2026-07-28,ASIANPAINT,ASIANPAINT.NS,2736.199951,2736.199951,1282146,YAHOO_FINANCE_VIA_YFINANCE
2026-07-28,ASTRAL,ASTRAL.NS,1469.089478,1471.400024,356512,YAHOO_FINANCE_VIA_YFINANCE
2026-07-28,AXISBANK,AXISBANK.NS,1223.5,1223.5,6093182,YAHOO_FINANCE_VIA_YFINANCE
2026-07-28,BAJFINANCE,BAJFINANCE.NS,1048.400024,1048.400024,4726447,YAHOO_FINANCE_VIA_YFINANCE
2026-07-28,BALKRISIND,BALKRISIND.NS,2009.96875,2013.199951,152769,YAHOO_FINANCE_VIA_YFINANCE
2026-07-28,BANKBARODA,BANKBARODA.NS,239.1999969,239.1999969,8526492,YAHOO_FINANCE_VIA_YFINANCE
2026-07-28,BANKNIFTY,^NSEBANK,56755.60156,56755.60156,282600,YAHOO_FINANCE_VIA_YFINANCE
2026-07-28,BEL,BEL.NS,388.4726257,389,35317783,YAHOO_FINANCE_VIA_YFINANCE
2026-07-28,BHARTIARTL,BHARTIARTL.NS,1901.800049,1901.800049,6309089,YAHOO_FINANCE_VIA_YFINANCE
2026-07-28,CIPLA,CIPLA.NS,1444.599976,1444.599976,1621735,YAHOO_FINANCE_VIA_YFINANCE
2026-07-28,COFORGE,COFORGE.NS,1678.229736,1686,15625771,YAHOO_FINANCE_VIA_YFINANCE
2026-07-28,CROMPTON,CROMPTON.NS,247.3999939,247.3999939,2095634,YAHOO_FINANCE_VIA_YFINANCE
2026-07-28,CUMMINSIND,CUMMINSIND.NS,5455.5,5455.5,573652,YAHOO_FINANCE_VIA_YFINANCE
2026-07-28,DEEPAKNTR,DEEPAKNTR.NS,1651.300049,1651.300049,75838,YAHOO_FINANCE_VIA_YFINANCE
2026-07-28,DIXON,DIXON.NS,13903,13903,177372,YAHOO_FINANCE_VIA_YFINANCE
2026-07-28,DRREDDY,DRREDDY.NS,1135.599976,1135.599976,2157306,YAHOO_FINANCE_VIA_YFINANCE
2026-07-28,ESCORTS,ESCORTS.NS,3009.899902,3009.899902,219717,YAHOO_FINANCE_VIA_YFINANCE
2026-07-28,FEDERALBNK,FEDERALBNK.NS,356.0336609,357.25,6332047,YAHOO_FINANCE_VIA_YFINANCE
2026-07-28,HAL,HAL.NS,4590.797363,4600.100098,684639,YAHOO_FINANCE_VIA_YFINANCE
2026-07-28,HDFCBANK,HDFCBANK.NS,735.4000244,735.4000244,33886037,YAHOO_FINANCE_VIA_YFINANCE
2026-07-28,HINDUNILVR,HINDUNILVR.NS,2022.699951,2022.699951,9947304,YAHOO_FINANCE_VIA_YFINANCE
2026-07-28,ICICIBANK,ICICIBANK.NS,1418.838501,1430.800049,19486209,YAHOO_FINANCE_VIA_YFINANCE
2026-07-28,IDFCFIRSTB,IDFCFIRSTB.NS,85.4988327,85.75,51450994,YAHOO_FINANCE_VIA_YFINANCE
2026-07-28,INDUSINDBK,INDUSINDBK.NS,991.9500122,991.9500122,1643112,YAHOO_FINANCE_VIA_YFINANCE
2026-07-28,INFY,INFY.NS,1105.699951,1105.699951,28100895,YAHOO_FINANCE_VIA_YFINANCE
2026-07-28,KAYNES,KAYNES.NS,3227.699951,3227.699951,647430,YAHOO_FINANCE_VIA_YFINANCE
2026-07-28,KEI,KEI.NS,4843,4843,278239,YAHOO_FINANCE_VIA_YFINANCE
2026-07-28,KOTAKBANK,KOTAKBANK.NS,385.2999878,385.2999878,14247981,YAHOO_FINANCE_VIA_YFINANCE
2026-07-28,KPITTECH,KPITTECH.NS,597.4055786,602.4500122,8904454,YAHOO_FINANCE_VIA_YFINANCE
2026-07-28,LALPATHLAB,LALPATHLAB.NS,1800.405273,1805.199951,379442,YAHOO_FINANCE_VIA_YFINANCE
2026-07-28,LT,LT.NS,3832,3832,1702441,YAHOO_FINANCE_VIA_YFINANCE
2026-07-28,M&M,M&M.NS,3271.199951,3271.199951,2208579,YAHOO_FINANCE_VIA_YFINANCE
2026-07-28,MARUTI,MARUTI.NS,13664.76367,13802,481068,YAHOO_FINANCE_VIA_YFINANCE
2026-07-28,MAXHEALTH,MAXHEALTH.NS,1104.800049,1104.800049,1123951,YAHOO_FINANCE_VIA_YFINANCE
2026-07-28,NIFTY,^NSEI,23985.34961,23985.34961,437800,YAHOO_FINANCE_VIA_YFINANCE
2026-07-28,PERSISTENT,PERSISTENT.NS,5428.399902,5428.399902,1045445,YAHOO_FINANCE_VIA_YFINANCE
2026-07-28,PIIND,PIIND.NS,2696.919922,2706.600098,140120,YAHOO_FINANCE_VIA_YFINANCE
2026-07-28,POLYCAB,POLYCAB.NS,9121.5,9121.5,442150,YAHOO_FINANCE_VIA_YFINANCE
2026-07-28,RELIANCE,RELIANCE.NS,1267.699951,1267.699951,9312184,YAHOO_FINANCE_VIA_YFINANCE
2026-07-28,SBIN,SBIN.NS,1013.200012,1013.200012,9873370,YAHOO_FINANCE_VIA_YFINANCE
2026-07-28,SIEMENS,SIEMENS.NS,3663,3681,337464,YAHOO_FINANCE_VIA_YFINANCE
2026-07-28,SUNPHARMA,SUNPHARMA.NS,1976.699951,1976.699951,4579529,YAHOO_FINANCE_VIA_YFINANCE
2026-07-28,SUPREMEIND,SUPREMEIND.NS,3395.399902,3395.399902,704099,YAHOO_FINANCE_VIA_YFINANCE
2026-07-28,TATAMOTORS,TMPV.NS,324.3999939,324.3999939,6650930,YAHOO_FINANCE_VIA_YFINANCE
2026-07-28,TCS,TCS.NS,2398,2398,8248513,YAHOO_FINANCE_VIA_YFINANCE
2026-07-28,TITAN,TITAN.NS,4849.700195,4849.700195,1321587,YAHOO_FINANCE_VIA_YFINANCE
2026-07-28,TRENT,TRENT.NS,2930.699951,2930.699951,514388,YAHOO_FINANCE_VIA_YFINANCE
2026-07-28,ULTRACEMCO,ULTRACEMCO.NS,11716.83984,11956,406573,YAHOO_FINANCE_VIA_YFINANCE
2026-07-28,VOLTAS,VOLTAS.NS,1311.099976,1311.099976,280794,YAHOO_FINANCE_VIA_YFINANCE
2026-07-29,ABB,ABB.NS,7225.439453,7310.5,570622,YAHOO_FINANCE_VIA_YFINANCE
2026-07-29,APLAPOLLO,APLAPOLLO.NS,1869.800049,1869.800049,349697,YAHOO_FINANCE_VIA_YFINANCE
2026-07-29,APOLLOHOSP,APOLLOHOSP.NS,8924.610352,8935,164862,YAHOO_FINANCE_VIA_YFINANCE
2026-07-29,ASIANPAINT,ASIANPAINT.NS,2758.399902,2758.399902,3803474,YAHOO_FINANCE_VIA_YFINANCE
2026-07-29,ASTRAL,ASTRAL.NS,1473.981689,1476.300049,187215,YAHOO_FINANCE_VIA_YFINANCE
2026-07-29,AXISBANK,AXISBANK.NS,1235.400024,1235.400024,10110233,YAHOO_FINANCE_VIA_YFINANCE
2026-07-29,BAJFINANCE,BAJFINANCE.NS,1054.400024,1054.400024,6444368,YAHOO_FINANCE_VIA_YFINANCE
2026-07-29,BALKRISIND,BALKRISIND.NS,2078.358643,2081.699951,143039,YAHOO_FINANCE_VIA_YFINANCE
2026-07-29,BANKBARODA,BANKBARODA.NS,243.3500061,243.3500061,10011406,YAHOO_FINANCE_VIA_YFINANCE
2026-07-29,BANKNIFTY,^NSEBANK,57205.89844,57205.89844,176200,YAHOO_FINANCE_VIA_YFINANCE
2026-07-29,BEL,BEL.NS,387.0245972,387.5499878,32630643,YAHOO_FINANCE_VIA_YFINANCE
2026-07-29,BHARTIARTL,BHARTIARTL.NS,1950.199951,1950.199951,6315728,YAHOO_FINANCE_VIA_YFINANCE
2026-07-29,CIPLA,CIPLA.NS,1474.300049,1474.300049,2192262,YAHOO_FINANCE_VIA_YFINANCE
2026-07-29,COFORGE,COFORGE.NS,1706.996582,1714.900024,8196676,YAHOO_FINANCE_VIA_YFINANCE
2026-07-29,CROMPTON,CROMPTON.NS,264.25,264.25,6188364,YAHOO_FINANCE_VIA_YFINANCE
2026-07-29,CUMMINSIND,CUMMINSIND.NS,5383,5383,453704,YAHOO_FINANCE_VIA_YFINANCE
2026-07-29,DEEPAKNTR,DEEPAKNTR.NS,1674.599976,1674.599976,54921,YAHOO_FINANCE_VIA_YFINANCE
2026-07-29,DIXON,DIXON.NS,14275,14275,423218,YAHOO_FINANCE_VIA_YFINANCE
2026-07-29,DRREDDY,DRREDDY.NS,1142.300049,1142.300049,1280586,YAHOO_FINANCE_VIA_YFINANCE
2026-07-29,ESCORTS,ESCORTS.NS,3016.800049,3016.800049,131827,YAHOO_FINANCE_VIA_YFINANCE
2026-07-29,FEDERALBNK,FEDERALBNK.NS,357.9271851,359.1499939,5713345,YAHOO_FINANCE_VIA_YFINANCE
2026-07-29,HAL,HAL.NS,4582.713867,4592,495981,YAHOO_FINANCE_VIA_YFINANCE
2026-07-29,HDFCBANK,HDFCBANK.NS,748.2000122,748.2000122,20460659,YAHOO_FINANCE_VIA_YFINANCE
2026-07-29,HINDUNILVR,HINDUNILVR.NS,2117.800049,2117.800049,5183374,YAHOO_FINANCE_VIA_YFINANCE
2026-07-29,ICICIBANK,ICICIBANK.NS,1425.87915,1437.900024,10856166,YAHOO_FINANCE_VIA_YFINANCE
2026-07-29,IDFCFIRSTB,IDFCFIRSTB.NS,84.77096558,85.01999664,19050886,YAHOO_FINANCE_VIA_YFINANCE
2026-07-29,INDUSINDBK,INDUSINDBK.NS,1012.299988,1012.299988,1232625,YAHOO_FINANCE_VIA_YFINANCE
2026-07-29,INFY,INFY.NS,1155.599976,1155.599976,34400369,YAHOO_FINANCE_VIA_YFINANCE
2026-07-29,KAYNES,KAYNES.NS,3638.600098,3638.600098,6028689,YAHOO_FINANCE_VIA_YFINANCE
2026-07-29,KEI,KEI.NS,4853.5,4853.5,207369,YAHOO_FINANCE_VIA_YFINANCE
2026-07-29,KOTAKBANK,KOTAKBANK.NS,390.2000122,390.2000122,9190194,YAHOO_FINANCE_VIA_YFINANCE
2026-07-29,KPITTECH,KPITTECH.NS,633.4016113,638.75,28550031,YAHOO_FINANCE_VIA_YFINANCE
2026-07-29,LALPATHLAB,LALPATHLAB.NS,1877.5,1882.5,1040066,YAHOO_FINANCE_VIA_YFINANCE
2026-07-29,LT,LT.NS,3931.399902,3931.399902,3115802,YAHOO_FINANCE_VIA_YFINANCE
2026-07-29,M&M,M&M.NS,3221.800049,3221.800049,3693381,YAHOO_FINANCE_VIA_YFINANCE
2026-07-29,MARUTI,MARUTI.NS,13809.3125,13948,515674,YAHOO_FINANCE_VIA_YFINANCE
2026-07-29,MAXHEALTH,MAXHEALTH.NS,1111.400024,1111.400024,1417989,YAHOO_FINANCE_VIA_YFINANCE
2026-07-29,NIFTY,^NSEI,24250.19922,24250.19922,424200,YAHOO_FINANCE_VIA_YFINANCE
2026-07-29,PERSISTENT,PERSISTENT.NS,5483.299805,5483.299805,563293,YAHOO_FINANCE_VIA_YFINANCE
2026-07-29,PIIND,PIIND.NS,2744.050537,2753.899902,260551,YAHOO_FINANCE_VIA_YFINANCE
2026-07-29,POLYCAB,POLYCAB.NS,9047,9047,233061,YAHOO_FINANCE_VIA_YFINANCE
2026-07-29,RELIANCE,RELIANCE.NS,1275.900024,1275.900024,9448307,YAHOO_FINANCE_VIA_YFINANCE
2026-07-29,SBIN,SBIN.NS,1013.700012,1013.700012,4792964,YAHOO_FINANCE_VIA_YFINANCE
2026-07-29,SIEMENS,SIEMENS.NS,3650.800049,3650.800049,234026,YAHOO_FINANCE_VIA_YFINANCE
2026-07-29,SUNPHARMA,SUNPHARMA.NS,1989.900024,1989.900024,2682295,YAHOO_FINANCE_VIA_YFINANCE
2026-07-29,SUPREMEIND,SUPREMEIND.NS,3479.300049,3479.300049,296570,YAHOO_FINANCE_VIA_YFINANCE
2026-07-29,TATAMOTORS,TMPV.NS,329.7999878,329.7999878,7220810,YAHOO_FINANCE_VIA_YFINANCE
2026-07-29,TCS,TCS.NS,2446.600098,2446.600098,7169419,YAHOO_FINANCE_VIA_YFINANCE
2026-07-29,TITAN,TITAN.NS,4850.200195,4850.200195,837059,YAHOO_FINANCE_VIA_YFINANCE
2026-07-29,TRENT,TRENT.NS,3005.199951,3005.199951,1012733,YAHOO_FINANCE_VIA_YFINANCE
2026-07-29,ULTRACEMCO,ULTRACEMCO.NS,11758,11998,282068,YAHOO_FINANCE_VIA_YFINANCE
2026-07-29,VOLTAS,VOLTAS.NS,1313.300049,1313.300049,322855,YAHOO_FINANCE_VIA_YFINANCE
2026-07-30,ABB,ABB.NS,7206.660156,7291.5,335960,YAHOO_FINANCE_VIA_YFINANCE
2026-07-30,APLAPOLLO,APLAPOLLO.NS,1893.099976,1893.099976,472980,YAHOO_FINANCE_VIA_YFINANCE
2026-07-30,APOLLOHOSP,APOLLOHOSP.NS,8977.548828,8988,263013,YAHOO_FINANCE_VIA_YFINANCE
2026-07-30,ASIANPAINT,ASIANPAINT.NS,2746.199951,2746.199951,2387024,YAHOO_FINANCE_VIA_YFINANCE
2026-07-30,ASTRAL,ASTRAL.NS,1469.588623,1471.900024,574874,YAHOO_FINANCE_VIA_YFINANCE
2026-07-30,AXISBANK,AXISBANK.NS,1228.900024,1228.900024,6878684,YAHOO_FINANCE_VIA_YFINANCE
2026-07-30,BAJFINANCE,BAJFINANCE.NS,1053.5,1053.5,9866564,YAHOO_FINANCE_VIA_YFINANCE
2026-07-30,BALKRISIND,BALKRISIND.NS,2303.197266,2306.899902,4223176,YAHOO_FINANCE_VIA_YFINANCE
2026-07-30,BANKBARODA,BANKBARODA.NS,241.6499939,241.6499939,9423237,YAHOO_FINANCE_VIA_YFINANCE
2026-07-30,BANKNIFTY,^NSEBANK,57147.5,57147.5,202900,YAHOO_FINANCE_VIA_YFINANCE
2026-07-30,BEL,BEL.NS,384.3781738,384.8999939,16521484,YAHOO_FINANCE_VIA_YFINANCE
2026-07-30,BHARTIARTL,BHARTIARTL.NS,1956.800049,1956.800049,5356472,YAHOO_FINANCE_VIA_YFINANCE
2026-07-30,CIPLA,CIPLA.NS,1466.400024,1466.400024,833068,YAHOO_FINANCE_VIA_YFINANCE
2026-07-30,COFORGE,COFORGE.NS,1738.849121,1746.900024,5650262,YAHOO_FINANCE_VIA_YFINANCE
2026-07-30,CROMPTON,CROMPTON.NS,260.2999878,260.2999878,2147388,YAHOO_FINANCE_VIA_YFINANCE
2026-07-30,CUMMINSIND,CUMMINSIND.NS,5396,5396,297096,YAHOO_FINANCE_VIA_YFINANCE
2026-07-30,DEEPAKNTR,DEEPAKNTR.NS,1643.900024,1643.900024,114821,YAHOO_FINANCE_VIA_YFINANCE
2026-07-30,DIXON,DIXON.NS,14338,14338,399091,YAHOO_FINANCE_VIA_YFINANCE
2026-07-30,DRREDDY,DRREDDY.NS,1144.800049,1144.800049,1350714,YAHOO_FINANCE_VIA_YFINANCE
2026-07-30,ESCORTS,ESCORTS.NS,3013.600098,3013.600098,40080,YAHOO_FINANCE_VIA_YFINANCE
2026-07-30,FEDERALBNK,FEDERALBNK.NS,352.9442139,354.1499939,6259452,YAHOO_FINANCE_VIA_YFINANCE
2026-07-30,HAL,HAL.NS,4572.135254,4581.399902,606007,YAHOO_FINANCE_VIA_YFINANCE
2026-07-30,HDFCBANK,HDFCBANK.NS,753.9500122,753.9500122,35844392,YAHOO_FINANCE_VIA_YFINANCE
2026-07-30,HINDUNILVR,HINDUNILVR.NS,2107.899902,2107.899902,2602039,YAHOO_FINANCE_VIA_YFINANCE
2026-07-30,ICICIBANK,ICICIBANK.NS,1421.912598,1433.900024,14141173,YAHOO_FINANCE_VIA_YFINANCE
2026-07-30,IDFCFIRSTB,IDFCFIRSTB.NS,84.51173401,84.76000214,19103686,YAHOO_FINANCE_VIA_YFINANCE
2026-07-30,INDUSINDBK,INDUSINDBK.NS,1011.450012,1011.450012,1237239,YAHOO_FINANCE_VIA_YFINANCE
2026-07-30,INFY,INFY.NS,1155.099976,1155.099976,22630218,YAHOO_FINANCE_VIA_YFINANCE
2026-07-30,KAYNES,KAYNES.NS,3621.5,3621.5,2012637,YAHOO_FINANCE_VIA_YFINANCE
2026-07-30,KEI,KEI.NS,4799.5,4799.5,343360,YAHOO_FINANCE_VIA_YFINANCE
2026-07-30,KOTAKBANK,KOTAKBANK.NS,389.3999939,389.3999939,12205963,YAHOO_FINANCE_VIA_YFINANCE
2026-07-30,KPITTECH,KPITTECH.NS,584.8118896,589.75,15706759,YAHOO_FINANCE_VIA_YFINANCE
2026-07-30,LALPATHLAB,LALPATHLAB.NS,1878.800049,1878.800049,609085,YAHOO_FINANCE_VIA_YFINANCE
2026-07-30,LT,LT.NS,3937.699951,3937.699951,2141252,YAHOO_FINANCE_VIA_YFINANCE
2026-07-30,M&M,M&M.NS,3283.699951,3283.699951,4851980,YAHOO_FINANCE_VIA_YFINANCE
2026-07-30,MARUTI,MARUTI.NS,14046.92578,14188,626000,YAHOO_FINANCE_VIA_YFINANCE
2026-07-30,MAXHEALTH,MAXHEALTH.NS,1124.800049,1124.800049,1610692,YAHOO_FINANCE_VIA_YFINANCE
2026-07-30,NIFTY,^NSEI,24317.15039,24317.15039,400600,YAHOO_FINANCE_VIA_YFINANCE
2026-07-30,PERSISTENT,PERSISTENT.NS,5514.700195,5514.700195,1194100,YAHOO_FINANCE_VIA_YFINANCE
2026-07-30,PIIND,PIIND.NS,2767.366943,2777.300049,124403,YAHOO_FINANCE_VIA_YFINANCE
2026-07-30,POLYCAB,POLYCAB.NS,8896,8896,366876,YAHOO_FINANCE_VIA_YFINANCE
2026-07-30,RELIANCE,RELIANCE.NS,1292.900024,1292.900024,12158451,YAHOO_FINANCE_VIA_YFINANCE
2026-07-30,SBIN,SBIN.NS,1025.300049,1025.300049,6847458,YAHOO_FINANCE_VIA_YFINANCE
2026-07-30,SIEMENS,SIEMENS.NS,3658.800049,3658.800049,214869,YAHOO_FINANCE_VIA_YFINANCE
2026-07-30,SUNPHARMA,SUNPHARMA.NS,2001.099976,2001.099976,2224264,YAHOO_FINANCE_VIA_YFINANCE
2026-07-30,SUPREMEIND,SUPREMEIND.NS,3459.899902,3459.899902,127628,YAHOO_FINANCE_VIA_YFINANCE
2026-07-30,TATAMOTORS,TMPV.NS,334.2000122,334.2000122,6078600,YAHOO_FINANCE_VIA_YFINANCE
2026-07-30,TCS,TCS.NS,2431.800049,2431.800049,4901582,YAHOO_FINANCE_VIA_YFINANCE
2026-07-30,TITAN,TITAN.NS,4850,4850,777361,YAHOO_FINANCE_VIA_YFINANCE
2026-07-30,TRENT,TRENT.NS,2999.199951,2999.199951,806910,YAHOO_FINANCE_VIA_YFINANCE
2026-07-30,ULTRACEMCO,ULTRACEMCO.NS,11847,11847,291418,YAHOO_FINANCE_VIA_YFINANCE
2026-07-30,VOLTAS,VOLTAS.NS,1333.199951,1333.199951,586337,YAHOO_FINANCE_VIA_YFINANCE
